year,dir,net,sym,chain
2020,1,1.8674521105735795,BTCUSDT,break
2020,1,-1.05381953638217,BTCUSDT,break
2020,1,-1.180192432465841,BTCUSDT,break
2020,1,1.871942628504709,BTCUSDT,break
2020,1,1.8683824721175133,BTCUSDT,break
2020,-1,-1.0855775953453632,BTCUSDT,break
2020,1,1.8893774159778758,BTCUSDT,break
2020,1,1.8223174171158136,BTCUSDT,break
2020,1,1.7664659822214706,BTCUSDT,break
2020,1,1.8528301141243106,BTCUSDT,break
2020,-1,-1.0889885217945119,BTCUSDT,break
2020,-1,-1.1525973055359906,BTCUSDT,break
2020,1,-1.096633622950287,BTCUSDT,break
2020,-1,1.945982721632638,BTCUSDT,break
2020,1,-1.2488202102952592,BTCUSDT,break
2020,1,1.8625674805107715,BTCUSDT,break
2020,1,-1.153738606220336,BTCUSDT,break
2020,-1,-1.0230590276941156,BTCUSDT,break
2020,1,0.6790308012489583,BTCUSDT,break
2020,1,-1.058782759245518,BTCUSDT,break
2020,1,1.9054043024126408,BTCUSDT,break
2020,1,-1.102531028595817,BTCUSDT,break
2020,-1,-1.0983268942063076,BTCUSDT,break
2020,1,-1.1127508495274734,BTCUSDT,break
2020,1,1.8530500743668337,BTCUSDT,break
2020,1,1.8633673445683103,BTCUSDT,break
2020,1,1.8168856336497325,BTCUSDT,break
2020,1,1.848836472512284,BTCUSDT,break
2020,1,-1.068205583333217,BTCUSDT,break
2020,1,1.9616124705271636,BTCUSDT,break
2020,1,-1.0486006727173498,BTCUSDT,break
2020,1,1.9309411614190637,BTCUSDT,break
2020,1,-1.1027468318792988,BTCUSDT,break
2020,1,-1.0831062461627843,BTCUSDT,break
2020,-1,1.798213986988168,BTCUSDT,break
2020,-1,1.9216020147289992,BTCUSDT,break
2020,-1,-1.1538949897327042,BTCUSDT,break
2020,-1,-1.101669270868979,BTCUSDT,break
2020,1,-1.2060664301530453,BTCUSDT,break
2020,1,0.8243002820179971,BTCUSDT,break
2020,1,-1.225378397797747,BTCUSDT,break
2020,-1,-1.095989359501078,BTCUSDT,break
2020,1,-1.1476371262168008,BTCUSDT,break
2020,1,-1.2678077758298987,BTCUSDT,break
2020,-1,-1.2157732335029618,BTCUSDT,break
2020,-1,-1.1110416865401125,BTCUSDT,break
2020,1,-1.4562828414416618,BTCUSDT,break
2020,-1,-1.245107489259343,BTCUSDT,break
2020,1,1.8143219520051534,BTCUSDT,break
2020,1,-1.2723609016752,BTCUSDT,break
2020,-1,-1.1896591518184931,BTCUSDT,break
2020,-1,-1.599892639128,BTCUSDT,break
2020,-1,-1.6350121717462023,BTCUSDT,break
2020,1,1.7256614789306677,BTCUSDT,break
2020,1,1.896488268632377,BTCUSDT,break
2020,1,-1.0506726896547829,BTCUSDT,break
2020,1,-1.059103350040394,BTCUSDT,break
2020,-1,-1.159709432297184,BTCUSDT,break
2020,1,1.7819289507367548,BTCUSDT,break
2020,1,-1.1045419689002043,BTCUSDT,break
2020,-1,-1.2343291079932976,BTCUSDT,break
2020,-1,-1.334717221856756,BTCUSDT,break
2020,-1,-1.153569556264687,BTCUSDT,break
2020,1,1.6939791984721229,BTCUSDT,break
2020,1,-1.0662161395424874,BTCUSDT,break
2020,1,-1.2256623446966215,BTCUSDT,break
2020,1,-1.291736350982688,BTCUSDT,break
2020,1,-1.207989662638499,BTCUSDT,break
2020,-1,-1.1472472463556693,BTCUSDT,break
2020,1,1.7835832658892714,BTCUSDT,break
2020,1,-1.4329996735675397,BTCUSDT,break
2020,-1,-1.3342685291036538,BTCUSDT,break
2020,1,-1.3225769925664468,BTCUSDT,break
2020,-1,-1.4137144272459687,BTCUSDT,break
2020,-1,1.6284081520543225,BTCUSDT,break
2020,-1,-1.3078753699991081,BTCUSDT,break
2020,1,-1.1826614340150463,BTCUSDT,break
2020,1,-1.1223843407189473,BTCUSDT,break
2020,1,1.929968189654105,BTCUSDT,break
2020,1,-1.1885141088295048,BTCUSDT,break
2020,1,1.8077715046231442,BTCUSDT,break
2020,1,1.9271086735816982,BTCUSDT,break
2020,1,-1.1099737468280817,BTCUSDT,break
2020,1,-1.0929066525325275,BTCUSDT,break
2020,1,1.8589512861443522,BTCUSDT,break
2020,-1,-1.1815505210752002,BTCUSDT,break
2020,-1,-1.0946844916605316,BTCUSDT,break
2020,-1,-1.1884490505417813,BTCUSDT,break
2020,1,1.886166424323689,BTCUSDT,break
2020,-1,-1.0474917951129112,BTCUSDT,break
2020,1,1.9154693297027636,BTCUSDT,break
2020,1,-1.0381907383305857,BTCUSDT,break
2021,1,1.8743715576971702,BTCUSDT,break
2021,1,1.926986340654233,BTCUSDT,break
2021,1,-1.0456848772148841,BTCUSDT,break
2021,1,1.9503655172018652,BTCUSDT,break
2021,1,-1.032533550689617,BTCUSDT,break
2021,1,-1.0358795699335284,BTCUSDT,break
2021,1,-1.0681334267834999,BTCUSDT,break
2021,1,-1.0712416655543386,BTCUSDT,break
2021,-1,1.9492062974630227,BTCUSDT,break
2021,-1,1.9149907729578646,BTCUSDT,break
2021,1,-1.1431511419621954,BTCUSDT,break
2021,-1,-1.0399936987769391,BTCUSDT,break
2021,1,-1.0356363508124717,BTCUSDT,break
2021,1,-1.0605025658090548,BTCUSDT,break
2021,1,-1.0927147421489682,BTCUSDT,break
2021,1,1.9026458910495345,BTCUSDT,break
2021,1,-1.0877182751602168,BTCUSDT,break
2021,-1,1.9495127800782024,BTCUSDT,break
2021,-1,-1.0395995352078429,BTCUSDT,break
2021,-1,-1.0718602566931899,BTCUSDT,break
2021,-1,-1.0974776713591665,BTCUSDT,break
2021,1,1.907834385955011,BTCUSDT,break
2021,1,1.8680359125559847,BTCUSDT,break
2021,1,-1.0930211781001928,BTCUSDT,break
2021,1,-1.1153055006611015,BTCUSDT,break
2021,1,1.941425905883049,BTCUSDT,break
2021,1,-1.1090064359514151,BTCUSDT,break
2021,1,-1.0874473322291984,BTCUSDT,break
2021,1,-1.082513746172651,BTCUSDT,break
2021,-1,-1.1014696113633338,BTCUSDT,break
2021,-1,-1.1121230205622747,BTCUSDT,break
2021,-1,-1.0695697273577014,BTCUSDT,break
2021,-1,-1.0609034843956633,BTCUSDT,break
2021,1,-1.1867840947204344,BTCUSDT,break
2021,1,-1.0965681337695723,BTCUSDT,break
2021,-1,-1.108310035442676,BTCUSDT,break
2021,-1,-1.1765283652643581,BTCUSDT,break
2021,1,1.9255822339299926,BTCUSDT,break
2021,1,-1.11353631485876,BTCUSDT,break
2021,-1,-1.182226888683903,BTCUSDT,break
2021,-1,-1.1081776778109815,BTCUSDT,break
2021,1,-1.1189733976352274,BTCUSDT,break
2021,1,-1.1247097838339486,BTCUSDT,break
2021,-1,1.9006339679543702,BTCUSDT,break
2021,-1,1.8436129368372962,BTCUSDT,break
2021,1,-1.1272451705087683,BTCUSDT,break
2021,1,-1.1195209418808187,BTCUSDT,break
2021,-1,-1.0980971658813599,BTCUSDT,break
2021,-1,-1.1475204709488946,BTCUSDT,break
2021,-1,1.8854976587189543,BTCUSDT,break
2021,-1,-1.030381142311657,BTCUSDT,break
2021,1,-1.0396571373435841,BTCUSDT,break
2021,1,1.9250810143303771,BTCUSDT,break
2021,1,-1.0657888488796636,BTCUSDT,break
2021,1,1.9464614327527152,BTCUSDT,break
2021,-1,-1.0366933348346827,BTCUSDT,break
2021,1,-1.1208283108196644,BTCUSDT,break
2021,1,-1.0611768638074157,BTCUSDT,break
2021,-1,-1.0961120664998003,BTCUSDT,break
2021,-1,-1.1094283437455719,BTCUSDT,break
2021,1,-1.081184430738208,BTCUSDT,break
2021,1,-1.0911838631223039,BTCUSDT,break
2021,-1,-1.0884163620839356,BTCUSDT,break
2021,-1,1.9602718473743088,BTCUSDT,break
2021,1,-1.0441991680163878,BTCUSDT,break
2021,-1,-1.1458807805447109,BTCUSDT,break
2021,1,-1.1784297342498902,BTCUSDT,break
2021,-1,1.862494609228428,BTCUSDT,break
2021,-1,1.9092600621635918,BTCUSDT,break
2021,-1,1.780659847993816,BTCUSDT,break
2021,-1,1.8343958966285563,BTCUSDT,break
2021,-1,-1.1442211273371292,BTCUSDT,break
2021,-1,-1.136269349064088,BTCUSDT,break
2021,1,-1.0983177441002563,BTCUSDT,break
2021,1,-1.0633527249938701,BTCUSDT,break
2021,-1,-1.073243716581474,BTCUSDT,break
2021,1,1.9030178437944594,BTCUSDT,break
2021,1,-1.0767653566095212,BTCUSDT,break
2021,-1,-1.198187528286472,BTCUSDT,break
2021,1,-1.0851481960310156,BTCUSDT,break
2021,-1,-1.0762857299427506,BTCUSDT,break
2021,-1,-1.1952214760377646,BTCUSDT,break
2021,1,1.8986921802760162,BTCUSDT,break
2021,-1,-1.1117087841961064,BTCUSDT,break
2021,-1,-1.1753617240242957,BTCUSDT,break
2021,1,-1.1225932672509027,BTCUSDT,break
2021,1,-1.0983592196371328,BTCUSDT,break
2021,1,1.8519805322072156,BTCUSDT,break
2021,1,-1.2406403626908569,BTCUSDT,break
2021,1,1.9002882261800162,BTCUSDT,break
2021,1,1.8678831607726512,BTCUSDT,break
2021,1,-1.1151565966452792,BTCUSDT,break
2021,1,1.9161547923553726,BTCUSDT,break
2021,1,1.887151848937844,BTCUSDT,break
2021,1,-1.1135807766302142,BTCUSDT,break
2021,1,-1.0721905343922415,BTCUSDT,break
2021,-1,-1.0577370613241235,BTCUSDT,break
2021,1,-1.1742087836023485,BTCUSDT,break
2021,1,-1.1929764774999556,BTCUSDT,break
2021,-1,1.7954469688851777,BTCUSDT,break
2021,1,-1.106632193825531,BTCUSDT,break
2021,-1,-1.2249297758423334,BTCUSDT,break
2021,1,-1.048729994857843,BTCUSDT,break
2021,1,-1.2585440961955427,BTCUSDT,break
2021,1,-1.157257102810179,BTCUSDT,break
2021,-1,-1.1068781897611144,BTCUSDT,break
2021,-1,-1.1916265157740857,BTCUSDT,break
2021,-1,-1.1720818905655572,BTCUSDT,break
2021,-1,1.9237654560739441,BTCUSDT,break
2021,-1,-1.102006346881735,BTCUSDT,break
2021,-1,-1.0477229812220583,BTCUSDT,break
2021,-1,-1.0939108333333336,BTCUSDT,break
2021,1,-1.1454887726295693,BTCUSDT,break
2021,-1,-1.0761196470840069,BTCUSDT,break
2021,1,-1.1622332154101496,BTCUSDT,break
2021,1,-1.1056549033502336,BTCUSDT,break
2021,-1,-1.0811449851433037,BTCUSDT,break
2021,-1,-1.0856845784223017,BTCUSDT,break
2021,1,1.8358484938745183,BTCUSDT,break
2021,1,1.8614099909607706,BTCUSDT,break
2021,-1,1.8510049482625368,BTCUSDT,break
2021,-1,-1.1026292970380152,BTCUSDT,break
2022,1,1.8408062219493508,BTCUSDT,break
2022,1,-1.1627868742701555,BTCUSDT,break
2022,-1,-1.216451910428305,BTCUSDT,break
2022,1,-1.153052113388152,BTCUSDT,break
2022,-1,-1.093659894933747,BTCUSDT,break
2022,1,1.9255544995301694,BTCUSDT,break
2022,1,-1.0672115026593532,BTCUSDT,break
2022,-1,-1.190538685657649,BTCUSDT,break
2022,-1,-1.1204500330437284,BTCUSDT,break
2022,-1,1.9213720977163997,BTCUSDT,break
2022,-1,-1.0442636858816616,BTCUSDT,break
2022,-1,-1.1369089238060683,BTCUSDT,break
2022,1,1.890622962359691,BTCUSDT,break
2022,1,-1.0943212096506079,BTCUSDT,break
2022,1,-1.1100282693821217,BTCUSDT,break
2022,-1,-1.0630832820043716,BTCUSDT,break
2022,1,-1.132848015185504,BTCUSDT,break
2022,-1,-1.0681558271120262,BTCUSDT,break
2022,1,-1.0870052894026345,BTCUSDT,break
2022,-1,-1.142285245817894,BTCUSDT,break
2022,1,-1.2425625860067055,BTCUSDT,break
2022,-1,-1.1109086514767308,BTCUSDT,break
2022,1,1.8904939902659414,BTCUSDT,break
2022,1,-1.2538827247322413,BTCUSDT,break
2022,-1,-1.2101662855942397,BTCUSDT,break
2022,1,-1.2252432429010864,BTCUSDT,break
2022,-1,-1.141579021934782,BTCUSDT,break
2022,-1,-1.2837711388779203,BTCUSDT,break
2022,1,-1.264917416854939,BTCUSDT,break
2022,1,-1.0904343009113437,BTCUSDT,break
2022,1,-1.0876890321401251,BTCUSDT,break
2022,-1,-1.0200754199562532,BTCUSDT,break
2022,1,-1.1239765293910797,BTCUSDT,break
2022,-1,-1.098692059333698,BTCUSDT,break
2022,-1,-1.1271542704152158,BTCUSDT,break
2022,1,1.8898353910518035,BTCUSDT,break
2022,1,1.9100248178106258,BTCUSDT,break
2022,-1,1.8956888577071744,BTCUSDT,break
2022,-1,1.9746015789564884,BTCUSDT,break
2022,-1,-1.0609935711099485,BTCUSDT,break
2022,-1,-1.0408522932141946,BTCUSDT,break
2022,-1,-1.0489168164239255,BTCUSDT,break
2022,1,-1.079565417913353,BTCUSDT,break
2022,1,-1.0779306624330953,BTCUSDT,break
2022,-1,-1.1665168018828374,BTCUSDT,break
2022,-1,-1.100325919985194,BTCUSDT,break
2022,1,-1.1199550036771735,BTCUSDT,break
2022,1,1.9240652765838457,BTCUSDT,break
2022,1,-1.0591289649252977,BTCUSDT,break
2022,-1,-1.1001667665366222,BTCUSDT,break
2022,-1,-1.1269877331828073,BTCUSDT,break
2022,-1,1.8083707256634047,BTCUSDT,break
2022,-1,1.874863649495115,BTCUSDT,break
2022,1,-1.1795308575965269,BTCUSDT,break
2022,1,-0.707388537433019,BTCUSDT,break
2022,-1,-1.1932900468667451,BTCUSDT,break
2022,1,-1.1924768504026875,BTCUSDT,break
2022,1,-1.1251230103839698,BTCUSDT,break
2022,-1,-1.1153853518372887,BTCUSDT,break
2022,-1,-1.181253471356471,BTCUSDT,break
2022,1,1.704756527196116,BTCUSDT,break
2022,-1,-1.2743391277545637,BTCUSDT,break
2022,1,-1.076804224207295,BTCUSDT,break
2022,-1,-1.0595823079775861,BTCUSDT,break
2022,1,-1.0700058092472902,BTCUSDT,break
2022,-1,-1.1123693677471225,BTCUSDT,break
2022,1,-1.1050690461318635,BTCUSDT,break
2022,-1,-1.314821547343883,BTCUSDT,break
2022,-1,-1.194873047661425,BTCUSDT,break
2022,-1,-1.1678778837563917,BTCUSDT,break
2022,1,-1.1960554005811161,BTCUSDT,break
2022,1,-1.1951764946307974,BTCUSDT,break
2022,-1,-1.1485607121501176,BTCUSDT,break
2022,1,-1.3206341634459955,BTCUSDT,break
2022,-1,-1.1309590668158505,BTCUSDT,break
2022,-1,1.6879197269354922,BTCUSDT,break
2022,-1,-1.1964115500970876,BTCUSDT,break
2022,-1,-1.3978124796287896,BTCUSDT,break
2022,1,-1.085391475032114,BTCUSDT,break
2022,1,-1.135415867478415,BTCUSDT,break
2022,1,-1.2152570804842069,BTCUSDT,break
2022,-1,-1.228295172547717,BTCUSDT,break
2022,-1,1.9478196983901455,BTCUSDT,break
2022,-1,-1.0337820890635525,BTCUSDT,break
2022,-1,1.7751325465807999,BTCUSDT,break
2022,-1,-1.1087286857573186,BTCUSDT,break
2022,1,1.7931893889471893,BTCUSDT,break
2022,1,-1.20244003446595,BTCUSDT,break
2022,1,-1.2171247396314293,BTCUSDT,break
2022,-1,-1.259806239024324,BTCUSDT,break
2022,-1,1.5981816457537863,BTCUSDT,break
2022,1,-1.13557945648179,BTCUSDT,break
2022,-1,-1.1422131827824653,BTCUSDT,break
2022,1,-1.1688906321084924,BTCUSDT,break
2022,1,-1.1433744809050757,BTCUSDT,break
2022,-1,-1.3453691669124914,BTCUSDT,break
2022,-1,-1.400917353508517,BTCUSDT,break
2023,1,-1.3135651528523167,BTCUSDT,break
2023,1,-1.2749412957377426,BTCUSDT,break
2023,1,1.2582994813195585,BTCUSDT,break
2023,1,-1.291750023332265,BTCUSDT,break
2023,1,-1.072865171191747,BTCUSDT,break
2023,-1,-1.1873866201610794,BTCUSDT,break
2023,-1,-1.1760389738735215,BTCUSDT,break
2023,-1,-1.2166207774401705,BTCUSDT,break
2023,-1,-1.3182031845203426,BTCUSDT,break
2023,-1,1.8387289417390265,BTCUSDT,break
2023,1,-1.3375249994256482,BTCUSDT,break
2023,-1,-1.2295095085697512,BTCUSDT,break
2023,1,1.761029399606882,BTCUSDT,break
2023,-1,-1.1130216193105833,BTCUSDT,break
2023,-1,-1.169304265926213,BTCUSDT,break
2023,-1,-1.110263219363996,BTCUSDT,break
2023,1,1.922401906763016,BTCUSDT,break
2023,1,1.8084230134442296,BTCUSDT,break
2023,-1,-1.09393753669775,BTCUSDT,break
2023,1,-1.1065521230238464,BTCUSDT,break
2023,1,-1.2032126504850773,BTCUSDT,break
2023,1,-1.257568160292557,BTCUSDT,break
2023,-1,1.5484269364031475,BTCUSDT,break
2023,1,1.8900292649653276,BTCUSDT,break
2023,-1,-1.1320963330890863,BTCUSDT,break
2023,1,1.7972521854413825,BTCUSDT,break
2023,1,-1.0708576624969202,BTCUSDT,break
2023,-1,1.8567818865762773,BTCUSDT,break
2023,-1,-1.193411480880015,BTCUSDT,break
2023,1,-1.2367044556674769,BTCUSDT,break
2023,-1,-1.1658586429146889,BTCUSDT,break
2023,1,-1.1325808689861754,BTCUSDT,break
2023,-1,-1.1538805125035545,BTCUSDT,break
2023,-1,-1.1104113014005486,BTCUSDT,break
2023,-1,-1.1563741842949438,BTCUSDT,break
2023,1,1.7430047850614592,BTCUSDT,break
2023,1,-1.1614986045387456,BTCUSDT,break
2023,1,-1.0997754333648262,BTCUSDT,break
2023,1,-1.2110967975498548,BTCUSDT,break
2023,1,-1.194982736732408,BTCUSDT,break
2023,1,1.6269207240043508,BTCUSDT,break
2023,1,-1.265839479783918,BTCUSDT,break
2023,-1,-1.1063082507815396,BTCUSDT,break
2023,1,1.782856997851553,BTCUSDT,break
2023,-1,-1.322180879429866,BTCUSDT,break
2023,-1,-1.3182319898443309,BTCUSDT,break
2023,1,-1.188573975019759,BTCUSDT,break
2023,-1,-1.3289994864605446,BTCUSDT,break
2023,-1,1.7834987615633753,BTCUSDT,break
2023,1,-1.205072969292787,BTCUSDT,break
2023,-1,-1.238169451175138,BTCUSDT,break
2023,-1,-2.0999882063382063,BTCUSDT,break
2023,-1,-1.3109094279309013,BTCUSDT,break
2023,1,-1.1602369722369497,BTCUSDT,break
2023,-1,-1.3437896455416283,BTCUSDT,break
2023,1,-1.3333135807541328,BTCUSDT,break
2023,-1,-1.4532392901884712,BTCUSDT,break
2023,1,-1.1367558035821799,BTCUSDT,break
2023,1,-1.111312180252164,BTCUSDT,break
2023,-1,-1.1138884902511657,BTCUSDT,break
2023,1,-1.1977596726593245,BTCUSDT,break
2023,-1,-1.0539468257646323,BTCUSDT,break
2023,1,1.8364192523643634,BTCUSDT,break
2023,1,-1.1765431165113867,BTCUSDT,break
2023,1,-1.3909228228202262,BTCUSDT,break
2023,1,1.833345297698577,BTCUSDT,break
2023,1,-1.1924460932933418,BTCUSDT,break
2023,-1,1.6786192028876707,BTCUSDT,break
2023,-1,-1.7042230706396055,BTCUSDT,break
2023,-1,-1.3371562751355168,BTCUSDT,break
2023,1,1.790472989477995,BTCUSDT,break
2023,1,-1.128042091221975,BTCUSDT,break
2023,1,-1.142513294584715,BTCUSDT,break
2023,-1,1.8135551515781925,BTCUSDT,break
2023,1,1.76095434393675,BTCUSDT,break
2023,1,1.888783999767824,BTCUSDT,break
2023,1,-1.23665781231218,BTCUSDT,break
2023,1,-1.1430618963730796,BTCUSDT,break
2023,-1,-1.227800840635059,BTCUSDT,break
2023,1,1.8233901774759163,BTCUSDT,break
2023,1,-1.106161193647603,BTCUSDT,break
2023,-1,1.9105531088111238,BTCUSDT,break
2023,1,-1.0790527921263116,BTCUSDT,break
2023,1,-1.1890353298003256,BTCUSDT,break
2023,-1,-1.2847890390853607,BTCUSDT,break
2023,1,-1.1685001879088137,BTCUSDT,break
2023,-1,1.6059505558454061,BTCUSDT,break
2023,1,1.7972328156475048,BTCUSDT,break
2023,1,1.7941849099954452,BTCUSDT,break
2023,1,-1.067728573192535,BTCUSDT,break
2023,-1,-1.167059158917768,BTCUSDT,break
2023,-1,-1.0939191268479591,BTCUSDT,break
2023,1,1.8453962035796945,BTCUSDT,break
2023,1,-1.245900265475189,BTCUSDT,break
2023,-1,-1.2640077420087508,BTCUSDT,break
2024,1,-1.1486717800370914,BTCUSDT,break
2024,1,1.9164760436013948,BTCUSDT,break
2024,-1,1.8771897179953645,BTCUSDT,break
2024,-1,-1.0773972493665909,BTCUSDT,break
2024,-1,-1.1245679673416538,BTCUSDT,break
2024,1,-1.150205479109791,BTCUSDT,break
2024,-1,-1.0981393105551496,BTCUSDT,break
2024,1,-1.241362093665986,BTCUSDT,break
2024,1,-1.1854368060645357,BTCUSDT,break
2024,1,-1.1407840769503028,BTCUSDT,break
2024,1,1.8655033756883288,BTCUSDT,break
2024,1,1.8859772834994188,BTCUSDT,break
2024,1,1.9685502042049332,BTCUSDT,break
2024,1,-1.045994148379224,BTCUSDT,break
2024,1,-1.0857949435375553,BTCUSDT,break
2024,1,-1.1712182350476088,BTCUSDT,break
2024,-1,-1.1095685051902362,BTCUSDT,break
2024,-1,-1.1397211204737254,BTCUSDT,break
2024,-1,-1.0585589458630422,BTCUSDT,break
2024,-1,-1.0430239936411734,BTCUSDT,break
2024,1,-1.03833567988398,BTCUSDT,break
2024,-1,1.7596328289297238,BTCUSDT,break
2024,-1,1.9063700750851718,BTCUSDT,break
2024,1,1.8159421751539413,BTCUSDT,break
2024,1,-1.1787083389982462,BTCUSDT,break
2024,-1,-1.2837998116519238,BTCUSDT,break
2024,-1,1.8833861210941567,BTCUSDT,break
2024,-1,-1.050998083620471,BTCUSDT,break
2024,-1,-1.064314938061575,BTCUSDT,break
2024,-1,-1.0928902629965567,BTCUSDT,break
2024,1,-1.0697236063454356,BTCUSDT,break
2024,1,-1.1986149667651749,BTCUSDT,break
2024,-1,-1.2010145936844925,BTCUSDT,break
2024,-1,-1.3233945978634665,BTCUSDT,break
2024,-1,-1.105184004686036,BTCUSDT,break
2024,-1,1.7602551598495242,BTCUSDT,break
2024,-1,-1.1262669158365235,BTCUSDT,break
2024,1,-1.103186553529382,BTCUSDT,break
2024,1,-1.1124138930249905,BTCUSDT,break
2024,1,-1.1274163525305123,BTCUSDT,break
2024,1,-1.242368533047953,BTCUSDT,break
2024,-1,-1.175945692560919,BTCUSDT,break
2024,-1,-1.0910205148187049,BTCUSDT,break
2024,1,-1.1491181393978425,BTCUSDT,break
2024,1,-1.4644043286488873,BTCUSDT,break
2024,-1,1.816929848293374,BTCUSDT,break
2024,-1,-1.1420884122822013,BTCUSDT,break
2024,-1,-1.2353860757286697,BTCUSDT,break
2024,-1,-1.1441639906390686,BTCUSDT,break
2024,-1,1.8342600796569744,BTCUSDT,break
2024,-1,-1.1629148838915069,BTCUSDT,break
2024,1,-1.0863217930350852,BTCUSDT,break
2024,-1,-1.194389984445254,BTCUSDT,break
2024,1,-1.2755987655877126,BTCUSDT,break
2024,1,-1.147932371212258,BTCUSDT,break
2024,-1,-1.13664518279239,BTCUSDT,break
2024,1,1.893017918526132,BTCUSDT,break
2024,1,-1.0920523670907025,BTCUSDT,break
2024,1,-1.069263888732617,BTCUSDT,break
2024,-1,1.8049519135026608,BTCUSDT,break
2024,1,-1.113159733839011,BTCUSDT,break
2024,1,-1.2071258766167148,BTCUSDT,break
2024,-1,1.7202773587814217,BTCUSDT,break
2024,-1,1.8844148543894375,BTCUSDT,break
2024,-1,-1.0845151785480995,BTCUSDT,break
2024,1,1.9177422814009824,BTCUSDT,break
2024,1,-1.1548923047560686,BTCUSDT,break
2024,1,-1.1320999922335269,BTCUSDT,break
2024,-1,-1.1880342372724209,BTCUSDT,break
2024,-1,-1.1118193116365733,BTCUSDT,break
2024,1,-1.2120618702761177,BTCUSDT,break
2024,1,1.7989440982086844,BTCUSDT,break
2024,1,-1.1515604678659563,BTCUSDT,break
2024,1,-1.2052255866324864,BTCUSDT,break
2024,-1,1.8607078658798937,BTCUSDT,break
2024,1,-1.1245703316894813,BTCUSDT,break
2024,1,-1.143842995383491,BTCUSDT,break
2024,-1,1.7439138815418098,BTCUSDT,break
2024,-1,-1.1310692627188113,BTCUSDT,break
2024,1,-1.1483286999117586,BTCUSDT,break
2024,1,1.8558748287367601,BTCUSDT,break
2024,1,1.7153307449096573,BTCUSDT,break
2024,1,1.8205573316902472,BTCUSDT,break
2024,-1,-1.2867924950699539,BTCUSDT,break
2024,1,1.9280103878489274,BTCUSDT,break
2024,1,-1.2573550312596549,BTCUSDT,break
2024,1,1.659897314020963,BTCUSDT,break
2024,1,-1.1865154316774842,BTCUSDT,break
2024,-1,-1.226515074013796,BTCUSDT,break
2024,1,-1.2219784668959577,BTCUSDT,break
2024,1,-1.2111613525846943,BTCUSDT,break
2024,-1,1.583196843058912,BTCUSDT,break
2024,-1,-1.125019068759507,BTCUSDT,break
2024,-1,1.8597806349090065,BTCUSDT,break
2024,1,1.8288963021031104,BTCUSDT,break
2024,1,-1.0455050559529997,BTCUSDT,break
2024,1,1.893772094550792,BTCUSDT,break
2024,1,-1.0856548077672037,BTCUSDT,break
2024,-1,-1.1533966219300311,BTCUSDT,break
2024,-1,1.6941990035611358,BTCUSDT,break
2024,-1,-1.1503202853977814,BTCUSDT,break
2024,1,-1.0294643568440918,BTCUSDT,break
2024,-1,-1.0654136902340035,BTCUSDT,break
2024,1,1.905915300383348,BTCUSDT,break
2024,1,1.7307180580723605,BTCUSDT,break
2024,1,-1.1745952007345355,BTCUSDT,break
2024,-1,1.8886191499572849,BTCUSDT,break
2024,-1,-1.0784093099142709,BTCUSDT,break
2024,1,-1.1581807403003896,BTCUSDT,break
2024,-1,-1.225172569328817,BTCUSDT,break
2024,-1,-1.2482047245648975,BTCUSDT,break
2024,-1,1.73233434511361,BTCUSDT,break
2024,-1,1.7686607938671512,BTCUSDT,break
2024,1,1.8771138146392221,BTCUSDT,break
2025,1,1.8173677844248077,BTCUSDT,break
2025,1,1.814125630227142,BTCUSDT,break
2025,-1,-1.217522218893604,BTCUSDT,break
2025,1,1.8709053942720681,BTCUSDT,break
2025,1,1.935225217593713,BTCUSDT,break
2025,1,-1.1178272245755625,BTCUSDT,break
2025,-1,-1.093728711434535,BTCUSDT,break
2025,1,-1.0985559920930092,BTCUSDT,break
2025,1,-1.1483071586965055,BTCUSDT,break
2025,1,-1.242889551943913,BTCUSDT,break
2025,-1,-1.1082058402463904,BTCUSDT,break
2025,-1,-1.4263878123645157,BTCUSDT,break
2025,1,1.642745622853501,BTCUSDT,break
2025,-1,1.9086724081553683,BTCUSDT,break
2025,-1,-1.1027718865179956,BTCUSDT,break
2025,1,-1.160350434499535,BTCUSDT,break
2025,-1,-1.1412173806163188,BTCUSDT,break
2025,1,-1.1447921440153657,BTCUSDT,break
2025,-1,-1.2189896335541428,BTCUSDT,break
2025,1,-1.110282033019029,BTCUSDT,break
2025,1,-1.0927262009774654,BTCUSDT,break
2025,-1,-1.1844718740465114,BTCUSDT,break
2025,1,-1.0497832532679872,BTCUSDT,break
2025,-1,-1.0474052953318511,BTCUSDT,break
2025,1,1.8542807700105113,BTCUSDT,break
2025,1,1.846466131958937,BTCUSDT,break
2025,1,1.8188820830011379,BTCUSDT,break
2025,1,-1.1603076525928728,BTCUSDT,break
2025,-1,-1.2653174828969636,BTCUSDT,break
2025,1,1.8119343664784548,BTCUSDT,break
2025,1,-1.1145057700186962,BTCUSDT,break
2025,1,-1.2739704569929282,BTCUSDT,break
2025,1,-1.4109816616777924,BTCUSDT,break
2025,1,-1.5244027595213803,BTCUSDT,break
2025,1,-1.3463473410362459,BTCUSDT,break
2025,1,-0.6266174258073876,BTCUSDT,break
2025,1,-1.1516202418881063,BTCUSDT,break
2025,-1,-1.123966120934992,BTCUSDT,break
2025,-1,1.690180456656037,BTCUSDT,break
2025,-1,-1.3710742502666466,BTCUSDT,break
2025,1,-1.4619543544883347,BTCUSDT,break
2025,1,-1.0861550878134172,BTCUSDT,break
2025,-1,-1.2088001276502367,BTCUSDT,break
2025,-1,-1.2727770948778356,BTCUSDT,break
2025,-1,-1.176134407692934,BTCUSDT,break
2025,-1,1.7995416915785187,BTCUSDT,break
2025,-1,1.8547360137806477,BTCUSDT,break
2025,-1,-1.29637595258023,BTCUSDT,break
2025,1,-1.5793870406448312,BTCUSDT,break
2025,-1,1.710765673496641,BTCUSDT,break
2025,1,1.6081882023555214,BTCUSDT,break
2025,1,-1.2568488261448012,BTCUSDT,break
2025,1,-1.6046697575114535,BTCUSDT,break
2025,1,-1.2997886607661036,BTCUSDT,break
2025,-1,-1.3981101594229388,BTCUSDT,break
2025,1,-1.3338041557445453,BTCUSDT,break
2025,-1,-1.2113573235166997,BTCUSDT,break
2025,-1,-1.4131198135902652,BTCUSDT,break
2025,-1,1.7786121478692096,BTCUSDT,break
2025,1,1.8727581679834093,BTCUSDT,break
2025,1,1.7178336772450808,BTCUSDT,break
2025,1,-1.1804193007921897,BTCUSDT,break
2025,-1,-1.2526562818070544,BTCUSDT,break
2025,-1,-1.3782788841891023,BTCUSDT,break
2025,-1,1.8216696406930242,BTCUSDT,break
2025,-1,-1.1687213687384286,BTCUSDT,break
2025,-1,-1.2457760156401232,BTCUSDT,break
2025,-1,1.8248520218329911,BTCUSDT,break
2025,-1,-1.0977928006174458,BTCUSDT,break
2025,-1,-1.1849349175837334,BTCUSDT,break
2025,1,1.6942215823812652,BTCUSDT,break
2025,1,1.6995672294596285,BTCUSDT,break
2025,1,-1.2915331775020638,BTCUSDT,break
2025,1,-1.6260534682247598,BTCUSDT,break
2025,-1,-1.472696147092978,BTCUSDT,break
2025,1,1.7380710956216936,BTCUSDT,break
2025,1,-1.3526132178260513,BTCUSDT,break
2025,1,-1.365881894461648,BTCUSDT,break
2025,1,-1.6115249350265834,BTCUSDT,break
2025,1,-1.3823392905507323,BTCUSDT,break
2025,1,-1.3005207364338365,BTCUSDT,break
2025,1,-1.2915476326900928,BTCUSDT,break
2025,-1,-1.4778274479116948,BTCUSDT,break
2025,1,-1.4659558450231291,BTCUSDT,break
2025,1,1.8369098792418124,BTCUSDT,break
2025,-1,-1.2465917263025919,BTCUSDT,break
2025,-1,-1.2613732973699703,BTCUSDT,break
2025,1,-1.163104079474224,BTCUSDT,break
2025,1,-1.2870472270286077,BTCUSDT,break
2025,-1,1.5260548363702822,BTCUSDT,break
2025,-1,1.9239933931549906,BTCUSDT,break
2025,-1,-1.0687336791064033,BTCUSDT,break
2025,-1,1.8491630453518955,BTCUSDT,break
2025,1,1.8233485258136666,BTCUSDT,break
2025,-1,-1.1625892195213734,BTCUSDT,break
2025,-1,1.7778587175793852,BTCUSDT,break
2025,-1,-1.2307202622210431,BTCUSDT,break
2025,-1,1.8446764594706189,BTCUSDT,break
2025,1,-1.276847347041221,BTCUSDT,break
2025,1,-1.1325812887016007,BTCUSDT,break
2025,1,1.9015972808039858,BTCUSDT,break
2025,1,1.7965719728454244,BTCUSDT,break
2025,1,-1.153838001038311,BTCUSDT,break
2025,-1,1.9013550996036113,BTCUSDT,break
2025,-1,-1.130860828109177,BTCUSDT,break
2025,-1,1.7810795755505795,BTCUSDT,break
2025,-1,-1.159603627799989,BTCUSDT,break
2025,1,-1.172392722043132,BTCUSDT,break
2025,-1,-1.3689763169071962,BTCUSDT,break
2025,-1,-1.208193916936959,BTCUSDT,break
2025,-1,-1.1851165600145313,BTCUSDT,break
2025,-1,1.7244604239649834,BTCUSDT,break
2025,1,-1.3262700726386427,BTCUSDT,break
2025,1,-1.492517644781502,BTCUSDT,break
2026,1,1.8594850399145144,BTCUSDT,break
2026,1,1.7414344257472307,BTCUSDT,break
2026,-1,1.719904282293898,BTCUSDT,break
2026,-1,-1.1578546112030528,BTCUSDT,break
2026,-1,-1.1407183499640086,BTCUSDT,break
2026,1,1.7825060914564081,BTCUSDT,break
2026,-1,-1.0564951556447828,BTCUSDT,break
2026,1,-1.1825402799215352,BTCUSDT,break
2026,1,-1.1434662355633736,BTCUSDT,break
2026,-1,1.8500246030944556,BTCUSDT,break
2026,-1,-1.1383264660670407,BTCUSDT,break
2026,1,-1.0689712832727807,BTCUSDT,break
2026,1,-1.1210610658248754,BTCUSDT,break
2026,1,-1.1343566986776565,BTCUSDT,break
2026,-1,-1.1338020391662404,BTCUSDT,break
2026,1,1.9063833546980753,BTCUSDT,break
2026,1,-1.2373518035957431,BTCUSDT,break
2026,1,-1.2091862559308597,BTCUSDT,break
2026,-1,1.7588916385942805,BTCUSDT,break
2026,-1,-1.117841755521814,BTCUSDT,break
2026,-1,1.8940469891370835,BTCUSDT,break
2026,1,-1.1252768744146788,BTCUSDT,break
2026,1,-1.1547305807243735,BTCUSDT,break
2026,1,-1.2261288027682713,BTCUSDT,break
2026,1,-1.1817939384347544,BTCUSDT,break
2026,1,1.7928961782329331,BTCUSDT,break
2026,1,-1.1891570827128535,BTCUSDT,break
2026,-1,-1.3385214883311334,BTCUSDT,break
2026,-1,1.7838472580037752,BTCUSDT,break
2026,-1,-1.2051417041155321,BTCUSDT,break
2026,1,1.7783751618322394,BTCUSDT,break
2026,1,1.8592774593055688,BTCUSDT,break
2026,1,1.8289346899973289,BTCUSDT,break
2026,-1,-1.387421383959637,BTCUSDT,break
2026,-1,-1.2310821035955983,BTCUSDT,break
2026,1,-1.379956158381007,BTCUSDT,break
2026,-1,-1.1536616983667927,BTCUSDT,break
2026,-1,1.8716472396351025,BTCUSDT,break
2026,-1,1.929267894433285,BTCUSDT,break
2020,-1,-1.1707686631410648,ETHUSDT,break
2020,-1,-1.124020293053768,ETHUSDT,break
2020,1,1.8229784662302893,ETHUSDT,break
2020,1,-1.1018748651140886,ETHUSDT,break
2020,-1,-1.0813521345407504,ETHUSDT,break
2020,-1,-1.1637219338206721,ETHUSDT,break
2020,-1,-1.1871504226954976,ETHUSDT,break
2020,1,-1.149940012920294,ETHUSDT,break
2020,-1,-1.0754575834748161,ETHUSDT,break
2020,1,-1.1897848701696987,ETHUSDT,break
2020,1,-1.071412469963642,ETHUSDT,break
2020,1,-1.228579845968269,ETHUSDT,break
2020,-1,1.7116709910103882,ETHUSDT,break
2020,1,1.9383302786122527,ETHUSDT,break
2020,1,1.8885249355907248,ETHUSDT,break
2020,1,-1.042005437308596,ETHUSDT,break
2020,1,-1.0495503715755685,ETHUSDT,break
2020,1,1.826086835390304,ETHUSDT,break
2020,1,1.9307896894822312,ETHUSDT,break
2020,-1,-1.0570517501423773,ETHUSDT,break
2020,-1,-1.0942396962236896,ETHUSDT,break
2020,-1,-1.117216168531533,ETHUSDT,break
2020,1,1.8526088750159715,ETHUSDT,break
2020,-1,1.9467148114954012,ETHUSDT,break
2020,-1,-1.0395004760588469,ETHUSDT,break
2020,1,-1.0639812398871265,ETHUSDT,break
2020,1,-1.1578064145424167,ETHUSDT,break
2020,1,-1.0892805232558136,ETHUSDT,break
2020,-1,1.8553098655816884,ETHUSDT,break
2020,-1,-1.0921149918821373,ETHUSDT,break
2020,1,-1.1388730748204416,ETHUSDT,break
2020,1,-1.1250417203717529,ETHUSDT,break
2020,1,-1.3115795894079152,ETHUSDT,break
2020,-1,1.8323468289920726,ETHUSDT,break
2020,1,-1.0662180077896288,ETHUSDT,break
2020,-1,-1.203478091850872,ETHUSDT,break
2020,-1,-1.1258432300291785,ETHUSDT,break
2020,1,-1.2263966472510266,ETHUSDT,break
2020,-1,-1.147409614620577,ETHUSDT,break
2020,-1,-1.167274062391184,ETHUSDT,break
2020,-1,-1.0791419371581807,ETHUSDT,break
2020,1,1.8863090494529173,ETHUSDT,break
2020,1,-1.1162263361698066,ETHUSDT,break
2020,1,-1.1427030002834686,ETHUSDT,break
2020,-1,-1.1477301962562358,ETHUSDT,break
2020,1,-1.0821229053560786,ETHUSDT,break
2020,1,1.926117414248021,ETHUSDT,break
2020,1,-1.0381014375706672,ETHUSDT,break
2020,-1,-1.036745060003764,ETHUSDT,break
2020,-1,-1.1039929889500737,ETHUSDT,break
2020,1,1.8852406258938954,ETHUSDT,break
2020,-1,1.925058137298891,ETHUSDT,break
2020,-1,-1.0615185802604867,ETHUSDT,break
2020,1,1.9259485103991008,ETHUSDT,break
2020,1,1.9514217869037318,ETHUSDT,break
2020,1,-1.0472020634377688,ETHUSDT,break
2020,1,1.9199602777842733,ETHUSDT,break
2021,1,1.9603251640197652,ETHUSDT,break
2021,1,1.958837023364486,ETHUSDT,break
2021,1,1.9184705882352944,ETHUSDT,break
2021,1,-1.0521276492815663,ETHUSDT,break
2021,-1,-1.040760416801358,ETHUSDT,break
2021,1,-1.0348877837573969,ETHUSDT,break
2021,1,1.9476069864631413,ETHUSDT,break
2021,-1,1.9451523067468508,ETHUSDT,break
2021,1,-1.03686263569472,ETHUSDT,break
2021,-1,-1.0800449768897549,ETHUSDT,break
2021,1,-1.0453828669677403,ETHUSDT,break
2021,1,-1.0496148912967354,ETHUSDT,break
2021,1,-1.1038377191644138,ETHUSDT,break
2021,-1,-1.0516241188203725,ETHUSDT,break
2021,1,-1.0649261921351887,ETHUSDT,break
2021,1,-1.1013488226979602,ETHUSDT,break
2021,-1,-1.1024871734047237,ETHUSDT,break
2021,1,1.929778743438993,ETHUSDT,break
2021,-1,1.9723219377342203,ETHUSDT,break
2021,-1,1.9624075577852083,ETHUSDT,break
2021,-1,-1.0471994708449848,ETHUSDT,break
2021,1,-1.0658200134920663,ETHUSDT,break
2021,1,-1.0907638303200575,ETHUSDT,break
2021,1,-1.0649521111781897,ETHUSDT,break
2021,1,-1.1137002497382915,ETHUSDT,break
2021,1,1.9353358753897445,ETHUSDT,break
2021,1,1.2641245067553464,ETHUSDT,break
2021,-1,-1.1407227301945966,ETHUSDT,break
2021,1,-1.0627295897300593,ETHUSDT,break
2021,1,-1.1382463689065638,ETHUSDT,break
2021,1,-1.0948722561507096,ETHUSDT,break
2021,-1,-1.1442502615193006,ETHUSDT,break
2021,1,-1.1315627641481405,ETHUSDT,break
2021,1,0.19356920766908484,ETHUSDT,break
2021,1,-1.0536860293665906,ETHUSDT,break
2021,1,1.9685149106068773,ETHUSDT,break
2021,1,1.9196528589836175,ETHUSDT,break
2021,1,1.9481382021252047,ETHUSDT,break
2021,1,-1.0187798102986678,ETHUSDT,break
2021,1,-1.0318444887141198,ETHUSDT,break
2021,-1,1.913137434026459,ETHUSDT,break
2021,-1,1.9585120588915585,ETHUSDT,break
2021,-1,1.980587692003105,ETHUSDT,break
2021,-1,-1.0262777535966416,ETHUSDT,break
2021,1,-1.044286967968134,ETHUSDT,break
2021,1,-1.0444861395884886,ETHUSDT,break
2021,1,-1.0558703774859752,ETHUSDT,break
2021,-1,-1.0182242011807583,ETHUSDT,break
2021,-1,1.9348941221915448,ETHUSDT,break
2021,-1,-1.1302931960905702,ETHUSDT,break
2021,1,-1.1163254208027618,ETHUSDT,break
2021,-1,1.9214488278285338,ETHUSDT,break
2021,-1,1.9704156655135656,ETHUSDT,break
2021,1,1.9397001520984791,ETHUSDT,break
2021,1,1.9011708028995133,ETHUSDT,break
2021,1,-1.0839627295724998,ETHUSDT,break
2021,-1,-1.0576921376249797,ETHUSDT,break
2021,-1,1.849909260816388,ETHUSDT,break
2021,-1,-1.1141326448214102,ETHUSDT,break
2021,-1,-1.1219110380231667,ETHUSDT,break
2021,1,1.9091157867708026,ETHUSDT,break
2021,1,1.9367552518394286,ETHUSDT,break
2021,1,1.9301980794520675,ETHUSDT,break
2021,1,1.90447435231546,ETHUSDT,break
2021,1,1.917214004612348,ETHUSDT,break
2021,-1,-1.0689171999567244,ETHUSDT,break
2021,-1,-1.0576962852890661,ETHUSDT,break
2021,1,-1.0765416219470694,ETHUSDT,break
2021,1,-1.1075452137427522,ETHUSDT,break
2021,1,-1.1298551792397253,ETHUSDT,break
2021,1,-1.0617467267849345,ETHUSDT,break
2021,1,-1.0738340115599887,ETHUSDT,break
2021,-1,-1.0402161666606353,ETHUSDT,break
2021,1,-1.149225670423543,ETHUSDT,break
2021,1,-1.1094670786231893,ETHUSDT,break
2021,1,-1.1793119597502917,ETHUSDT,break
2021,1,1.8763913108246981,ETHUSDT,break
2021,1,1.9579391404889182,ETHUSDT,break
2021,-1,-1.055038076349974,ETHUSDT,break
2021,1,-1.0988879082294882,ETHUSDT,break
2021,-1,1.882669683164607,ETHUSDT,break
2021,-1,1.9192430680715376,ETHUSDT,break
2021,-1,-1.055986568615476,ETHUSDT,break
2021,1,-1.0522825528988442,ETHUSDT,break
2021,1,-1.1213997467802983,ETHUSDT,break
2021,1,-1.1298088656164924,ETHUSDT,break
2021,1,1.89989433743734,ETHUSDT,break
2021,1,-1.1314509649153754,ETHUSDT,break
2021,1,1.916972479095975,ETHUSDT,break
2021,-1,-1.1909339042048066,ETHUSDT,break
2021,1,1.8724724312425154,ETHUSDT,break
2021,1,1.9298105681407944,ETHUSDT,break
2021,1,-1.1798377835976241,ETHUSDT,break
2021,1,-1.1366576737340308,ETHUSDT,break
2021,-1,-1.1066050086956514,ETHUSDT,break
2021,1,1.8853447168242998,ETHUSDT,break
2021,1,1.9409892624324208,ETHUSDT,break
2021,1,1.9268219373833009,ETHUSDT,break
2021,1,-1.0685578269809144,ETHUSDT,break
2021,1,-1.1586178084402472,ETHUSDT,break
2021,-1,-1.044134161890007,ETHUSDT,break
2021,1,-1.1647903823294161,ETHUSDT,break
2021,1,1.8511620245816383,ETHUSDT,break
2021,1,-1.1671287627065337,ETHUSDT,break
2021,-1,-1.0937664076974114,ETHUSDT,break
2021,1,-1.1118944656974605,ETHUSDT,break
2021,1,-1.1042156115330704,ETHUSDT,break
2021,-1,-1.0647501394120793,ETHUSDT,break
2021,1,-1.07095634672338,ETHUSDT,break
2021,1,1.9182017431292298,ETHUSDT,break
2021,-1,-1.0780603555699664,ETHUSDT,break
2021,-1,-1.0515064404130283,ETHUSDT,break
2021,-1,1.9003191557490817,ETHUSDT,break
2021,-1,-1.0983983487564992,ETHUSDT,break
2021,1,-1.1435162444342355,ETHUSDT,break
2021,1,-1.1530484512139525,ETHUSDT,break
2021,-1,-1.296700843871169,ETHUSDT,break
2022,1,1.7909770984475697,ETHUSDT,break
2022,1,-1.242444173715442,ETHUSDT,break
2022,1,1.862075671030044,ETHUSDT,break
2022,-1,1.8812826731438128,ETHUSDT,break
2022,-1,-1.02094478186908,ETHUSDT,break
2022,-1,-1.0550988025517956,ETHUSDT,break
2022,1,-1.0385253853201184,ETHUSDT,break
2022,1,-1.045857001349618,ETHUSDT,break
2022,1,1.9516508139010207,ETHUSDT,break
2022,1,-1.134824285336942,ETHUSDT,break
2022,1,-1.03118288374212,ETHUSDT,break
2022,-1,-1.109289504044701,ETHUSDT,break
2022,-1,-1.1039406482140197,ETHUSDT,break
2022,-1,1.9145472874378828,ETHUSDT,break
2022,-1,-1.0288306382394343,ETHUSDT,break
2022,-1,-1.1135757821288046,ETHUSDT,break
2022,1,-1.0752035619820137,ETHUSDT,break
2022,1,-1.0629193434397353,ETHUSDT,break
2022,1,-1.0725224786365966,ETHUSDT,break
2022,-1,1.9207394973905725,ETHUSDT,break
2022,-1,-1.0630693966533262,ETHUSDT,break
2022,1,-1.0935775087151793,ETHUSDT,break
2022,-1,-1.1515056459403437,ETHUSDT,break
2022,1,-1.1028670678454489,ETHUSDT,break
2022,1,-1.1624945440859975,ETHUSDT,break
2022,-1,-1.1227552938932461,ETHUSDT,break
2022,1,-1.1335502435932967,ETHUSDT,break
2022,-1,-1.1242630014011514,ETHUSDT,break
2022,1,-1.0998528033934505,ETHUSDT,break
2022,-1,1.9186132706563006,ETHUSDT,break
2022,-1,-1.2136073619631904,ETHUSDT,break
2022,-1,-1.0989330008627023,ETHUSDT,break
2022,1,-1.131962222611449,ETHUSDT,break
2022,-1,1.9031527573803806,ETHUSDT,break
2022,-1,-1.0928898032112377,ETHUSDT,break
2022,1,-1.1106658094435078,ETHUSDT,break
2022,-1,-1.1335632371668776,ETHUSDT,break
2022,1,1.8770909906211515,ETHUSDT,break
2022,-1,-1.0839105370496258,ETHUSDT,break
2022,-1,-1.1490086759525493,ETHUSDT,break
2022,1,-1.0887465232739515,ETHUSDT,break
2022,-1,1.947750850856234,ETHUSDT,break
2022,1,1.9143136208925569,ETHUSDT,break
2022,1,-1.0761395147181398,ETHUSDT,break
2022,-1,1.943139936829421,ETHUSDT,break
2022,1,-1.1120205952835753,ETHUSDT,break
2022,1,1.9159576987464786,ETHUSDT,break
2022,-1,1.8964008433814945,ETHUSDT,break
2022,-1,-1.0771482640029035,ETHUSDT,break
2022,1,-1.0997306967632443,ETHUSDT,break
2022,-1,-1.0910255244449931,ETHUSDT,break
2022,1,1.930980249577782,ETHUSDT,break
2022,-1,-1.0262238813974869,ETHUSDT,break
2022,1,1.8967827617177389,ETHUSDT,break
2022,1,1.89728964820927,ETHUSDT,break
2022,1,-1.108561423550088,ETHUSDT,break
2022,1,1.907014140498054,ETHUSDT,break
2022,-1,-1.0765793180621384,ETHUSDT,break
2022,-1,-1.0994311637021852,ETHUSDT,break
2022,-1,1.9552999000108096,ETHUSDT,break
2022,-1,1.9277846935594491,ETHUSDT,break
2022,1,-1.063775688452411,ETHUSDT,break
2022,1,-1.0583161986568512,ETHUSDT,break
2022,-1,-1.1073276752741894,ETHUSDT,break
2022,1,-1.1002419315639589,ETHUSDT,break
2022,1,1.8817827482348297,ETHUSDT,break
2022,1,-1.0783568587986256,ETHUSDT,break
2022,-1,-1.1080758296126465,ETHUSDT,break
2022,1,1.8936559499578018,ETHUSDT,break
2022,-1,-0.13009295547216512,ETHUSDT,break
2022,-1,-1.1188373158861036,ETHUSDT,break
2022,1,-1.0610825189566895,ETHUSDT,break
2022,1,-1.1607108780171715,ETHUSDT,break
2022,-1,-1.1917787180060138,ETHUSDT,break
2022,-1,1.8521060699502168,ETHUSDT,break
2022,-1,-1.071279905910224,ETHUSDT,break
2022,1,-1.1423400148796008,ETHUSDT,break
2022,1,-1.1693895887904875,ETHUSDT,break
2022,1,-1.039891830972261,ETHUSDT,break
2022,1,-1.0953431295375606,ETHUSDT,break
2022,-1,-1.135955942615384,ETHUSDT,break
2022,-1,-1.0699710252494252,ETHUSDT,break
2022,1,-1.0626957414783378,ETHUSDT,break
2022,-1,0.16376445824179658,ETHUSDT,break
2022,-1,-1.0916523523458463,ETHUSDT,break
2022,-1,-1.087595783351509,ETHUSDT,break
2022,-1,1.8227252965009184,ETHUSDT,break
2022,-1,-1.160839697910957,ETHUSDT,break
2022,1,-1.1045708503003664,ETHUSDT,break
2022,1,-1.1478045281714453,ETHUSDT,break
2022,-1,-1.0708909862677456,ETHUSDT,break
2022,-1,-1.1545377106908548,ETHUSDT,break
2022,-1,-1.1605610192537472,ETHUSDT,break
2022,-1,-1.1695528217145095,ETHUSDT,break
2022,1,-1.1890316755013306,ETHUSDT,break
2022,-1,-1.2962616401997415,ETHUSDT,break
2022,1,-1.1494427410756958,ETHUSDT,break
2022,1,-1.0957620462143853,ETHUSDT,break
2022,-1,-1.1646823352518516,ETHUSDT,break
2023,1,1.7811203240983624,ETHUSDT,break
2023,1,-1.2571079774074598,ETHUSDT,break
2023,1,-1.2281333179884384,ETHUSDT,break
2023,1,1.901684357160882,ETHUSDT,break
2023,1,-1.1780604290776,ETHUSDT,break
2023,-1,-1.092447821269542,ETHUSDT,break
2023,1,-1.1056411679443159,ETHUSDT,break
2023,-1,-1.1044488403264265,ETHUSDT,break
2023,1,-1.181146302931136,ETHUSDT,break
2023,-1,-1.2060361926733374,ETHUSDT,break
2023,1,-1.0663300395256914,ETHUSDT,break
2023,-1,-1.146752174328191,ETHUSDT,break
2023,1,-1.221252078512042,ETHUSDT,break
2023,-1,-1.2231591390078969,ETHUSDT,break
2023,-1,-1.0530582107008488,ETHUSDT,break
2023,-1,-1.24481601976883,ETHUSDT,break
2023,-1,-1.2563911548631328,ETHUSDT,break
2023,1,-1.1292031488201522,ETHUSDT,break
2023,1,-1.2134953145338856,ETHUSDT,break
2023,-1,1.7472598197558007,ETHUSDT,break
2023,-1,1.8763496579299501,ETHUSDT,break
2023,1,1.9169618982815804,ETHUSDT,break
2023,1,-1.050165841413494,ETHUSDT,break
2023,-1,-1.1143610007422606,ETHUSDT,break
2023,-1,-1.1562246607680078,ETHUSDT,break
2023,1,-1.0684090385757399,ETHUSDT,break
2023,-1,-1.0719171961519314,ETHUSDT,break
2023,-1,-1.1238613147466734,ETHUSDT,break
2023,1,-1.1246602275855748,ETHUSDT,break
2023,1,-1.1252822612085789,ETHUSDT,break
2023,1,-1.1540586736181997,ETHUSDT,break
2023,1,1.83125113120255,ETHUSDT,break
2023,1,-1.0839297775989105,ETHUSDT,break
2023,-1,-1.1240216256822047,ETHUSDT,break
2023,-1,-1.0914964796337094,ETHUSDT,break
2023,1,1.882668223782148,ETHUSDT,break
2023,-1,-1.084600242009132,ETHUSDT,break
2023,1,-1.1720647374004338,ETHUSDT,break
2023,1,1.8865851603302586,ETHUSDT,break
2023,-1,1.783508118165685,ETHUSDT,break
2023,-1,-1.118949899365318,ETHUSDT,break
2023,-1,1.8361942895432724,ETHUSDT,break
2023,-1,-1.1670029368103196,ETHUSDT,break
2023,-1,-1.299353211460833,ETHUSDT,break
2023,1,-1.1752298645269452,ETHUSDT,break
2023,-1,-1.2864471970354059,ETHUSDT,break
2023,1,-1.1507398197324987,ETHUSDT,break
2023,-1,-1.2452427437864804,ETHUSDT,break
2023,-1,1.8835602104730376,ETHUSDT,break
2023,-1,-1.1637342279326874,ETHUSDT,break
2023,-1,-1.178117111121525,ETHUSDT,break
2023,-1,-1.2188720457545108,ETHUSDT,break
2023,1,-1.1636748838746729,ETHUSDT,break
2023,1,-1.1139868774190878,ETHUSDT,break
2023,-1,1.5258225473321814,ETHUSDT,break
2023,1,-1.1736093984095892,ETHUSDT,break
2023,-1,1.793022089644604,ETHUSDT,break
2023,-1,1.8527107938948835,ETHUSDT,break
2023,-1,-1.400800597229576,ETHUSDT,break
2023,-1,-1.2310543226274588,ETHUSDT,break
2023,1,1.550133272488253,ETHUSDT,break
2023,-1,1.661254360819989,ETHUSDT,break
2023,-1,1.8759965351602483,ETHUSDT,break
2023,1,-1.1226749861195575,ETHUSDT,break
2023,-1,1.7178866996516124,ETHUSDT,break
2023,1,-1.3441268841116887,ETHUSDT,break
2023,-1,-1.124133539003967,ETHUSDT,break
2023,1,-1.1644650415091542,ETHUSDT,break
2023,1,-1.3767312120935848,ETHUSDT,break
2023,1,-1.2793642236004177,ETHUSDT,break
2023,-1,1.8069360981083298,ETHUSDT,break
2023,1,1.8178420544898817,ETHUSDT,break
2023,1,-1.2296108681697866,ETHUSDT,break
2023,-1,1.7594022326003704,ETHUSDT,break
2023,-1,-1.1689877289386865,ETHUSDT,break
2023,1,1.783951443057724,ETHUSDT,break
2023,1,1.72233666409163,ETHUSDT,break
2023,1,0.42521201568494127,ETHUSDT,break
2023,1,-1.1341073900067538,ETHUSDT,break
2023,1,-1.1744841642737025,ETHUSDT,break
2023,1,-1.1610533916886072,ETHUSDT,break
2023,1,1.8949164036296677,ETHUSDT,break
2023,1,1.711651687313757,ETHUSDT,break
2023,1,-1.1102933353864246,ETHUSDT,break
2023,-1,-1.2152420549229446,ETHUSDT,break
2023,-1,-1.1262013979959915,ETHUSDT,break
2023,-1,-1.130365346830402,ETHUSDT,break
2023,-1,-1.2062528208473073,ETHUSDT,break
2023,1,-1.202712697128993,ETHUSDT,break
2023,1,1.7868835319236822,ETHUSDT,break
2023,1,-1.155208886208281,ETHUSDT,break
2023,1,-1.04408769456287,ETHUSDT,break
2023,1,-1.0668974696883495,ETHUSDT,break
2023,-1,-1.1118536793637075,ETHUSDT,break
2023,1,1.8203743389090223,ETHUSDT,break
2023,-1,-1.1211107887702472,ETHUSDT,break
2023,1,-1.0941472631963918,ETHUSDT,break
2024,1,-1.133011387057763,ETHUSDT,break
2024,-1,1.8663504025044713,ETHUSDT,break
2024,1,-1.1128145283993365,ETHUSDT,break
2024,1,-1.129235682399073,ETHUSDT,break
2024,-1,-1.293407202999265,ETHUSDT,break
2024,-1,-1.1843931562213286,ETHUSDT,break
2024,1,1.7786055718742586,ETHUSDT,break
2024,-1,-1.109936325399167,ETHUSDT,break
2024,1,-1.2890737303780133,ETHUSDT,break
2024,1,1.9378692591100206,ETHUSDT,break
2024,1,1.8884365089360742,ETHUSDT,break
2024,1,-1.1284054806111632,ETHUSDT,break
2024,1,1.8481015970340786,ETHUSDT,break
2024,1,1.920194864065908,ETHUSDT,break
2024,1,-1.1001771744512299,ETHUSDT,break
2024,1,1.867345525673701,ETHUSDT,break
2024,1,1.9070171192591667,ETHUSDT,break
2024,1,-1.0748595116185193,ETHUSDT,break
2024,1,-1.0873499603139485,ETHUSDT,break
2024,1,-1.1204436988956141,ETHUSDT,break
2024,-1,1.8451923997265272,ETHUSDT,break
2024,-1,1.8970625311948366,ETHUSDT,break
2024,-1,-1.0636999781271224,ETHUSDT,break
2024,-1,1.891429442331307,ETHUSDT,break
2024,-1,-1.0840581737866817,ETHUSDT,break
2024,-1,-1.087569435715489,ETHUSDT,break
2024,1,-1.1236601597963336,ETHUSDT,break
2024,1,-1.233838286548951,ETHUSDT,break
2024,1,-1.2228858251553252,ETHUSDT,break
2024,-1,1.748667387575508,ETHUSDT,break
2024,1,1.8309741474722747,ETHUSDT,break
2024,1,-1.0757217716800431,ETHUSDT,break
2024,-1,-1.0908599893564157,ETHUSDT,break
2024,1,-1.082083682574016,ETHUSDT,break
2024,1,1.9179610689132112,ETHUSDT,break
2024,1,-0.1652706099934753,ETHUSDT,break
2024,1,-1.1963122299397986,ETHUSDT,break
2024,-1,1.8300985561752177,ETHUSDT,break
2024,1,-1.168422855591183,ETHUSDT,break
2024,-1,-1.1053526344299018,ETHUSDT,break
2024,1,-1.1415143020949545,ETHUSDT,break
2024,-1,-1.110809694626502,ETHUSDT,break
2024,-1,1.8086971374229655,ETHUSDT,break
2024,-1,-1.1234597208419983,ETHUSDT,break
2024,-1,-1.1356179488286409,ETHUSDT,break
2024,1,-1.1870097285918353,ETHUSDT,break
2024,1,-1.146948829941177,ETHUSDT,break
2024,1,-1.1483307764865662,ETHUSDT,break
2024,1,-1.1626656377124662,ETHUSDT,break
2024,-1,1.9082531755614587,ETHUSDT,break
2024,-1,-1.0750862242052428,ETHUSDT,break
2024,-1,-1.185499247126227,ETHUSDT,break
2024,1,1.8256239609135234,ETHUSDT,break
2024,1,-1.1334331936897544,ETHUSDT,break
2024,1,-1.1561582916738493,ETHUSDT,break
2024,-1,1.8471470077807182,ETHUSDT,break
2024,1,-1.3244592359575262,ETHUSDT,break
2024,-1,1.9163277515280597,ETHUSDT,break
2024,1,-1.1065199746193293,ETHUSDT,break
2024,1,-1.2092515574685645,ETHUSDT,break
2024,1,-1.2555413559037973,ETHUSDT,break
2024,1,1.8149186511783675,ETHUSDT,break
2024,-1,1.9449656365228132,ETHUSDT,break
2024,1,-1.1656602608199915,ETHUSDT,break
2024,-1,1.9293038760059429,ETHUSDT,break
2024,-1,1.9117536019683936,ETHUSDT,break
2024,-1,-1.119835685641492,ETHUSDT,break
2024,1,-1.1391180314588898,ETHUSDT,break
2024,1,-1.064749644622474,ETHUSDT,break
2024,-1,1.8741603463465917,ETHUSDT,break
2024,1,-1.2454525923175535,ETHUSDT,break
2024,-1,-1.0920148286020106,ETHUSDT,break
2024,-1,-1.2264821571662672,ETHUSDT,break
2024,1,-1.232331374297203,ETHUSDT,break
2024,1,-1.1253701870782609,ETHUSDT,break
2024,-1,1.8069401761243673,ETHUSDT,break
2024,-1,1.8615329001024026,ETHUSDT,break
2024,1,-1.1060175069158003,ETHUSDT,break
2024,1,-1.15273389701265,ETHUSDT,break
2024,1,-1.0951674990507392,ETHUSDT,break
2024,-1,1.8515824852934877,ETHUSDT,break
2024,1,-1.0696433711283082,ETHUSDT,break
2024,1,-1.0776806748665384,ETHUSDT,break
2024,-1,-1.1886074352908678,ETHUSDT,break
2024,-1,-1.2711664576957014,ETHUSDT,break
2024,-1,-1.1218453400305515,ETHUSDT,break
2024,-1,-1.2830904506253866,ETHUSDT,break
2024,-1,-1.1787727829395351,ETHUSDT,break
2024,1,-1.1058724144684051,ETHUSDT,break
2024,-1,1.8446222678296562,ETHUSDT,break
2024,-1,-1.1330232686498527,ETHUSDT,break
2024,1,-1.1611939654627899,ETHUSDT,break
2024,-1,-1.139111228487514,ETHUSDT,break
2024,-1,-1.2631912409071935,ETHUSDT,break
2024,1,-1.0420594245442643,ETHUSDT,break
2024,-1,1.9277391070332646,ETHUSDT,break
2024,-1,-1.034182014768894,ETHUSDT,break
2024,-1,1.8232492561064677,ETHUSDT,break
2024,1,-1.0931039747189244,ETHUSDT,break
2024,1,-1.1097774696668758,ETHUSDT,break
2024,1,-1.0753449891192424,ETHUSDT,break
2024,1,1.8880732338067612,ETHUSDT,break
2024,1,1.8707182778450824,ETHUSDT,break
2024,1,-1.0981216528504176,ETHUSDT,break
2024,1,-1.0490849370702287,ETHUSDT,break
2024,1,-1.0951103338129682,ETHUSDT,break
2024,-1,1.9599327353565719,ETHUSDT,break
2024,1,1.928451641561194,ETHUSDT,break
2024,1,-1.2159333987363765,ETHUSDT,break
2024,-1,1.8010033453091203,ETHUSDT,break
2024,-1,1.9298455545627438,ETHUSDT,break
2024,-1,1.7790070913134617,ETHUSDT,break
2025,1,-1.1361069660746275,ETHUSDT,break
2025,1,-1.0745112951320317,ETHUSDT,break
2025,-1,-1.103617607605734,ETHUSDT,break
2025,-1,-1.087761112371732,ETHUSDT,break
2025,1,-1.069470701000357,ETHUSDT,break
2025,-1,1.931972590448253,ETHUSDT,break
2025,-1,-1.0875017072578097,ETHUSDT,break
2025,1,1.8731956853608345,ETHUSDT,break
2025,1,-1.048378178037601,ETHUSDT,break
2025,-1,-1.093362081785524,ETHUSDT,break
2025,1,-1.115264702429861,ETHUSDT,break
2025,1,-1.0825464945688417,ETHUSDT,break
2025,-1,-1.101821383329112,ETHUSDT,break
2025,1,-1.0621871994438548,ETHUSDT,break
2025,-1,1.9478315360872136,ETHUSDT,break
2025,-1,-1.0241561797782202,ETHUSDT,break
2025,1,-1.071479445433105,ETHUSDT,break
2025,-1,1.9380252131998519,ETHUSDT,break
2025,-1,-1.0253919219095005,ETHUSDT,break
2025,-1,-1.036880704226877,ETHUSDT,break
2025,1,-1.0891085124684485,ETHUSDT,break
2025,1,-1.1013810827483306,ETHUSDT,break
2025,1,-1.066630562112587,ETHUSDT,break
2025,1,-1.1175668846759863,ETHUSDT,break
2025,1,-1.110673724237987,ETHUSDT,break
2025,1,-1.1150758556285023,ETHUSDT,break
2025,1,-1.0776645548066957,ETHUSDT,break
2025,1,1.7343245691145912,ETHUSDT,break
2025,-1,-1.1137097143717964,ETHUSDT,break
2025,1,-1.1779196596045276,ETHUSDT,break
2025,1,-1.0277714812563383,ETHUSDT,break
2025,1,1.9306392372531564,ETHUSDT,break
2025,-1,-1.0810818401536166,ETHUSDT,break
2025,1,-1.0778632151893595,ETHUSDT,break
2025,-1,-1.102420598722945,ETHUSDT,break
2025,-1,1.8915277187097537,ETHUSDT,break
2025,1,-1.0661267917669126,ETHUSDT,break
2025,1,-1.0674427873941514,ETHUSDT,break
2025,1,-1.0827670001055743,ETHUSDT,break
2025,1,-1.0440168267729706,ETHUSDT,break
2025,-1,-1.1952490053107603,ETHUSDT,break
2025,-1,-1.1062606253554108,ETHUSDT,break
2025,1,-0.017491815190717217,ETHUSDT,break
2025,1,1.8464642846525687,ETHUSDT,break
2025,-1,-1.1139589015941906,ETHUSDT,break
2025,1,-1.1410379345933792,ETHUSDT,break
2025,-1,-1.0819180174841916,ETHUSDT,break
2025,1,-1.22372023817394,ETHUSDT,break
2025,1,1.8609051602348747,ETHUSDT,break
2025,1,1.885418171385344,ETHUSDT,break
2025,1,-1.1053853310424604,ETHUSDT,break
2025,1,-1.1151138432875398,ETHUSDT,break
2025,-1,1.82433894323497,ETHUSDT,break
2025,-1,1.8949980673470403,ETHUSDT,break
2025,1,1.7941654041457336,ETHUSDT,break
2025,1,-1.0886703249049305,ETHUSDT,break
2025,-1,-1.1152612322413353,ETHUSDT,break
2025,-1,-1.0706740913106079,ETHUSDT,break
2025,-1,-1.193133360112471,ETHUSDT,break
2025,-1,1.8724319669644685,ETHUSDT,break
2025,-1,-1.1348936008273414,ETHUSDT,break
2025,-1,-1.0792588128542315,ETHUSDT,break
2025,1,1.9088588420357573,ETHUSDT,break
2025,-1,1.7940637930414125,ETHUSDT,break
2025,-1,1.7245601626328093,ETHUSDT,break
2025,-1,1.8701431441197651,ETHUSDT,break
2025,1,-1.1905161918474532,ETHUSDT,break
2025,-1,-1.1840141369276476,ETHUSDT,break
2025,1,1.8445079366485693,ETHUSDT,break
2025,1,1.9051881682109768,ETHUSDT,break
2025,1,-1.1809684802320752,ETHUSDT,break
2025,-1,1.647125125898087,ETHUSDT,break
2025,1,-1.1370395513831257,ETHUSDT,break
2025,1,-1.1111617568707413,ETHUSDT,break
2025,-1,-1.0860671991759756,ETHUSDT,break
2025,-1,1.8993313771180345,ETHUSDT,break
2025,-1,-1.1668133470342847,ETHUSDT,break
2025,-1,-1.1035021163906316,ETHUSDT,break
2025,-1,1.9099661996871409,ETHUSDT,break
2025,-1,-1.1312432789313924,ETHUSDT,break
2025,1,-1.0892690092800497,ETHUSDT,break
2025,-1,1.9252307447953736,ETHUSDT,break
2025,1,-1.1342648283750252,ETHUSDT,break
2025,-1,1.8320137581245273,ETHUSDT,break
2025,-1,-1.1420235776192973,ETHUSDT,break
2025,-1,1.9556080689167339,ETHUSDT,break
2025,1,1.882814591606531,ETHUSDT,break
2025,-1,-1.1159665685260731,ETHUSDT,break
2025,1,1.9045065289604717,ETHUSDT,break
2025,1,-1.0896751420397317,ETHUSDT,break
2025,-1,-1.0529925894392995,ETHUSDT,break
2025,-1,1.9157003011035794,ETHUSDT,break
2025,-1,-1.1328478605901595,ETHUSDT,break
2025,1,1.765212568906804,ETHUSDT,break
2025,-1,-1.1566078879128971,ETHUSDT,break
2025,-1,-1.1955485905308332,ETHUSDT,break
2025,-1,-1.1257264365090112,ETHUSDT,break
2025,1,-1.3494995928338704,ETHUSDT,break
2026,1,1.9048233349078887,ETHUSDT,break
2026,1,1.8512189572183508,ETHUSDT,break
2026,1,1.706391039303214,ETHUSDT,break
2026,1,-1.0927331531957294,ETHUSDT,break
2026,-1,-1.1630191807313222,ETHUSDT,break
2026,1,-1.5154495825201033,ETHUSDT,break
2026,-1,-1.0709229418267472,ETHUSDT,break
2026,1,-1.2051384085294548,ETHUSDT,break
2026,1,-1.1149530439972557,ETHUSDT,break
2026,-1,-1.045626388663404,ETHUSDT,break
2026,-1,1.9679436866142321,ETHUSDT,break
2026,-1,1.9230346920655421,ETHUSDT,break
2026,-1,-1.0361307474762995,ETHUSDT,break
2026,1,-1.0961652931298034,ETHUSDT,break
2026,-1,-1.1526740881355932,ETHUSDT,break
2026,-1,1.8727290412546278,ETHUSDT,break
2026,-1,-1.178434677323438,ETHUSDT,break
2026,1,-1.093077249624515,ETHUSDT,break
2026,1,-1.0859367106757996,ETHUSDT,break
2026,1,-1.1145403283201556,ETHUSDT,break
2026,1,-1.098155140009138,ETHUSDT,break
2026,-1,1.8614254653881706,ETHUSDT,break
2026,-1,1.9283603794302275,ETHUSDT,break
2026,1,-1.0749980125409377,ETHUSDT,break
2026,1,1.891759869455353,ETHUSDT,break
2026,1,1.832243095696855,ETHUSDT,break
2026,1,1.8878905868755613,ETHUSDT,break
2026,1,1.8282667176625689,ETHUSDT,break
2026,1,1.8736905608815688,ETHUSDT,break
2026,1,1.8451750055773009,ETHUSDT,break
2026,1,-1.1396388135732476,ETHUSDT,break
2026,-1,-1.188036366066979,ETHUSDT,break
2026,-1,-1.2616156700032717,ETHUSDT,break
2026,-1,-1.2016985534785833,ETHUSDT,break
2026,-1,-1.1588497930218793,ETHUSDT,break
2026,-1,-1.170227830529573,ETHUSDT,break
2026,-1,-1.1528454146633857,ETHUSDT,break
2026,1,1.8554690243239584,ETHUSDT,break
2026,1,-1.1498303331639672,ETHUSDT,break
2026,-1,-1.2620785927373765,ETHUSDT,break
2026,-1,-1.2847065935887025,ETHUSDT,break
2026,-1,-1.1734725975447813,ETHUSDT,break
2026,-1,-1.174211689256248,ETHUSDT,break
2026,-1,1.6696795209580693,ETHUSDT,break
2026,-1,1.8714650931094106,ETHUSDT,break
2026,-1,1.870323539974298,ETHUSDT,break
2020,-1,1.9551737929914321,SOLUSDT,break
2020,1,1.9592645477818234,SOLUSDT,break
2020,1,-1.0545372140690332,SOLUSDT,break
2020,1,-1.0476904469468757,SOLUSDT,break
2020,1,1.9713387181166695,SOLUSDT,break
2020,1,1.9625657255110875,SOLUSDT,break
2020,1,-1.013504303298895,SOLUSDT,break
2020,-1,1.9806379903647626,SOLUSDT,break
2020,1,-1.0176536485097636,SOLUSDT,break
2020,-1,-1.0255045699930514,SOLUSDT,break
2020,-1,-1.0397811547123184,SOLUSDT,break
2020,-1,-1.032853997332899,SOLUSDT,break
2020,1,-1.0316827514584141,SOLUSDT,break
2020,-1,1.944208042652147,SOLUSDT,break
2020,-1,1.9415891920210189,SOLUSDT,break
2020,-1,1.8773028948533594,SOLUSDT,break
2020,-1,1.9405891629139502,SOLUSDT,break
2020,-1,1.962274940213779,SOLUSDT,break
2020,-1,1.9241147816435697,SOLUSDT,break
2020,1,-1.0238857723341688,SOLUSDT,break
2020,1,-1.0750218654302972,SOLUSDT,break
2020,-1,1.9545102658111821,SOLUSDT,break
2020,-1,1.857222363023975,SOLUSDT,break
2020,-1,-1.114962039045553,SOLUSDT,break
2020,-1,-1.0318179755247587,SOLUSDT,break
2020,-1,-1.0281736766909433,SOLUSDT,break
2020,-1,-1.0669752096412035,SOLUSDT,break
2020,1,-1.0360000417801694,SOLUSDT,break
2020,1,-1.0381579366131812,SOLUSDT,break
2020,1,-1.0580822215450651,SOLUSDT,break
2020,1,-1.0207058187224678,SOLUSDT,break
2020,1,-1.0495263940520445,SOLUSDT,break
2020,1,-1.0356734280708584,SOLUSDT,break
2020,-1,-1.0631131839381185,SOLUSDT,break
2020,-1,1.9285672820109976,SOLUSDT,break
2020,-1,-1.0910055205047324,SOLUSDT,break
2020,-1,-1.0255345017771786,SOLUSDT,break
2020,-1,1.8992095990858013,SOLUSDT,break
2020,-1,-1.1073732450792542,SOLUSDT,break
2020,1,-1.02933159387752,SOLUSDT,break
2021,1,1.9805724208080284,SOLUSDT,break
2021,1,1.970139885744175,SOLUSDT,break
2021,1,1.9773815953469047,SOLUSDT,break
2021,1,-1.0092003118359387,SOLUSDT,break
2021,1,1.9877544698255476,SOLUSDT,break
2021,1,-1.0470795800128747,SOLUSDT,break
2021,1,-1.0457758502390047,SOLUSDT,break
2021,1,-1.0527099876728843,SOLUSDT,break
2021,-1,1.9609590927548004,SOLUSDT,break
2021,1,-1.0763748826382915,SOLUSDT,break
2021,1,1.944578615455873,SOLUSDT,break
2021,1,-1.0304526783197558,SOLUSDT,break
2021,1,-1.0449958266382227,SOLUSDT,break
2021,-1,-1.0634519597852374,SOLUSDT,break
2021,1,1.952580303030303,SOLUSDT,break
2021,1,1.9698050444742294,SOLUSDT,break
2021,1,-1.030198160241556,SOLUSDT,break
2021,1,1.9813994248316855,SOLUSDT,break
2021,1,1.976898875682621,SOLUSDT,break
2021,1,1.989338879004059,SOLUSDT,break
2021,1,0.08340552780929975,SOLUSDT,break
2021,1,1.960681459310506,SOLUSDT,break
2021,1,-1.0372326016895914,SOLUSDT,break
2021,-1,-1.036421467865108,SOLUSDT,break
2021,-1,-1.1278661165430037,SOLUSDT,break
2021,1,-1.032680452851916,SOLUSDT,break
2021,1,-1.030364351688519,SOLUSDT,break
2021,-1,-1.055811373289839,SOLUSDT,break
2021,1,-1.1385964706648433,SOLUSDT,break
2021,-1,-1.0724037285218089,SOLUSDT,break
2021,1,-1.095298832413224,SOLUSDT,break
2021,-1,1.9328824870759864,SOLUSDT,break
2021,1,-1.0834336833686329,SOLUSDT,break
2021,1,-1.0453040179341266,SOLUSDT,break
2021,1,-1.0429516070664868,SOLUSDT,break
2021,1,1.9625546453638716,SOLUSDT,break
2021,1,-1.0318868182977115,SOLUSDT,break
2021,-1,-1.0095209122168056,SOLUSDT,break
2021,1,1.96224510337503,SOLUSDT,break
2021,1,1.970738904065246,SOLUSDT,break
2021,1,1.9650295050240791,SOLUSDT,break
2021,1,-1.0144566442503649,SOLUSDT,break
2021,1,-1.0216463127446118,SOLUSDT,break
2021,-1,-1.0340771014658725,SOLUSDT,break
2021,-1,1.8812991842204554,SOLUSDT,break
2021,-1,-1.0409514372795283,SOLUSDT,break
2021,1,-1.0215900186410223,SOLUSDT,break
2021,1,1.9778553720805487,SOLUSDT,break
2021,1,-1.0194896936412865,SOLUSDT,break
2021,1,-1.00885479232405,SOLUSDT,break
2021,-1,1.9878003661776855,SOLUSDT,break
2021,1,-1.013421284806968,SOLUSDT,break
2021,1,1.9370086114341951,SOLUSDT,break
2021,1,-1.065727990173499,SOLUSDT,break
2021,1,-1.053672852109995,SOLUSDT,break
2021,-1,-1.033148739794107,SOLUSDT,break
2021,1,-1.0836115307067735,SOLUSDT,break
2021,1,-1.0300574382938668,SOLUSDT,break
2021,-1,1.9764231521054898,SOLUSDT,break
2021,1,-1.0502153910114147,SOLUSDT,break
2021,1,-1.0713051577722426,SOLUSDT,break
2021,-1,-1.0584836280861494,SOLUSDT,break
2021,-1,1.9433702041732108,SOLUSDT,break
2021,-1,1.9418214703360104,SOLUSDT,break
2021,-1,1.9463036307977637,SOLUSDT,break
2021,-1,1.9097393341794393,SOLUSDT,break
2021,-1,1.9097413018903473,SOLUSDT,break
2021,-1,1.9638056359776104,SOLUSDT,break
2021,-1,1.89117591323754,SOLUSDT,break
2021,-1,-1.018444960280615,SOLUSDT,break
2021,1,-1.058827143330023,SOLUSDT,break
2021,1,-1.0637175940562758,SOLUSDT,break
2021,1,1.9356296732410947,SOLUSDT,break
2021,1,-1.0777535067363977,SOLUSDT,break
2021,1,1.8615972428783898,SOLUSDT,break
2021,1,1.8981569796670759,SOLUSDT,break
2021,1,-1.041589095930802,SOLUSDT,break
2021,1,1.9171936789968165,SOLUSDT,break
2021,1,-1.0451910547599221,SOLUSDT,break
2021,1,-1.0351008108435196,SOLUSDT,break
2021,1,-1.069495410279111,SOLUSDT,break
2021,1,-1.0209586613562303,SOLUSDT,break
2021,1,-1.0339074626593725,SOLUSDT,break
2021,-1,-1.0424179118054493,SOLUSDT,break
2021,-1,1.9086602782882651,SOLUSDT,break
2021,1,1.9593387743513235,SOLUSDT,break
2021,1,-0.1023584273077776,SOLUSDT,break
2021,1,-1.024310163020423,SOLUSDT,break
2021,1,-1.0268864523997976,SOLUSDT,break
2021,-1,-1.0520760266075386,SOLUSDT,break
2021,1,-1.0495748892786019,SOLUSDT,break
2021,-1,1.9739745576539909,SOLUSDT,break
2021,-1,-1.0298547912279348,SOLUSDT,break
2021,1,-1.0361384655628432,SOLUSDT,break
2021,1,-1.0291539453781124,SOLUSDT,break
2021,-1,-1.0415515961395694,SOLUSDT,break
2021,1,-1.0506872035471233,SOLUSDT,break
2021,1,1.9243892345072489,SOLUSDT,break
2021,1,-1.0745606393965246,SOLUSDT,break
2021,-1,-1.153471243135297,SOLUSDT,break
2021,-1,1.8918747555207855,SOLUSDT,break
2021,1,1.9569666550055889,SOLUSDT,break
2021,1,-1.0477978896103894,SOLUSDT,break
2021,1,-1.1049099214145381,SOLUSDT,break
2021,1,-1.1047979818365297,SOLUSDT,break
2021,1,-1.0508414738646101,SOLUSDT,break
2021,-1,-1.0681485247366072,SOLUSDT,break
2021,-1,1.9298571529375237,SOLUSDT,break
2021,-1,-1.1378439204545459,SOLUSDT,break
2021,1,-1.1056700450450456,SOLUSDT,break
2021,1,-1.1255138487724365,SOLUSDT,break
2021,-1,1.9365363664770956,SOLUSDT,break
2021,-1,-1.0770032137307526,SOLUSDT,break
2021,-1,-1.0543350057411012,SOLUSDT,break
2021,-1,-1.0629358787607146,SOLUSDT,break
2021,1,-1.0508896065063988,SOLUSDT,break
2021,-1,-1.0347448815037479,SOLUSDT,break
2021,1,1.9258141659980386,SOLUSDT,break
2021,1,1.9615393585155925,SOLUSDT,break
2021,1,-1.0599121188580307,SOLUSDT,break
2021,-1,-1.0214060065768629,SOLUSDT,break
2021,-1,1.940698947368421,SOLUSDT,break
2021,-1,-1.0401497169319547,SOLUSDT,break
2021,1,1.9423889528193328,SOLUSDT,break
2021,1,-1.117334921107472,SOLUSDT,break
2021,-1,1.8781696149135945,SOLUSDT,break
2021,-1,-1.048007314328582,SOLUSDT,break
2021,-1,-1.0773604187214203,SOLUSDT,break
2022,1,-1.1381535338057844,SOLUSDT,break
2022,-1,1.9388263813149502,SOLUSDT,break
2022,-1,-1.0976630490602213,SOLUSDT,break
2022,1,-1.0849073266092477,SOLUSDT,break
2022,-1,1.9169596202275163,SOLUSDT,break
2022,1,-1.1476286902286896,SOLUSDT,break
2022,-1,-1.01540218939202,SOLUSDT,break
2022,1,-1.022982280927835,SOLUSDT,break
2022,1,-1.0501334545304304,SOLUSDT,break
2022,1,1.9415361250861114,SOLUSDT,break
2022,1,1.883729514601035,SOLUSDT,break
2022,1,-1.0839785714285715,SOLUSDT,break
2022,-1,-1.0691513006348667,SOLUSDT,break
2022,-1,-1.126071550255536,SOLUSDT,break
2022,-1,1.9352316009557946,SOLUSDT,break
2022,-1,1.8822075336816062,SOLUSDT,break
2022,-1,1.9184186553421774,SOLUSDT,break
2022,-1,1.8655320197044356,SOLUSDT,break
2022,-1,1.8996435380782153,SOLUSDT,break
2022,-1,-1.0535875893015292,SOLUSDT,break
2022,-1,-1.063369772384478,SOLUSDT,break
2022,-1,-1.0352897848666258,SOLUSDT,break
2022,-1,-1.0610769311871795,SOLUSDT,break
2022,1,-1.0632185689731999,SOLUSDT,break
2022,-1,-1.054686561747336,SOLUSDT,break
2022,1,-1.0400186471193418,SOLUSDT,break
2022,-1,-1.1148810999661896,SOLUSDT,break
2022,1,1.873113446653513,SOLUSDT,break
2022,1,-1.1187368922783596,SOLUSDT,break
2022,1,1.9211715002224652,SOLUSDT,break
2022,1,-1.1101826378453359,SOLUSDT,break
2022,1,1.8698865331491714,SOLUSDT,break
2022,1,1.9371271269633508,SOLUSDT,break
2022,1,1.9538962255172547,SOLUSDT,break
2022,1,1.917461591064509,SOLUSDT,break
2022,-1,1.945271360453628,SOLUSDT,break
2022,-1,-1.0455786597267402,SOLUSDT,break
2022,-1,1.928572756541776,SOLUSDT,break
2022,-1,-1.0953852000373028,SOLUSDT,break
2022,-1,-1.1136081456690674,SOLUSDT,break
2022,1,-1.0674002128356255,SOLUSDT,break
2022,-1,-1.1868178992595293,SOLUSDT,break
2022,-1,1.9031047736547408,SOLUSDT,break
2022,1,-1.13221673189824,SOLUSDT,break
2022,-1,1.9295608834879714,SOLUSDT,break
2022,1,-1.0437758985200847,SOLUSDT,break
2022,-1,1.9311532813217078,SOLUSDT,break
2022,-1,1.9152786449095416,SOLUSDT,break
2022,1,-1.035484785150023,SOLUSDT,break
2022,-1,-1.062847659906396,SOLUSDT,break
2022,-1,1.9383752882245369,SOLUSDT,break
2022,-1,-1.0617520341577376,SOLUSDT,break
2022,1,-1.033785999579567,SOLUSDT,break
2022,-1,-1.0170893066102327,SOLUSDT,break
2022,1,-1.0354897617375332,SOLUSDT,break
2022,1,1.9652597151397924,SOLUSDT,break
2022,1,-1.0366402022004164,SOLUSDT,break
2022,1,1.9236557452699583,SOLUSDT,break
2022,-1,1.9219621953996817,SOLUSDT,break
2022,1,-1.0500553683196918,SOLUSDT,break
2022,1,1.9270966485507257,SOLUSDT,break
2022,1,-1.0444461436415224,SOLUSDT,break
2022,-1,-1.0439758770623622,SOLUSDT,break
2022,1,-1.0525956942055628,SOLUSDT,break
2022,1,1.9306537871033773,SOLUSDT,break
2022,1,1.958104993354851,SOLUSDT,break
2022,1,-1.0986757277397259,SOLUSDT,break
2022,-1,1.9012609081825245,SOLUSDT,break
2022,-1,-1.0826705837755881,SOLUSDT,break
2022,-1,-1.0801294686944505,SOLUSDT,break
2022,-1,-1.070167871039466,SOLUSDT,break
2022,-1,-1.0960700613496934,SOLUSDT,break
2022,-1,1.9580973036920195,SOLUSDT,break
2022,1,1.9365464487823485,SOLUSDT,break
2022,1,-1.0729743627851671,SOLUSDT,break
2022,-1,1.912853535353536,SOLUSDT,break
2022,-1,1.924973543559594,SOLUSDT,break
2022,-1,-1.0492090863453813,SOLUSDT,break
2022,1,-1.1306119073869885,SOLUSDT,break
2022,1,-1.0844253231436927,SOLUSDT,break
2022,1,-1.03381050284865,SOLUSDT,break
2022,-1,-1.106067287043665,SOLUSDT,break
2022,-1,-1.1216421568627466,SOLUSDT,break
2022,1,-1.0833479538774586,SOLUSDT,break
2022,-1,0.572525315645249,SOLUSDT,break
2022,1,-1.0307650251166127,SOLUSDT,break
2022,-1,-1.06878599840891,SOLUSDT,break
2022,1,-1.0394066985645933,SOLUSDT,break
2022,-1,-1.0421884142773552,SOLUSDT,break
2022,1,-1.0490449987143222,SOLUSDT,break
2022,-1,1.8983105248694696,SOLUSDT,break
2022,-1,-1.0736452798861482,SOLUSDT,break
2022,1,-1.116933075933077,SOLUSDT,break
2022,-1,1.8571355241064995,SOLUSDT,break
2022,-1,-1.1131497149163154,SOLUSDT,break
2022,-1,-1.1088323758026362,SOLUSDT,break
2022,-1,-1.0970481056437662,SOLUSDT,break
2022,1,1.8619668566603345,SOLUSDT,break
2022,1,-1.0753204407465706,SOLUSDT,break
2022,-1,-1.0516073749187784,SOLUSDT,break
2022,1,1.8903372345761587,SOLUSDT,break
2022,-1,1.0636968084673644,SOLUSDT,break
2022,-1,-1.074527345709985,SOLUSDT,break
2022,-1,1.9310425921087015,SOLUSDT,break
2022,-1,-1.0362684143222507,SOLUSDT,break
2022,1,1.935069198583843,SOLUSDT,break
2022,1,-1.0910457516339869,SOLUSDT,break
2022,1,-1.2189032258064516,SOLUSDT,break
2022,-1,-1.1088422098569162,SOLUSDT,break
2022,-1,-1.0439405652535327,SOLUSDT,break
2022,-1,1.865875000000001,SOLUSDT,break
2022,-1,-1.015780475669221,SOLUSDT,break
2023,1,1.8894433279742766,SOLUSDT,break
2023,1,-1.0843286552692006,SOLUSDT,break
2023,-1,-1.0411427523832804,SOLUSDT,break
2023,-1,-1.071839743589744,SOLUSDT,break
2023,1,1.9824101288610951,SOLUSDT,break
2023,-1,-1.0679318181818183,SOLUSDT,break
2023,-1,-1.036220024721879,SOLUSDT,break
2023,-1,-1.0791825627957774,SOLUSDT,break
2023,1,1.9589737099137232,SOLUSDT,break
2023,1,-1.0372741679873216,SOLUSDT,break
2023,-1,-1.0227179191861022,SOLUSDT,break
2023,1,-1.0780015092061572,SOLUSDT,break
2023,-1,-1.1237860542598754,SOLUSDT,break
2023,-1,-1.075194376528117,SOLUSDT,break
2023,-1,1.896835743578674,SOLUSDT,break
2023,-1,1.953792195726231,SOLUSDT,break
2023,1,1.8659524940617576,SOLUSDT,break
2023,1,1.9565948348146904,SOLUSDT,break
2023,-1,-1.1016818181818184,SOLUSDT,break
2023,-1,1.9162859431317587,SOLUSDT,break
2023,-1,1.8273519529609412,SOLUSDT,break
2023,-1,1.947551954477981,SOLUSDT,break
2023,1,-1.066582200247219,SOLUSDT,break
2023,1,-1.0375037232764832,SOLUSDT,break
2023,1,-1.1087079710144911,SOLUSDT,break
2023,1,-1.0495344629222887,SOLUSDT,break
2023,-1,-1.0465854807981547,SOLUSDT,break
2023,-1,-1.0963474732571008,SOLUSDT,break
2023,-1,-1.1311571841851487,SOLUSDT,break
2023,1,-1.120641928494041,SOLUSDT,break
2023,1,1.9234146733022959,SOLUSDT,break
2023,1,1.9198701923076922,SOLUSDT,break
2023,1,-1.1675216819973702,SOLUSDT,break
2023,-1,-1.1778705645161318,SOLUSDT,break
2023,-1,-1.0732217194570135,SOLUSDT,break
2023,-1,-1.107757894736842,SOLUSDT,break
2023,1,1.935318477111346,SOLUSDT,break
2023,1,-1.0711039876907296,SOLUSDT,break
2023,-1,-1.1613282389718638,SOLUSDT,break
2023,1,-1.241310441094365,SOLUSDT,break
2023,1,-1.2035772511848328,SOLUSDT,break
2023,-1,1.83401734852408,SOLUSDT,break
2023,-1,1.830938533541342,SOLUSDT,break
2023,-1,1.8592508361204019,SOLUSDT,break
2023,-1,-1.120327310155535,SOLUSDT,break
2023,1,1.8352885360185913,SOLUSDT,break
2023,1,-1.1332226683137736,SOLUSDT,break
2023,1,-1.0849657971014492,SOLUSDT,break
2023,-1,1.945208517034068,SOLUSDT,break
2023,-1,-1.0754625047582795,SOLUSDT,break
2023,-1,1.925141271676301,SOLUSDT,break
2023,1,1.939343333843563,SOLUSDT,break
2023,1,-1.0516555926302047,SOLUSDT,break
2023,-1,-1.190854700854699,SOLUSDT,break
2023,1,-1.0863358778625953,SOLUSDT,break
2023,-1,-1.0611334845294023,SOLUSDT,break
2023,1,-1.1268992668154294,SOLUSDT,break
2023,1,-1.0609743589743588,SOLUSDT,break
2023,-1,-1.082083014244141,SOLUSDT,break
2023,-1,-1.1565287423402388,SOLUSDT,break
2023,-1,-1.1392063841496984,SOLUSDT,break
2023,1,-1.1463877498053472,SOLUSDT,break
2023,1,-1.1241899781075166,SOLUSDT,break
2023,-1,1.8605468750000012,SOLUSDT,break
2023,-1,-1.1091975996570949,SOLUSDT,break
2023,-1,-1.0879666666666665,SOLUSDT,break
2023,-1,-1.1348394160583943,SOLUSDT,break
2023,-1,-1.1690562205295638,SOLUSDT,break
2023,-1,1.9042717712177126,SOLUSDT,break
2023,-1,-1.1136115792334882,SOLUSDT,break
2023,1,-1.0538290734824283,SOLUSDT,break
2023,1,-1.1054972593729455,SOLUSDT,break
2023,-1,1.899846153846155,SOLUSDT,break
2023,-1,-1.08749258751713,SOLUSDT,break
2023,1,-1.0824481373265158,SOLUSDT,break
2023,1,-1.1119691233229179,SOLUSDT,break
2023,-1,-1.1542767571885006,SOLUSDT,break
2023,1,1.9008536308623303,SOLUSDT,break
2023,1,-1.1161462184873965,SOLUSDT,break
2023,-1,-1.0553702249196717,SOLUSDT,break
2023,-1,-1.069673340358272,SOLUSDT,break
2023,-1,-1.1044501561374016,SOLUSDT,break
2023,1,-1.0757819670097977,SOLUSDT,break
2023,1,-1.0923752802690583,SOLUSDT,break
2023,1,-1.057645431145431,SOLUSDT,break
2023,1,-1.0502972176016936,SOLUSDT,break
2023,1,-1.0721163335938375,SOLUSDT,break
2023,-1,1.9334210151239208,SOLUSDT,break
2023,-1,-1.0779544265969365,SOLUSDT,break
2023,1,-1.1078843080486385,SOLUSDT,break
2023,1,1.9298318481208832,SOLUSDT,break
2023,1,1.9752826477134038,SOLUSDT,break
2023,-1,-1.041781926646045,SOLUSDT,break
2023,-1,-1.0306310635733653,SOLUSDT,break
2023,1,1.9602194425262136,SOLUSDT,break
2023,-1,-1.093652550284308,SOLUSDT,break
2023,-1,-1.0587154804425474,SOLUSDT,break
2023,1,1.922566211419289,SOLUSDT,break
2023,1,1.903633083244023,SOLUSDT,break
2023,-1,-1.0486650076569677,SOLUSDT,break
2023,1,-0.032797774832457924,SOLUSDT,break
2023,1,-1.0414182370720266,SOLUSDT,break
2023,1,1.9172512753089674,SOLUSDT,break
2023,-1,-1.040144932735426,SOLUSDT,break
2023,1,1.964430323556491,SOLUSDT,break
2024,1,-1.0526234067207414,SOLUSDT,break
2024,1,-1.049754225878833,SOLUSDT,break
2024,-1,-1.0702123970524489,SOLUSDT,break
2024,-1,1.902584276609911,SOLUSDT,break
2024,-1,1.9097015590200446,SOLUSDT,break
2024,-1,-1.0564101692894614,SOLUSDT,break
2024,1,1.8864449970396688,SOLUSDT,break
2024,1,1.9344100652376517,SOLUSDT,break
2024,1,1.923863462723352,SOLUSDT,break
2024,1,-1.0686033435808835,SOLUSDT,break
2024,1,-1.0847958682832128,SOLUSDT,break
2024,-1,-1.1073204147703286,SOLUSDT,break
2024,-1,-1.1029723076923073,SOLUSDT,break
2024,-1,-1.0947851495359235,SOLUSDT,break
2024,-1,-1.1081127643745352,SOLUSDT,break
2024,1,1.9614418331230943,SOLUSDT,break
2024,1,1.971422080878076,SOLUSDT,break
2024,1,-1.0642934161084785,SOLUSDT,break
2024,1,1.9838428895096902,SOLUSDT,break
2024,1,-1.073810877606197,SOLUSDT,break
2024,1,-1.0305634713585548,SOLUSDT,break
2024,1,-1.0265907748447818,SOLUSDT,break
2024,1,-1.0371350559588477,SOLUSDT,break
2024,1,-1.1073515625,SOLUSDT,break
2024,1,1.8328280487804876,SOLUSDT,break
2024,1,-1.0473148010784974,SOLUSDT,break
2024,-1,-1.0396681571382944,SOLUSDT,break
2024,-1,-1.0330015552099534,SOLUSDT,break
2024,1,-1.0843458243874364,SOLUSDT,break
2024,-1,1.9397691192349225,SOLUSDT,break
2024,-1,-1.0814764234270955,SOLUSDT,break
2024,-1,-1.0300041929704429,SOLUSDT,break
2024,1,1.9445832300530115,SOLUSDT,break
2024,1,-1.0746462678766564,SOLUSDT,break
2024,-1,-1.0256202497087943,SOLUSDT,break
2024,1,1.9163407609838123,SOLUSDT,break
2024,-1,1.875396206273608,SOLUSDT,break
2024,1,1.9192326497716483,SOLUSDT,break
2024,-1,0.31750391020557484,SOLUSDT,break
2024,-1,-1.1031382492242363,SOLUSDT,break
2024,-1,-1.1060962264150942,SOLUSDT,break
2024,-1,-1.2017755437762732,SOLUSDT,break
2024,1,-1.1907259626210296,SOLUSDT,break
2024,1,-1.1914797047970493,SOLUSDT,break
2024,1,-1.1426700519603203,SOLUSDT,break
2024,1,-1.191258482653451,SOLUSDT,break
2024,-1,1.9441969587982402,SOLUSDT,break
2024,-1,-1.0897365940644503,SOLUSDT,break
2024,-1,1.9223014615883067,SOLUSDT,break
2024,-1,-1.1048131034752353,SOLUSDT,break
2024,-1,-1.0484352324505806,SOLUSDT,break
2024,1,-1.056767093761226,SOLUSDT,break
2024,1,-1.0722451117318441,SOLUSDT,break
2024,1,-1.090861206896551,SOLUSDT,break
2024,-1,1.9497553322874597,SOLUSDT,break
2024,1,-1.0690616015966636,SOLUSDT,break
2024,1,1.8980458451704552,SOLUSDT,break
2024,1,-1.0927798736770236,SOLUSDT,break
2024,1,-1.062586092659829,SOLUSDT,break
2024,-1,-1.062368226600985,SOLUSDT,break
2024,-1,-1.0921537851973169,SOLUSDT,break
2024,1,-1.0985387694220012,SOLUSDT,break
2024,1,-1.0783428636307333,SOLUSDT,break
2024,-1,-1.1226171740669573,SOLUSDT,break
2024,-1,-1.0378450252811315,SOLUSDT,break
2024,1,1.952384263019395,SOLUSDT,break
2024,1,1.88748859385315,SOLUSDT,break
2024,-1,1.8672695705147737,SOLUSDT,break
2024,-1,-1.083033277870217,SOLUSDT,break
2024,-1,-1.056768544568723,SOLUSDT,break
2024,1,-1.1832735175411335,SOLUSDT,break
2024,1,-1.074516930925824,SOLUSDT,break
2024,-1,-1.1300241820089665,SOLUSDT,break
2024,-1,-1.135893424502597,SOLUSDT,break
2024,-1,-1.0941418709831,SOLUSDT,break
2024,1,-1.0854614577704307,SOLUSDT,break
2024,1,-1.2165671059814342,SOLUSDT,break
2024,-1,-1.1077656357946928,SOLUSDT,break
2024,-1,-1.1596087636932728,SOLUSDT,break
2024,-1,-1.0424305293234537,SOLUSDT,break
2024,1,-1.1257159600804565,SOLUSDT,break
2024,1,1.9114371703707589,SOLUSDT,break
2024,-1,1.843433751119067,SOLUSDT,break
2024,-1,-1.2086362732754565,SOLUSDT,break
2024,-1,-1.134096187390978,SOLUSDT,break
2024,1,1.9134329470198677,SOLUSDT,break
2024,1,1.8401493381198124,SOLUSDT,break
2024,1,1.8830199662731881,SOLUSDT,break
2024,1,-1.074717135038417,SOLUSDT,break
2024,1,-1.081185614951947,SOLUSDT,break
2024,-1,-1.039995744433913,SOLUSDT,break
2024,1,1.8800105543748424,SOLUSDT,break
2024,1,1.9256712452589417,SOLUSDT,break
2024,1,-1.0530581783964437,SOLUSDT,break
2024,1,-1.0762530939201653,SOLUSDT,break
2024,1,-1.0469275983279498,SOLUSDT,break
2024,1,-1.0571705001825484,SOLUSDT,break
2024,1,-1.0597038549108897,SOLUSDT,break
2024,1,-1.0705316583549018,SOLUSDT,break
2024,-1,-1.051031917129093,SOLUSDT,break
2024,-1,-1.053628435484311,SOLUSDT,break
2024,1,-1.0644179696832943,SOLUSDT,break
2024,-1,1.9435326665914705,SOLUSDT,break
2024,1,1.8286460755009433,SOLUSDT,break
2024,-1,1.877424674486173,SOLUSDT,break
2024,-1,1.8692389611969338,SOLUSDT,break
2024,-1,1.9507102194744979,SOLUSDT,break
2024,-1,-1.165646909867847,SOLUSDT,break
2024,-1,-1.1157970527484058,SOLUSDT,break
2024,1,-1.0850395836987656,SOLUSDT,break
2024,1,-1.128821682328673,SOLUSDT,break
2025,1,-1.085401766933109,SOLUSDT,break
2025,-1,-1.1305833418358653,SOLUSDT,break
2025,-1,-1.1417245300181924,SOLUSDT,break
2025,1,-1.017665714436862,SOLUSDT,break
2025,-1,1.9560451846464906,SOLUSDT,break
2025,1,-1.1672555932757993,SOLUSDT,break
2025,-1,-1.0646757397014168,SOLUSDT,break
2025,1,-1.0553625792161447,SOLUSDT,break
2025,-1,1.9338412036128019,SOLUSDT,break
2025,-1,-1.0668852038298293,SOLUSDT,break
2025,1,-1.1020262777327074,SOLUSDT,break
2025,1,-1.0438804394197954,SOLUSDT,break
2025,-1,-1.0294610345269088,SOLUSDT,break
2025,-1,-1.066887183280932,SOLUSDT,break
2025,1,-1.0542725556283745,SOLUSDT,break
2025,1,-1.095063986665913,SOLUSDT,break
2025,-1,1.9310684694653857,SOLUSDT,break
2025,1,1.8998308119011602,SOLUSDT,break
2025,-1,-1.0274643612618413,SOLUSDT,break
2025,1,1.9085314915309979,SOLUSDT,break
2025,1,1.9018603322740262,SOLUSDT,break
2025,-1,-1.1287461322081578,SOLUSDT,break
2025,1,1.833542606445808,SOLUSDT,break
2025,1,-1.0792528634138958,SOLUSDT,break
2025,1,-1.0619778399484743,SOLUSDT,break
2025,-1,-1.1415275530234128,SOLUSDT,break
2025,-1,-1.1321220964589291,SOLUSDT,break
2025,1,-1.0590445584920134,SOLUSDT,break
2025,-1,-1.0962015917318375,SOLUSDT,break
2025,1,-1.054616288286248,SOLUSDT,break
2025,1,-1.0504400773991682,SOLUSDT,break
2025,-1,-1.0764700460829493,SOLUSDT,break
2025,-1,-1.1170756208071366,SOLUSDT,break
2025,1,-1.036005409252669,SOLUSDT,break
2025,-1,-1.068680126208163,SOLUSDT,break
2025,1,-1.0948066314955032,SOLUSDT,break
2025,-1,-1.1346656056024211,SOLUSDT,break
2025,1,-1.2191893901834412,SOLUSDT,break
2025,1,1.9158536285362864,SOLUSDT,break
2025,1,-1.1415560459355987,SOLUSDT,break
2025,-1,-1.075205128205128,SOLUSDT,break
2025,-1,1.9428523683577783,SOLUSDT,break
2025,-1,1.9436082515203306,SOLUSDT,break
2025,-1,-1.0515366050354054,SOLUSDT,break
2025,1,1.9493108093141733,SOLUSDT,break
2025,1,-1.107228517096625,SOLUSDT,break
2025,1,1.937613851935811,SOLUSDT,break
2025,1,-1.0961151869476546,SOLUSDT,break
2025,1,-1.0695364758698096,SOLUSDT,break
2025,1,-1.0418989205601308,SOLUSDT,break
2025,-1,-1.0626567613152267,SOLUSDT,break
2025,-1,-1.101480501660309,SOLUSDT,break
2025,1,-1.1712453624523047,SOLUSDT,break
2025,-1,1.9212861907938623,SOLUSDT,break
2025,1,1.8717673039869565,SOLUSDT,break
2025,1,1.9281943144595226,SOLUSDT,break
2025,-1,-1.166201504979046,SOLUSDT,break
2025,1,-1.0311832156786678,SOLUSDT,break
2025,-1,-1.0674316036478053,SOLUSDT,break
2025,1,1.9212571643192486,SOLUSDT,break
2025,1,-1.0827078713968954,SOLUSDT,break
2025,1,-1.0472325007510406,SOLUSDT,break
2025,-1,-1.1277930991645682,SOLUSDT,break
2025,1,-1.1812836795512294,SOLUSDT,break
2025,-1,-1.1455703589596622,SOLUSDT,break
2025,1,-1.2377471561809237,SOLUSDT,break
2025,1,1.8681095038108575,SOLUSDT,break
2025,1,-1.1008238709283136,SOLUSDT,break
2025,-1,-1.1594242257887417,SOLUSDT,break
2025,-1,1.7957631901840518,SOLUSDT,break
2025,1,-1.1509561084017534,SOLUSDT,break
2025,-1,-0.0905305427642356,SOLUSDT,break
2025,-1,-1.0797818713588225,SOLUSDT,break
2025,1,1.9331400084440258,SOLUSDT,break
2025,-1,1.8169104137171606,SOLUSDT,break
2025,1,1.9384695493396717,SOLUSDT,break
2025,-1,-1.0472310169852026,SOLUSDT,break
2025,1,-1.1169342783505156,SOLUSDT,break
2025,1,-1.0859492065570915,SOLUSDT,break
2025,-1,-1.1265989496299826,SOLUSDT,break
2025,1,-1.1128335420285171,SOLUSDT,break
2025,-1,1.8457258995831893,SOLUSDT,break
2025,-1,1.8969589566837441,SOLUSDT,break
2025,1,-1.1446551572271637,SOLUSDT,break
2025,1,1.865378516727126,SOLUSDT,break
2025,1,-1.0679237845729257,SOLUSDT,break
2025,-1,-1.1026924763556627,SOLUSDT,break
2025,-1,-1.089877907312287,SOLUSDT,break
2025,-1,-1.101450978935246,SOLUSDT,break
2025,1,-1.0711222103108857,SOLUSDT,break
2025,-1,-1.057389061026539,SOLUSDT,break
2025,1,1.9278177024283494,SOLUSDT,break
2025,1,1.8791693993824212,SOLUSDT,break
2025,1,-1.1095747234473288,SOLUSDT,break
2025,-1,-1.0682389002966006,SOLUSDT,break
2025,1,1.8724107782259884,SOLUSDT,break
2025,1,-1.0731466047031342,SOLUSDT,break
2025,1,-1.1650151133501294,SOLUSDT,break
2025,1,-1.096295981616424,SOLUSDT,break
2025,-1,-1.0671242279865887,SOLUSDT,break
2025,-1,-1.0765843547761769,SOLUSDT,break
2025,-1,-1.1276080900591492,SOLUSDT,break
2025,-1,-1.185520109015907,SOLUSDT,break
2025,-1,-1.0850766632195792,SOLUSDT,break
2025,-1,1.7314163689850761,SOLUSDT,break
2025,-1,1.892450445986125,SOLUSDT,break
2025,-1,-1.0782714511424405,SOLUSDT,break
2025,1,-1.235108589385477,SOLUSDT,break
2025,1,-1.328880614503323,SOLUSDT,break
2025,1,1.854704695313538,SOLUSDT,break
2026,1,1.8151055233183038,SOLUSDT,break
2026,1,1.918182147711826,SOLUSDT,break
2026,1,1.8692859978562062,SOLUSDT,break
2026,1,1.7636094739508574,SOLUSDT,break
2026,1,-1.1002203064510874,SOLUSDT,break
2026,-1,-1.1045416887944763,SOLUSDT,break
2026,-1,-1.082378228671203,SOLUSDT,break
2026,1,-1.3642717929196893,SOLUSDT,break
2026,1,-1.0757815275310836,SOLUSDT,break
2026,1,1.8205822605482003,SOLUSDT,break
2026,-1,-1.13291812248996,SOLUSDT,break
2026,-1,-1.1051738270519724,SOLUSDT,break
2026,-1,1.79552483542789,SOLUSDT,break
2026,-1,-1.1596188045668223,SOLUSDT,break
2026,-1,-1.0372925512774378,SOLUSDT,break
2026,-1,-1.1390525166025878,SOLUSDT,break
2026,-1,1.8516697703289873,SOLUSDT,break
2026,-1,-1.1530547906181774,SOLUSDT,break
2026,-1,-1.106545850663497,SOLUSDT,break
2026,1,1.9368558831321196,SOLUSDT,break
2026,1,-1.0955540370262673,SOLUSDT,break
2026,1,-1.0802201732673269,SOLUSDT,break
2026,-1,1.7906396866840681,SOLUSDT,break
2026,-1,-1.1976793388429738,SOLUSDT,break
2026,1,1.884342820430453,SOLUSDT,break
2026,1,-1.1107814168743335,SOLUSDT,break
2026,1,-1.127271192119547,SOLUSDT,break
2026,-1,-1.0994452509214636,SOLUSDT,break
2026,-1,-1.045375989547306,SOLUSDT,break
2026,1,1.9158886982718941,SOLUSDT,break
2026,1,-1.1578573922150466,SOLUSDT,break
2026,-1,-1.157453487244155,SOLUSDT,break
2026,1,-1.1069318920871976,SOLUSDT,break
2026,-1,-1.174448784082535,SOLUSDT,break
2026,1,-1.0915331101579662,SOLUSDT,break
2026,1,-1.149560412871889,SOLUSDT,break
2026,-1,-1.0742797531589776,SOLUSDT,break
2026,1,-1.119117440673642,SOLUSDT,break
2026,1,1.8267588521400788,SOLUSDT,break
2026,-1,-1.1209488527724658,SOLUSDT,break
2026,-1,-1.1835383284305256,SOLUSDT,break
2026,-1,-1.2584080650015053,SOLUSDT,break
2026,-1,-1.2534362255660207,SOLUSDT,break
2026,1,-1.2077738784370498,SOLUSDT,break
2026,1,-1.1054624978247005,SOLUSDT,break
2026,1,1.7951210064731724,SOLUSDT,break
2026,-1,1.8861916595951038,SOLUSDT,break
2026,1,-1.1657974201734,SOLUSDT,break
2026,1,-1.130344295991778,SOLUSDT,break
2026,-1,-1.132667055257636,SOLUSDT,break
2026,-1,-1.2116175231676474,SOLUSDT,break
2026,-1,1.8376000000000008,SOLUSDT,break
2026,-1,1.9585356311934512,SOLUSDT,break
2020,1,1.7269200392825736,BTCUSDT,maru
2020,-1,1.828044787632437,BTCUSDT,maru
2020,1,-1.0246455728587198,BTCUSDT,maru
2020,-1,1.2583941255644076,BTCUSDT,maru
2020,-1,-1.462067324909206,BTCUSDT,maru
2020,1,0.6701815443505219,BTCUSDT,maru
2020,-1,-1.1859015479105262,BTCUSDT,maru
2020,-1,-1.1294219660980358,BTCUSDT,maru
2020,1,0.9166287360526916,BTCUSDT,maru
2020,1,-1.036977963164504,BTCUSDT,maru
2021,1,-1.282411894370789,BTCUSDT,maru
2021,-1,0.40378884049179464,BTCUSDT,maru
2021,1,1.8499671434465164,BTCUSDT,maru
2021,-1,-1.9512109948538912,BTCUSDT,maru
2021,-1,1.9068384038152228,BTCUSDT,maru
2021,1,1.457909490445759,BTCUSDT,maru
2021,1,-1.0640822895227076,BTCUSDT,maru
2021,-1,-2.8554582981583407,BTCUSDT,maru
2022,-1,1.4635285729796335,BTCUSDT,maru
2022,1,0.9330600883014342,BTCUSDT,maru
2022,1,-1.0675624850318404,BTCUSDT,maru
2022,-1,-1.246377257770154,BTCUSDT,maru
2023,-1,0.6695299527286646,BTCUSDT,maru
2023,1,-1.2273284528516404,BTCUSDT,maru
2023,-1,1.694834830723418,BTCUSDT,maru
2023,1,0.9564950552874911,BTCUSDT,maru
2023,-1,1.6266967925522717,BTCUSDT,maru
2023,-1,-1.3520171728459316,BTCUSDT,maru
2023,1,1.772395767481697,BTCUSDT,maru
2023,1,-1.3394283053285079,BTCUSDT,maru
2023,1,1.1931889952508767,BTCUSDT,maru
2023,-1,0.9549776817998967,BTCUSDT,maru
2023,1,-1.2567732965540006,BTCUSDT,maru
2023,-1,1.540523132051641,BTCUSDT,maru
2023,1,1.8388472471580324,BTCUSDT,maru
2023,1,0.7931864684563239,BTCUSDT,maru
2023,-1,1.4538490415094216,BTCUSDT,maru
2024,1,-1.1068808835348145,BTCUSDT,maru
2024,-1,0.8295817938819428,BTCUSDT,maru
2024,1,0.036843529324534455,BTCUSDT,maru
2024,-1,-1.187918929610869,BTCUSDT,maru
2024,-1,0.908385543297727,BTCUSDT,maru
2024,1,0.19975643171613996,BTCUSDT,maru
2024,1,0.9161941144185235,BTCUSDT,maru
2024,-1,-1.131777781344663,BTCUSDT,maru
2024,1,1.9309581015331991,BTCUSDT,maru
2024,-1,-1.0559216410599137,BTCUSDT,maru
2024,1,-0.25779691448343783,BTCUSDT,maru
2025,1,1.6709594606157834,BTCUSDT,maru
2025,-1,0.9318306822314193,BTCUSDT,maru
2025,1,1.3308670674349465,BTCUSDT,maru
2025,1,-1.150633376616975,BTCUSDT,maru
2025,1,-1.6889284396987634,BTCUSDT,maru
2025,1,1.1034922125591846,BTCUSDT,maru
2025,-1,-1.1167818703708363,BTCUSDT,maru
2025,1,0.9124320888436671,BTCUSDT,maru
2025,1,-1.372632836020558,BTCUSDT,maru
2025,1,-1.4032981769029826,BTCUSDT,maru
2025,1,-1.429650713060658,BTCUSDT,maru
2025,-1,-1.199174827773446,BTCUSDT,maru
2025,-1,0.9266324859629612,BTCUSDT,maru
2025,-1,0.9344117354994195,BTCUSDT,maru
2025,-1,1.7229625639598964,BTCUSDT,maru
2025,-1,0.8591638980968582,BTCUSDT,maru
2026,-1,0.5889127069840344,BTCUSDT,maru
2026,-1,1.88137365507911,BTCUSDT,maru
2020,1,-1.1590554420776185,ETHUSDT,maru
2020,-1,-1.3365163851595225,ETHUSDT,maru
2020,1,1.827408066971082,ETHUSDT,maru
2020,-1,0.1940060380397153,ETHUSDT,maru
2020,1,-1.045812001927425,ETHUSDT,maru
2020,-1,-1.0461947175689894,ETHUSDT,maru
2020,-1,-1.0920656726261984,ETHUSDT,maru
2021,1,-1.0320910559503496,ETHUSDT,maru
2021,-1,-1.0883899136257904,ETHUSDT,maru
2021,1,-1.4231461509495904,ETHUSDT,maru
2021,-1,-1.0957045561719079,ETHUSDT,maru
2021,-1,1.9115572770069436,ETHUSDT,maru
2021,-1,1.9240782848356024,ETHUSDT,maru
2021,-1,-1.1441817027270424,ETHUSDT,maru
2021,1,1.8317823781601652,ETHUSDT,maru
2021,-1,0.9409143306128159,ETHUSDT,maru
2021,-1,-1.0904735352638073,ETHUSDT,maru
2021,1,-1.0424339926251398,ETHUSDT,maru
2022,-1,-1.0594811635648742,ETHUSDT,maru
2022,-1,-1.3137951141775774,ETHUSDT,maru
2022,1,1.9175264008463935,ETHUSDT,maru
2022,-1,0.427588742515167,ETHUSDT,maru
2022,-1,1.166137575642955,ETHUSDT,maru
2022,1,0.9529954394397252,ETHUSDT,maru
2022,-1,-1.141916244799914,ETHUSDT,maru
2023,1,-1.1408071245267664,ETHUSDT,maru
2023,-1,-1.4886414656488605,ETHUSDT,maru
2023,1,0.7243629982170176,ETHUSDT,maru
2023,1,-3.8174317180616,ETHUSDT,maru
2023,-1,-1.4133035292139884,ETHUSDT,maru
2023,1,-1.8981898907103991,ETHUSDT,maru
2023,-1,-1.2137079941492714,ETHUSDT,maru
2023,-1,-1.172613248904042,ETHUSDT,maru
2023,-1,1.7120768591810889,ETHUSDT,maru
2023,-1,-1.9836787242895875,ETHUSDT,maru
2023,-1,-1.1712253835236883,ETHUSDT,maru
2024,-1,-1.1088661053326734,ETHUSDT,maru
2024,-1,0.6904379465250366,ETHUSDT,maru
2024,-1,-1.0594766288467254,ETHUSDT,maru
2024,-1,-1.2183685938746731,ETHUSDT,maru
2024,1,1.9084898230204854,ETHUSDT,maru
2024,1,-1.047769804651825,ETHUSDT,maru
2025,1,0.9421883047188239,ETHUSDT,maru
2025,-1,-1.2566004758367857,ETHUSDT,maru
2025,1,-1.5074293930585518,ETHUSDT,maru
2025,1,-1.170157851543,ETHUSDT,maru
2025,-1,1.8169653672149897,ETHUSDT,maru
2025,-1,1.8925244522215088,ETHUSDT,maru
2025,1,1.4467506529429646,ETHUSDT,maru
2025,-1,-1.2762418020880868,ETHUSDT,maru
2025,1,-0.7078442878187472,ETHUSDT,maru
2025,-1,1.8963358755895856,ETHUSDT,maru
2025,1,0.8299344700959317,ETHUSDT,maru
2025,1,-1.2358305966481944,ETHUSDT,maru
2026,1,-1.2112386729513418,ETHUSDT,maru
2026,1,1.7661009140366168,ETHUSDT,maru
2026,1,1.9237191536074738,ETHUSDT,maru
2026,1,0.09283184277356975,ETHUSDT,maru
2026,1,-1.7356415292277172,ETHUSDT,maru
2026,1,-1.1993612496089459,ETHUSDT,maru
2020,-1,0.9123439821693909,SOLUSDT,maru
2020,-1,-1.034939375193319,SOLUSDT,maru
2020,-1,0.8990976387034115,SOLUSDT,maru
2020,-1,-1.0358192410719649,SOLUSDT,maru
2020,1,1.9464211194066268,SOLUSDT,maru
2020,-1,-1.082504862934566,SOLUSDT,maru
2020,-1,-1.1621292710968036,SOLUSDT,maru
2020,-1,0.8267097022834577,SOLUSDT,maru
2021,1,-1.0226676876667826,SOLUSDT,maru
2021,-1,-1.0342409892553124,SOLUSDT,maru
2021,1,-1.047603773584906,SOLUSDT,maru
2021,1,-1.0608538052441159,SOLUSDT,maru
2021,-1,1.9674241217382922,SOLUSDT,maru
2021,1,1.6808778970197744,SOLUSDT,maru
2021,-1,0.7093866815080102,SOLUSDT,maru
2021,-1,-1.6366316198512214,SOLUSDT,maru
2021,-1,-1.083153542221814,SOLUSDT,maru
2021,1,1.9564722975074422,SOLUSDT,maru
2021,1,1.7757951972351333,SOLUSDT,maru
2021,-1,0.7149607403252878,SOLUSDT,maru
2022,-1,-1.0402552164802408,SOLUSDT,maru
2022,-1,-1.0850163356933176,SOLUSDT,maru
2022,1,0.943402901166019,SOLUSDT,maru
2022,-1,-6.420033003301905,SOLUSDT,maru
2022,-1,-1.0464105663096526,SOLUSDT,maru
2022,1,1.9036094997898283,SOLUSDT,maru
2022,-1,0.9567919069296914,SOLUSDT,maru
2022,1,0.9163625979545756,SOLUSDT,maru
2022,-1,-1.1220473663522015,SOLUSDT,maru
2022,-1,1.939513968863297,SOLUSDT,maru
2022,1,0.9343107626514613,SOLUSDT,maru
2022,-1,-1.4645316666666683,SOLUSDT,maru
2023,-1,-1.1051449369136201,SOLUSDT,maru
2023,-1,-1.175482222222222,SOLUSDT,maru
2023,-1,0.25830739299628724,SOLUSDT,maru
2023,1,-1.116041756659467,SOLUSDT,maru
2023,-1,-1.093627056672761,SOLUSDT,maru
2023,-1,0.9539750183688464,SOLUSDT,maru
2023,-1,0.8110629779577178,SOLUSDT,maru
2023,1,0.9004766757246381,SOLUSDT,maru
2023,-1,1.8901793935991023,SOLUSDT,maru
2023,-1,-1.05509591810944,SOLUSDT,maru
2023,-1,1.878035688005889,SOLUSDT,maru
2023,1,-1.1631909090909098,SOLUSDT,maru
2023,1,0.8152882882882884,SOLUSDT,maru
2023,-1,1.8894535697620154,SOLUSDT,maru
2023,-1,-1.0497928932842686,SOLUSDT,maru
2023,-1,0.9432559990635607,SOLUSDT,maru
2023,-1,-1.121585617299473,SOLUSDT,maru
2023,1,1.9196917808219183,SOLUSDT,maru
2023,-1,1.8626963020372012,SOLUSDT,maru
2023,1,-1.0330196233609727,SOLUSDT,maru
2024,-1,1.9144213378603374,SOLUSDT,maru
2024,-1,1.9459913036040144,SOLUSDT,maru
2024,1,0.9828312397596943,SOLUSDT,maru
2024,-1,-1.079905877933187,SOLUSDT,maru
2024,-1,-1.2031701236119805,SOLUSDT,maru
2024,-1,1.9158085329145393,SOLUSDT,maru
2024,1,1.9134665056698859,SOLUSDT,maru
2024,-1,0.13896466019415196,SOLUSDT,maru
2024,1,-1.2175294276823168,SOLUSDT,maru
2024,-1,0.2908912772585499,SOLUSDT,maru
2025,-1,-1.0851678620017804,SOLUSDT,maru
2025,1,-1.0401735241722463,SOLUSDT,maru
2025,1,0.8323646162528192,SOLUSDT,maru
2025,-1,-1.0832121249445725,SOLUSDT,maru
2025,-1,-1.1258241933727713,SOLUSDT,maru
2025,1,-1.231489866156796,SOLUSDT,maru
2025,-1,-1.084586110655065,SOLUSDT,maru
2025,1,1.9421902594446976,SOLUSDT,maru
2025,1,0.39029945098038665,SOLUSDT,maru
2025,-1,1.859954434706715,SOLUSDT,maru
2025,-1,1.8603662633107472,SOLUSDT,maru
2026,1,0.8420920221169025,SOLUSDT,maru
2026,-1,-1.1135902294303797,SOLUSDT,maru
2026,-1,1.8860237789952194,SOLUSDT,maru
2026,1,-1.128201384567519,SOLUSDT,maru
2026,1,0.3869783461938932,SOLUSDT,maru
2026,1,0.800508519961056,SOLUSDT,maru
