net_R,gross_R,outcome,bars,net_pct,risk_pct,sym,tf,year,dir,kind
1.8901632202580962,1.9999999999999962,win,2,0.024522592479468752,0.0129737962397344,BTCUSDT,1h,2020,-1,ROUNDING_BOTTOM
-1.1796058724569607,-0.9999999999999962,loss,22,-0.011000975688246735,0.00932597568824677,BTCUSDT,1h,2020,-1,ROUNDING_BOTTOM
1.8363974511449335,2.0000000000000036,win,34,0.020485165859539363,0.01115508292976966,BTCUSDT,1h,2020,-1,ROUNDING_BOTTOM
1.8764720023801118,2.0000000000000027,win,7,0.022596109038611596,0.01204180451930578,BTCUSDT,1h,2020,1,ROUNDING_TOP
1.9174492993136363,2.0000000000000027,win,12,0.03600267943488189,0.01877633971744092,BTCUSDT,1h,2021,-1,ROUNDING_BOTTOM
1.8966755201480343,2.000000000000003,win,9,0.027764201942597405,0.014638350971298678,BTCUSDT,1h,2021,1,ROUNDING_TOP
-1.1583758868630532,-1.0000000000000018,loss,6,-0.01078828644287526,0.009313286442875244,BTCUSDT,1h,2021,1,ROUNDING_TOP
1.868215335712058,2.000000000000003,win,0,0.019846781749066754,0.01062339087453336,BTCUSDT,1h,2021,1,ROUNDING_TOP
-1.1091299082491815,-1.000000000000001,loss,0,-0.014228747155209994,0.01282874715520998,BTCUSDT,1h,2021,-1,ROUNDING_BOTTOM
1.9118598583764492,2.000000000000001,win,22,0.036332653928080896,0.019003826964040436,BTCUSDT,1h,2021,-1,ROUNDING_BOTTOM
-1.1124102835081455,-1.0000000000000024,loss,5,-0.014472875513322688,0.013010375513322655,BTCUSDT,1h,2021,-1,ROUNDING_BOTTOM
1.8621537888829836,2.0000000000000084,win,1,0.01908135309257224,0.010246926546286075,BTCUSDT,1h,2022,1,ROUNDING_TOP
1.8563475550061044,2.000000000000002,win,5,0.018899144384989443,0.01018082219249471,BTCUSDT,1h,2022,-1,ROUNDING_BOTTOM
-1.1680209062129498,-0.9999999999999986,loss,1,-0.009819191951832363,0.008406691951832374,BTCUSDT,1h,2022,-1,ROUNDING_BOTTOM
-1.1201937935210382,-0.9999999999999967,loss,0,-0.01304785600809668,0.011647856008096718,BTCUSDT,1h,2022,-1,ROUNDING_BOTTOM
-1.224438902439982,-1.0000000000000084,loss,13,-0.008524305564959514,0.006961805564959456,BTCUSDT,1h,2022,-1,ROUNDING_BOTTOM
-1.1339867982875345,-0.9999999999999946,loss,19,-0.013858853304419338,0.012221353304419404,BTCUSDT,1h,2022,-1,ROUNDING_BOTTOM
1.8707922577701046,1.9999999999999958,win,6,0.021356449177025626,0.011415724588512836,BTCUSDT,1h,2022,-1,ROUNDING_BOTTOM
1.831974926106793,1.9999999999999905,win,1,0.015400466865859871,0.008406483432929976,BTCUSDT,1h,2022,-1,ROUNDING_BOTTOM
1.8490375198816034,2.0,win,29,0.021587672819335095,0.011675086409667548,BTCUSDT,1h,2022,1,ROUNDING_TOP
1.8863555638244975,2.000000000000003,win,4,0.02406818723022587,0.012759093615112916,BTCUSDT,1h,2022,-1,ROUNDING_BOTTOM
-1.0803608834596556,-1.0000000000000007,loss,3,-0.01932555620487845,0.017888056204878443,BTCUSDT,1h,2022,-1,ROUNDING_BOTTOM
-1.2402584387706583,-0.9999999999999938,loss,6,-0.007614222445409851,0.006139222445409888,BTCUSDT,1h,2022,1,ROUNDING_TOP
1.725743020513411,2.0000000000000053,win,4,0.00912402442566374,0.005287012212831856,BTCUSDT,1h,2022,1,ROUNDING_TOP
-1.3383312298689907,-1.0000000000000078,loss,23,-0.006675215738371208,0.004987715738371169,BTCUSDT,1h,2022,-1,ROUNDING_BOTTOM
1.8570112580800386,2.000000000000005,win,3,0.018668978044328825,0.010053239022164387,BTCUSDT,1h,2023,1,ROUNDING_TOP
1.8714847890748303,2.0000000000000044,win,20,0.024027894283824302,0.01283894714191212,BTCUSDT,1h,2023,1,ROUNDING_TOP
1.9270153693932282,1.9999999999999971,win,15,0.041914809645251835,0.021751154822625948,BTCUSDT,1h,2023,1,ROUNDING_TOP
-1.076336995270061,-0.9999999999999991,loss,3,-0.02026847435148535,0.01883097435148537,BTCUSDT,1h,2023,1,ROUNDING_TOP
1.792124331769266,2.0,win,7,0.01282393926232803,0.007155719631164016,BTCUSDT,1h,2023,1,ROUNDING_TOP
1.432484868634224,2.0000000000000067,win,2,0.0035968925319950426,0.002510946265997513,BTCUSDT,1h,2023,-1,ROUNDING_BOTTOM
-1.4613431341866054,-1.0000000000000087,loss,4,-0.0045929968120291525,0.003142996812029126,BTCUSDT,1h,2023,-1,ROUNDING_BOTTOM
-1.24761401800493,-1.0,loss,18,-0.008187633299572103,0.006562633299572103,BTCUSDT,1h,2023,-1,ROUNDING_BOTTOM
-1.4326182167930592,-0.9999999999999882,loss,5,-0.004843078864295774,0.0033805788642958133,BTCUSDT,1h,2023,-1,ROUNDING_BOTTOM
-1.1287898085679173,-1.000000000000007,loss,21,-0.014571130104247623,0.01290863010424753,BTCUSDT,1h,2023,1,ROUNDING_TOP
1.8234096250277334,2.0,win,3,0.014843115523079977,0.008140307761539988,BTCUSDT,1h,2023,1,ROUNDING_TOP
1.8773415504078805,1.9999999999999936,win,4,0.022192888114464338,0.011821444057232207,BTCUSDT,1h,2024,1,ROUNDING_TOP
-1.1933052117974177,-1.000000000000002,loss,29,-0.010880205537329789,0.00911770553732977,BTCUSDT,1h,2024,1,ROUNDING_TOP
1.8619945259484312,2.0000000000000044,win,2,0.01922635473492122,0.010325677367460586,BTCUSDT,1h,2024,-1,ROUNDING_BOTTOM
1.8122462017723775,1.9999999999999964,win,9,0.01459902492549154,0.008055762462745784,BTCUSDT,1h,2024,1,ROUNDING_TOP
-1.136246303171169,-0.9999999999999988,loss,11,-0.012822209854243842,0.011284709854243855,BTCUSDT,1h,2024,-1,ROUNDING_BOTTOM
1.7232059446941177,1.999999999999994,win,2,0.008871463906533506,0.005148231953266769,BTCUSDT,1h,2024,1,ROUNDING_TOP
1.712143006102431,1.999999999999997,win,1,0.008401400860109983,0.004906950430055,BTCUSDT,1h,2024,1,ROUNDING_TOP
-1.2264984182662046,-0.999999999999999,loss,24,-0.00920557117799371,0.007505571177993718,BTCUSDT,1h,2024,1,ROUNDING_TOP
-1.192905839091609,-1.0000000000000024,loss,0,-0.00865742676630527,0.007257426766305253,BTCUSDT,1h,2024,-1,ROUNDING_BOTTOM
1.8268156524860868,1.9999999999999987,win,0,0.014767742871653429,0.00808387143582672,BTCUSDT,1h,2024,1,ROUNDING_TOP
-1.2825785216768613,-0.9999999999999977,loss,7,-0.006751523575369235,0.005264023575369247,BTCUSDT,1h,2025,1,ROUNDING_TOP
1.8126208623997557,2.000000000000004,win,14,0.01523583625606265,0.008405418128031307,BTCUSDT,1h,2025,1,ROUNDING_TOP
1.7179746399149214,2.000000000000007,win,18,0.00989878636807521,0.005761893184037585,BTCUSDT,1h,2025,1,ROUNDING_TOP
-1.2807378210780973,-1.00000000000001,loss,2,-0.006500910308513968,0.005075910308513918,BTCUSDT,1h,2025,-1,ROUNDING_BOTTOM
-1.2888997394711017,-0.9999999999999922,loss,20,-0.007361323945880507,0.005711323945880551,BTCUSDT,1h,2025,-1,ROUNDING_BOTTOM
1.669609585369444,2.0000000000000075,win,11,0.007769670740526536,0.004653585370263251,BTCUSDT,1h,2025,1,ROUNDING_TOP
-1.3562197589513507,-1.000000000000001,loss,3,-0.005472930275489933,0.004035430275489928,BTCUSDT,1h,2025,-1,ROUNDING_BOTTOM
-1.1894426390037414,-0.9999999999999977,loss,3,-0.009025548855102723,0.00758804885510274,BTCUSDT,1h,2025,-1,ROUNDING_BOTTOM
-1.2179834782041,-0.9999999999999911,loss,1,-0.007892348893306467,0.006479848893306524,BTCUSDT,1h,2025,1,ROUNDING_TOP
-1.2625156554228176,-0.9999999999999896,loss,3,-0.006913363897277428,0.005475863897277485,BTCUSDT,1h,2025,-1,ROUNDING_BOTTOM
1.7204064819583949,2.000000000000002,win,25,0.01053742633588278,0.006124963167941384,BTCUSDT,1h,2026,-1,ROUNDING_BOTTOM
1.806774053308628,1.9999999999999913,win,13,0.014610276242061829,0.008086388121030949,BTCUSDT,1h,2026,1,ROUNDING_TOP
-1.1654305545764128,-0.9999999999999918,loss,5,-0.010303067594932306,0.008840567594932378,BTCUSDT,1h,2026,1,ROUNDING_TOP
1.4939787237963609,2.000000000000014,win,0,0.004133364171970372,0.002766682085985166,BTCUSDT,1h,2026,1,ROUNDING_TOP
-1.0231995560281884,-1.0,loss,6,-0.06836162338264926,0.06681162338264926,BTCUSDT,2h,2020,-1,ROUNDING_BOTTOM
1.885497706201401,1.9999999999999951,win,10,0.027170383334892634,0.014410191667446351,BTCUSDT,2h,2020,1,ROUNDING_TOP
-1.1411728458095727,-1.0000000000000042,loss,1,-0.011519009168889505,0.01009400916888946,BTCUSDT,2h,2020,1,ROUNDING_TOP
1.9260769174123349,2.000000000000001,win,5,0.039734101937246365,0.02062955096862317,BTCUSDT,2h,2021,-1,ROUNDING_BOTTOM
1.8966403482892804,2.0,win,6,0.028442361126333898,0.014996180563166948,BTCUSDT,2h,2021,-1,ROUNDING_BOTTOM
-1.1084312009872193,-0.9999999999999976,loss,0,-0.014311412833700717,0.012911412833700748,BTCUSDT,2h,2022,1,ROUNDING_TOP
1.8793370936246538,1.999999999999997,win,9,0.025309541008736315,0.013467270504368177,BTCUSDT,2h,2022,-1,ROUNDING_BOTTOM
-1.1654423832855652,-1.0000000000000013,loss,1,-0.010038270503607076,0.008613270503607063,BTCUSDT,2h,2022,-1,ROUNDING_BOTTOM
1.9028984765506238,2.0,win,5,0.029885423767348124,0.01570521188367406,BTCUSDT,2h,2022,-1,ROUNDING_BOTTOM
1.8873868717485693,1.9999999999999987,win,44,0.04189979669898322,0.022199898349491622,BTCUSDT,2h,2022,1,ROUNDING_TOP
1.9573424262851145,1.9999999999999996,win,6,0.0711217375141817,0.036335868757090856,BTCUSDT,2h,2022,-1,ROUNDING_BOTTOM
-1.252150143352945,-0.9999999999999934,loss,4,-0.007448836594157078,0.005948836594157117,BTCUSDT,2h,2022,-1,ROUNDING_BOTTOM
1.8689089489612647,1.9999999999999947,win,20,0.027087485948810486,0.01449374297440528,BTCUSDT,2h,2023,1,ROUNDING_TOP
-1.1313294599520682,-1.000000000000004,loss,18,-0.015936709872067287,0.01408670987206723,BTCUSDT,2h,2023,1,ROUNDING_TOP
-1.247155345030584,-1.0000000000000049,loss,3,-0.0074429065399840575,0.005967906539984027,BTCUSDT,2h,2023,-1,ROUNDING_BOTTOM
-1.1658020384135335,-0.9999999999999994,loss,1,-0.010019586735090947,0.008594586735090951,BTCUSDT,2h,2023,1,ROUNDING_TOP
1.771143185201171,2.0,win,23,0.015284700146889426,0.008629850073444712,BTCUSDT,2h,2023,-1,ROUNDING_BOTTOM
-1.1288145622924384,-1.0000000000000033,loss,2,-0.012706491301877898,0.011256491301877862,BTCUSDT,2h,2023,1,ROUNDING_TOP
1.8011452976422346,1.999999999999996,win,6,0.014039271781075387,0.00779463589053771,BTCUSDT,2h,2023,-1,ROUNDING_BOTTOM
-1.215821896450895,-0.9999999999999979,loss,7,-0.008872683997315509,0.0072976839973155246,BTCUSDT,2h,2023,-1,ROUNDING_BOTTOM
-1.6919139363393336,-0.9999999999999739,loss,6,-0.0037901630009078736,0.002240163000907932,BTCUSDT,2h,2023,-1,ROUNDING_BOTTOM
-1.4195472754603569,-1.0000000000000056,loss,1,-0.0048215183028215754,0.0033965183028215563,BTCUSDT,2h,2023,-1,ROUNDING_BOTTOM
-1.179710440511282,-1.000000000000004,loss,26,-0.013457239302111432,0.011407239302111386,BTCUSDT,2h,2023,1,ROUNDING_TOP
-1.1141344901559564,-0.9999999999999987,loss,4,-0.01464239015700109,0.013142390157001109,BTCUSDT,2h,2024,-1,ROUNDING_BOTTOM
1.8420440701992726,1.9999999999999942,win,5,0.01778418328832538,0.009654591644162717,BTCUSDT,2h,2024,1,ROUNDING_TOP
1.9015353028017674,1.9999999999999996,win,5,0.02945056877527021,0.015487784387635107,BTCUSDT,2h,2024,-1,ROUNDING_BOTTOM
-1.103287715862256,-0.9999999999999979,loss,20,-0.020295217515834966,0.018395217515835005,BTCUSDT,2h,2024,-1,ROUNDING_BOTTOM
1.7811844343511634,2.0000000000000067,win,2,0.011803170501836916,0.006626585250918435,BTCUSDT,2h,2025,1,ROUNDING_TOP
-1.1879051484971723,-0.9999999999999948,loss,1,-0.009008613388972134,0.007583613388972173,BTCUSDT,2h,2025,-1,ROUNDING_BOTTOM
1.852347699630737,2.0000000000000013,win,3,0.018504370403456823,0.009989685201728403,BTCUSDT,2h,2026,-1,ROUNDING_BOTTOM
1.668183483074319,2.0000000000000115,win,8,0.008043884004474169,0.004821942002237057,BTCUSDT,2h,2026,-1,ROUNDING_BOTTOM
1.9146928505144114,2.0000000000000053,win,1,0.032544806033106756,0.016997403016553333,BTCUSDT,4h,2020,1,ROUNDING_TOP
-1.067453438851628,-0.9999999999999977,loss,2,-0.023737561576354586,0.02223756157635464,BTCUSDT,4h,2020,-1,ROUNDING_BOTTOM
-1.048171410405199,-0.9999999999999991,loss,4,-0.03481472189710444,0.03321472189710447,BTCUSDT,4h,2021,1,ROUNDING_TOP
-1.0389462657829795,-0.9999999999999994,loss,1,-0.0386807837696128,0.03723078376961282,BTCUSDT,4h,2022,1,ROUNDING_TOP
-1.0325551440786698,-0.9999999999999998,loss,7,-0.05550494563228149,0.0537549456322815,BTCUSDT,4h,2022,-1,ROUNDING_BOTTOM
-1.0538797889719693,-0.9999999999999992,loss,8,-0.035207703228689456,0.03340770322868949,BTCUSDT,4h,2022,-1,ROUNDING_BOTTOM
1.8399574930707256,1.9999999999999947,win,1,0.01667018604083508,0.009060093020417563,BTCUSDT,4h,2022,-1,ROUNDING_BOTTOM
-1.0852943835641675,-0.9999999999999973,loss,8,-0.022903382482925012,0.02110338248292507,BTCUSDT,4h,2023,1,ROUNDING_TOP
-1.0812092166375784,-1.0,loss,0,-0.018639422542984726,0.017239422542984727,BTCUSDT,4h,2023,1,ROUNDING_TOP
-1.1282577356725831,-1.0000000000000002,loss,1,-0.012755360978004233,0.01130536097800423,BTCUSDT,4h,2023,-1,ROUNDING_BOTTOM
-1.1185583814802302,-1.0000000000000009,loss,2,-0.01415199458083139,0.012651994580831378,BTCUSDT,4h,2023,1,ROUNDING_TOP
-1.1019973337006201,-1.0000000000000007,loss,28,-0.03025169798475818,0.02745169798475816,BTCUSDT,4h,2023,1,ROUNDING_TOP
-0.5623858309696599,-0.4918817401403395,timeout,7,-0.013959121983140546,0.024821254758627845,BTCUSDT,4h,2026,-1,ROUNDING_BOTTOM
-1.025823006750311,-1.0000000000000004,loss,4,-0.06753276751765351,0.06583276751765349,BTCUSDT,6h,2022,-1,ROUNDING_BOTTOM
-1.0627570623549991,-1.000000000000001,loss,2,-0.02624841547445474,0.024698415474454713,BTCUSDT,6h,2022,-1,ROUNDING_BOTTOM
1.8750422561437743,2.000000000000001,win,13,0.035637850211710245,0.019006425105855113,BTCUSDT,6h,2023,1,ROUNDING_TOP
-1.0582567664452158,-0.9999999999999991,loss,7,-0.03496837191131643,0.03304337191131646,BTCUSDT,6h,2024,-1,ROUNDING_BOTTOM
1.9112999786006633,1.9999999999999993,win,10,0.04632800408796941,0.02423900204398471,BTCUSDT,6h,2025,-1,ROUNDING_BOTTOM
-1.0503176333256368,-1.0,loss,8,-0.05427174662555732,0.05167174662555732,BTCUSDT,12h,2022,-1,ROUNDING_BOTTOM
-1.1265394837942013,-1.0000000000000022,loss,14,-0.031159351018788105,0.027659351018788046,BTCUSDT,12h,2023,1,ROUNDING_TOP
-1.0829909900268393,-0.999999999999997,loss,2,-0.022184151345226166,0.02048415134522623,BTCUSDT,12h,2023,-1,ROUNDING_BOTTOM
-1.088181262571557,-0.9999999999999959,loss,1,-0.01743064216318026,0.01601814216318033,ETHUSDT,1h,2020,1,ROUNDING_TOP
-1.111944313528866,-0.9999999999999948,loss,1,-0.014030380761184876,0.012617880761184941,ETHUSDT,1h,2020,-1,ROUNDING_BOTTOM
-1.1291476171950996,-1.0000000000000016,loss,26,-0.01508180856886516,0.013356808568865139,ETHUSDT,1h,2020,1,ROUNDING_TOP
-1.1085565915858462,-0.9999999999999958,loss,13,-0.015955914321269603,0.014393414321269664,ETHUSDT,1h,2021,1,ROUNDING_TOP
1.915936887029758,1.9999999999999964,win,8,0.03418747211469687,0.017843736057348465,ETHUSDT,1h,2021,-1,ROUNDING_BOTTOM
1.9048608924551753,1.9999999999999971,win,12,0.031033866718946573,0.01629193335947331,ETHUSDT,1h,2021,-1,ROUNDING_BOTTOM
-1.0574836642608687,-0.9999999999999984,loss,3,-0.02644460451366472,0.02500710451366476,ETHUSDT,1h,2021,-1,ROUNDING_BOTTOM
-1.0544175315303286,-0.9999999999999972,loss,4,-0.028095824594079458,0.02664582459407953,ETHUSDT,1h,2022,-1,ROUNDING_BOTTOM
1.883248461560679,1.9999999999999938,win,4,0.02338907311857269,0.012419536559286383,ETHUSDT,1h,2022,1,ROUNDING_TOP
1.7776178246531706,1.9999999999999987,win,1,0.011290856263127294,0.006351678131563652,ETHUSDT,1h,2022,-1,ROUNDING_BOTTOM
-1.1293931086983673,-1.0000000000000022,loss,1,-0.012328846428407989,0.010916346428407964,ETHUSDT,1h,2022,-1,ROUNDING_BOTTOM
-1.1127300278551526,-0.9999999999999993,loss,4,-0.014312588855767012,0.012862588855767021,ETHUSDT,1h,2022,1,ROUNDING_TOP
1.9133946164430706,2.0000000000000018,win,12,0.03424454154789543,0.017897270773947694,ETHUSDT,1h,2022,-1,ROUNDING_BOTTOM
1.8953751401287098,1.9999999999999987,win,4,0.026268077745266457,0.013859038872633237,ETHUSDT,1h,2022,-1,ROUNDING_BOTTOM
-1.1046254684512469,-1.0000000000000044,loss,1,-0.014913036923839544,0.013500536923839483,ETHUSDT,1h,2022,-1,ROUNDING_BOTTOM
-1.163972156748628,-0.9999999999999984,loss,6,-0.010470429646395288,0.008995429646395301,ETHUSDT,1h,2022,1,ROUNDING_TOP
-1.0306660893041857,-1.0000000000000009,loss,9,-0.05083408075316127,0.049321580753161225,ETHUSDT,1h,2022,-1,ROUNDING_BOTTOM
1.8545992575543775,1.9999999999999933,win,20,0.021045895113701273,0.011347947556850674,ETHUSDT,1h,2022,1,ROUNDING_TOP
-1.1987785974384724,-1.0000000000000009,loss,3,-0.008669163863837015,0.00723166386383701,ETHUSDT,1h,2022,-1,ROUNDING_BOTTOM
-1.295305858481956,-1.0000000000000155,loss,6,-0.006469821327224799,0.00499482132722472,ETHUSDT,1h,2023,1,ROUNDING_TOP
-1.2363427311632633,-0.9999999999999911,loss,5,-0.007650547302329139,0.006188047302329193,ETHUSDT,1h,2023,1,ROUNDING_TOP
-1.1591878228624963,-0.9999999999999963,loss,1,-0.010285666141734697,0.00887316614173473,ETHUSDT,1h,2023,1,ROUNDING_TOP
-1.2134447858387658,-1.0000000000000056,loss,18,-0.009238210103092231,0.00761321010309219,ETHUSDT,1h,2023,-1,ROUNDING_BOTTOM
-1.1397164512040554,-0.9999999999999994,loss,0,-0.011420294589040914,0.01002029458904092,ETHUSDT,1h,2023,1,ROUNDING_TOP
-1.0683997487344343,-1.0,loss,0,-0.0218679114456337,0.020467911445633702,ETHUSDT,1h,2023,-1,ROUNDING_BOTTOM
1.8632549981507867,1.999999999999997,win,7,0.020268322587801438,0.010877911293900736,ETHUSDT,1h,2023,1,ROUNDING_TOP
1.7987516431924893,2.0000000000000013,win,21,0.01485937403040645,0.00826093701520322,ETHUSDT,1h,2023,-1,ROUNDING_BOTTOM
1.8445658744667937,2.000000000000005,win,2,0.016910741847056956,0.009167870923528455,ETHUSDT,1h,2023,-1,ROUNDING_BOTTOM
-1.1818007146522997,-1.0000000000000033,loss,9,-0.009832049254208056,0.008319549254208029,ETHUSDT,1h,2023,-1,ROUNDING_BOTTOM
-1.186386891279727,-0.9999999999999991,loss,8,-0.00954777626635132,0.008047776266351328,ETHUSDT,1h,2023,1,ROUNDING_TOP
1.7284259612267423,2.0000000000000027,win,16,0.010183158708597012,0.005891579354298499,ETHUSDT,1h,2023,-1,ROUNDING_BOTTOM
-0.41077729544649116,-0.27108504860482086,timeout,45,-0.005770903257268416,0.014048739599874373,ETHUSDT,1h,2023,1,ROUNDING_TOP
-1.223794271880144,-1.0000000000000042,loss,14,-0.008612713641051317,0.007037713641051287,ETHUSDT,1h,2023,-1,ROUNDING_BOTTOM
-1.3952994604409947,-1.0000000000000104,loss,21,-0.005868172322814157,0.004205672322814113,ETHUSDT,1h,2023,-1,ROUNDING_BOTTOM
-1.1123912628544266,-1.0000000000000047,loss,7,-0.014722514557374777,0.013235014557374714,ETHUSDT,1h,2023,1,ROUNDING_TOP
1.8485411245575407,1.999999999999997,win,11,0.018765040811933312,0.01015127040596667,ETHUSDT,1h,2023,-1,ROUNDING_BOTTOM
1.907876708873533,2.000000000000002,win,8,0.031065054540675516,0.01628252727033774,ETHUSDT,1h,2024,1,ROUNDING_TOP
-1.1114693747421296,-0.9999999999999968,loss,2,-0.014208780327973602,0.012783780327973643,ETHUSDT,1h,2024,-1,ROUNDING_BOTTOM
-1.0975367162112768,-0.9999999999999973,loss,12,-0.01744145154981904,0.015891451549819084,ETHUSDT,1h,2024,1,ROUNDING_TOP
1.8939326090363215,2.0000000000000036,win,19,0.029239096192710996,0.015438298096355472,ETHUSDT,1h,2024,1,ROUNDING_TOP
1.8898439801362181,2.0000000000000004,win,1,0.024232943648866016,0.012822721824433003,ETHUSDT,1h,2024,-1,ROUNDING_BOTTOM
-1.1419124814814767,-0.9999999999999958,loss,6,-0.011868729886207905,0.010393729886207948,ETHUSDT,1h,2024,-1,ROUNDING_BOTTOM
-1.2129958393113272,-0.9999999999999923,loss,3,-0.008186458123537816,0.0067489581235378685,ETHUSDT,1h,2024,1,ROUNDING_TOP
-1.1079809163257444,-1.0000000000000029,loss,7,-0.01526308230301294,0.0137755823030129,ETHUSDT,1h,2024,-1,ROUNDING_BOTTOM
-0.3177014376068388,-0.22735042735042818,timeout,20,-0.005801898291603114,0.018262109026976035,ETHUSDT,1h,2024,-1,ROUNDING_BOTTOM
1.907774938490975,1.9999999999999962,win,11,0.03180484696822839,0.016671173484114225,ETHUSDT,1h,2024,1,ROUNDING_TOP
-1.1237098765432108,-1.0000000000000007,loss,2,-0.012943886283119587,0.011518886283119579,ETHUSDT,1h,2024,1,ROUNDING_TOP
1.7994167343697152,2.0000000000000036,win,9,0.013568518800320211,0.007540509400160092,ETHUSDT,1h,2025,1,ROUNDING_TOP
1.9072258600436356,2.0000000000000044,win,2,0.02929476739790144,0.015359883698950685,ETHUSDT,1h,2025,-1,ROUNDING_BOTTOM
1.933755501222496,2.0000000000000018,win,2,0.041597440392706964,0.02151122019635346,ETHUSDT,1h,2025,-1,ROUNDING_BOTTOM
1.8965141403508792,2.000000000000002,win,24,0.031154730216553017,0.01642736510827649,ETHUSDT,1h,2025,1,ROUNDING_TOP
-1.0805821651527083,-1.0000000000000038,loss,6,-0.019779298441284805,0.018304298441284738,ETHUSDT,1h,2025,1,ROUNDING_TOP
1.8617146633207953,2.000000000000009,win,0,0.018847989173973585,0.010123994586986746,ETHUSDT,1h,2025,-1,ROUNDING_BOTTOM
-1.156614652281352,-0.9999999999999997,loss,4,-0.010708392997579362,0.009258392997579365,ETHUSDT,1h,2025,-1,ROUNDING_BOTTOM
0.8784496339971997,0.973567435359883,timeout,20,0.01523838729796403,0.017346910634619954,ETHUSDT,1h,2025,1,ROUNDING_TOP
-1.1701269042120694,-1.0000000000000062,loss,1,-0.009715125657840265,0.008302625657840212,ETHUSDT,1h,2025,-1,ROUNDING_BOTTOM
-1.1258226781207352,-1.0000000000000049,loss,0,-0.012526769998145079,0.011126769998145023,ETHUSDT,1h,2025,1,ROUNDING_TOP
-1.118236679575012,-0.9999999999999946,loss,6,-0.013949978198826634,0.012474978198826701,ETHUSDT,1h,2025,-1,ROUNDING_BOTTOM
1.7760218238598806,2.0000000000000115,win,6,0.01169592607341515,0.006585463036707538,ETHUSDT,1h,2026,1,ROUNDING_TOP
1.8572868518518528,2.0000000000000018,win,2,0.018545129150549254,0.009985064575274618,ETHUSDT,1h,2026,1,ROUNDING_TOP
-1.127121997911589,-0.9999999999999988,loss,0,-0.01241304276993554,0.011013042769935553,ETHUSDT,1h,2026,1,ROUNDING_TOP
1.7144298773581657,1.999999999999982,win,3,0.00863007980633014,0.005033789903165115,ETHUSDT,1h,2026,-1,ROUNDING_BOTTOM
-1.089807986939599,-1.0000000000000033,loss,2,-0.017292185631924376,0.015867185631924324,ETHUSDT,1h,2026,-1,ROUNDING_BOTTOM
1.9472260822853433,2.0000000000000018,win,18,0.06826039089433174,0.035055195447165836,ETHUSDT,2h,2021,1,ROUNDING_TOP
-1.0969744410408584,-1.0000000000000016,loss,21,-0.021775591344877884,0.019850591344877853,ETHUSDT,2h,2021,1,ROUNDING_TOP
-1.0330883790345027,-0.9999999999999979,loss,5,-0.04761368867253119,0.04608868867253129,ETHUSDT,2h,2022,-1,ROUNDING_BOTTOM
1.9152461332265758,2.0,win,12,0.03841616377444287,0.020058081887221434,ETHUSDT,2h,2022,1,ROUNDING_TOP
-1.120290657362174,-0.9999999999999967,loss,1,-0.013271306531599811,0.01184630653159985,ETHUSDT,2h,2022,-1,ROUNDING_BOTTOM
-1.0582612375249456,-0.9999999999999956,loss,2,-0.026337902516300627,0.024887902516300738,ETHUSDT,2h,2022,-1,ROUNDING_BOTTOM
-1.0641404167448825,-0.9999999999999979,loss,4,-0.024886190426017554,0.023386190426017604,ETHUSDT,2h,2022,1,ROUNDING_TOP
1.8381093141075586,1.999999999999999,win,19,0.021288778566553784,0.011581889283276898,ETHUSDT,2h,2022,-1,ROUNDING_BOTTOM
-1.1583772105438717,-0.9999999999999941,loss,6,-0.01133676158442994,0.009786761584429995,ETHUSDT,2h,2023,-1,ROUNDING_BOTTOM
-1.157389368237345,-0.9999999999999973,loss,1,-0.010478978778611378,0.009053978778611402,ETHUSDT,2h,2023,1,ROUNDING_TOP
-1.1169732260939562,-0.9999999999999993,loss,5,-0.014562171418825945,0.013037171418825953,ETHUSDT,2h,2023,1,ROUNDING_TOP
-1.430701258883231,-0.9999999999999785,loss,1,-0.004733557777831418,0.00330855777783149,ETHUSDT,2h,2023,-1,ROUNDING_BOTTOM
-1.1189825121443435,-0.9999999999999991,loss,2,-0.013636664862487716,0.012186664862487727,ETHUSDT,2h,2024,1,ROUNDING_TOP
1.9332670003303176,1.999999999999999,win,5,0.044179524224852135,0.02285226211242608,ETHUSDT,2h,2024,1,ROUNDING_TOP
1.8983834882619217,1.9999999999999951,win,6,0.028956853138105577,0.015253426569052824,ETHUSDT,2h,2024,-1,ROUNDING_BOTTOM
-1.1341456252704405,-0.9999999999999947,loss,5,-0.012893242512012584,0.011368242512012645,ETHUSDT,2h,2025,-1,ROUNDING_BOTTOM
1.941782951308251,1.9999999999999987,win,21,0.06420683056367678,0.03306591528183841,ETHUSDT,2h,2025,-1,ROUNDING_BOTTOM
1.9079704326539297,1.9999999999999993,win,28,0.04353750673961375,0.02281875336980688,ETHUSDT,2h,2025,1,ROUNDING_TOP
-1.1157052514688945,-1.0000000000000013,loss,3,-0.014222908856985204,0.012747908856985186,ETHUSDT,2h,2025,1,ROUNDING_TOP
-1.0757700337390412,-0.9999999999999986,loss,1,-0.020231907291447134,0.018806907291447163,ETHUSDT,2h,2025,-1,ROUNDING_BOTTOM
1.8879533796397487,1.999999999999997,win,4,0.02527456928512882,0.01338728464256443,ETHUSDT,2h,2025,1,ROUNDING_TOP
-1.0382741521678192,-0.9999999999999991,loss,7,-0.04747276329797716,0.0457227632979772,ETHUSDT,4h,2020,-1,ROUNDING_BOTTOM
-1.0452714632405413,-0.9999999999999989,loss,1,-0.03347900671214583,0.03202900671214586,ETHUSDT,4h,2022,-1,ROUNDING_BOTTOM
-1.0342885577896717,-1.0,loss,5,-0.049771009058509084,0.048121009058509086,ETHUSDT,4h,2022,-1,ROUNDING_BOTTOM
-1.0551379797307123,-1.000000000000002,loss,0,-0.026790846868846002,0.02539084686884595,ETHUSDT,4h,2023,1,ROUNDING_TOP
1.8628341114848472,2.0,win,7,0.0237665481584975,0.012758274079248748,ETHUSDT,4h,2023,-1,ROUNDING_BOTTOM
1.881771024438063,1.9999999999999987,win,12,0.031832653805788494,0.016916326902894258,ETHUSDT,4h,2023,1,ROUNDING_TOP
-1.1112213947190257,-1.0000000000000007,loss,17,-0.022479920742174662,0.02022992074217465,ETHUSDT,4h,2024,1,ROUNDING_TOP
-1.0561890851388003,-0.9999999999999979,loss,1,-0.027255723592368462,0.025805723592368518,ETHUSDT,4h,2024,-1,ROUNDING_BOTTOM
-1.0363917479674785,-0.9999999999999988,loss,10,-0.05410963834157875,0.052209638341578817,ETHUSDT,4h,2024,-1,ROUNDING_BOTTOM
-1.0858048805261418,-0.9999999999999994,loss,2,-0.01898152308822329,0.017481523088223302,ETHUSDT,4h,2024,-1,ROUNDING_BOTTOM
-1.1299865625497003,-0.9999999999999987,loss,42,-0.03042586011466943,0.026925860114669464,ETHUSDT,4h,2024,-1,ROUNDING_BOTTOM
-1.065929322243853,-1.0000000000000024,loss,11,-0.03152712795510935,0.029577127955109275,ETHUSDT,4h,2025,-1,ROUNDING_BOTTOM
-1.0756730120645561,-1.0000000000000004,loss,11,-0.027718764144560315,0.025768764144560304,ETHUSDT,4h,2025,-1,ROUNDING_BOTTOM
-1.0528787829216433,-1.000000000000001,loss,4,-0.031857882492699156,0.030257882492699128,ETHUSDT,4h,2025,1,ROUNDING_TOP
-1.056515164993688,-0.9999999999999993,loss,4,-0.031780421780416734,0.030080421780416755,ETHUSDT,6h,2023,1,ROUNDING_TOP
-1.063190005386348,-0.9999999999999986,loss,15,-0.04248385084297625,0.039958850842976304,ETHUSDT,6h,2024,-1,ROUNDING_BOTTOM
1.9495892945640376,1.9999999999999987,win,11,0.08604990037117287,0.044137450185586465,ETHUSDT,6h,2024,1,ROUNDING_TOP
-1.054997220092767,-1.0000000000000004,loss,5,-0.04124288499261377,0.039092884992613756,ETHUSDT,12h,2024,1,ROUNDING_TOP
-1.0764825051580753,-0.9999999999999988,loss,19,-0.05981826350308421,0.05556826350308428,ETHUSDT,12h,2025,1,ROUNDING_TOP
-1.0302367999067028,-1.0,loss,0,-0.04770119603661003,0.04630119603661003,ETHUSDT,12h,2026,-1,ROUNDING_BOTTOM
-1.033596789928083,-1.0,loss,1,-0.05230007231759375,0.05060007231759375,ETHUSDT,1d,2026,1,ROUNDING_TOP
1.9569452414584614,1.9999999999999993,win,13,0.07101948874777325,0.03629099437388664,SOLUSDT,1h,2020,-1,ROUNDING_BOTTOM
-1.0281261607721952,-1.0000000000000002,loss,4,-0.05300342784762326,0.05155342784762325,SOLUSDT,1h,2020,-1,ROUNDING_BOTTOM
-1.0343147766981,-1.0000000000000004,loss,2,-0.04295229923138085,0.041527299231380835,SOLUSDT,1h,2021,1,ROUNDING_TOP
-1.1017665703275485,-0.9999999999999961,loss,10,-0.016510274585667256,0.014985274585667317,SOLUSDT,1h,2021,-1,ROUNDING_BOTTOM
1.9653045056464618,1.9999999999999993,win,13,0.08850683200481585,0.045034666002407936,SOLUSDT,1h,2022,-1,ROUNDING_BOTTOM
1.919560050251257,2.000000000000001,win,5,0.034900028931660367,0.018181264465830176,SOLUSDT,1h,2022,-1,ROUNDING_BOTTOM
1.9234279792746085,1.9999999999999971,win,4,0.036422841444269986,0.01893642072213502,SOLUSDT,1h,2022,1,ROUNDING_TOP
1.8685192214111916,1.9999999999999991,win,4,0.020606455940753495,0.011028227970376753,SOLUSDT,1h,2022,-1,ROUNDING_BOTTOM
-1.1244915492957746,-1.0000000000000002,loss,10,-0.013774827467218807,0.012249827467218803,SOLUSDT,1h,2022,-1,ROUNDING_BOTTOM
-1.0520747102457129,-1.000000000000001,loss,15,-0.03207254720447739,0.030485047204477356,SOLUSDT,1h,2023,1,ROUNDING_TOP
1.8751289073305661,1.9999999999999991,win,6,0.02214936282838837,0.011812181414194189,SOLUSDT,1h,2023,-1,ROUNDING_BOTTOM
1.8829496093749993,1.9999999999999993,win,2,0.022923487730644832,0.01217424386532242,SOLUSDT,1h,2023,-1,ROUNDING_BOTTOM
0.48645543543543585,0.5381381381381385,timeout,45,0.018471727330779075,0.0379720853858785,SOLUSDT,1h,2023,-1,ROUNDING_BOTTOM
1.9649078947368435,2.0000000000000013,win,8,0.08398931383577056,0.04274465691788525,SOLUSDT,1h,2023,1,ROUNDING_TOP
-1.2025999999999908,-0.9999999999999912,loss,14,-0.009348938795656408,0.0077739387956564775,SOLUSDT,1h,2023,-1,ROUNDING_BOTTOM
1.932657424000004,2.000000000000004,win,1,0.04053718722313215,0.02097484361156603,SOLUSDT,1h,2024,-1,ROUNDING_BOTTOM
-1.1318932696137034,-1.000000000000003,loss,16,-0.013731020822261925,0.012131020822261888,SOLUSDT,1h,2024,1,ROUNDING_TOP
1.8284821967139304,1.9999999999999987,win,27,0.0185227874653436,0.010130143732671806,SOLUSDT,1h,2024,1,ROUNDING_TOP
-1.0895018005323296,-0.9999999999999984,loss,16,-0.019476735333631836,0.017876735333631866,SOLUSDT,1h,2025,1,ROUNDING_TOP
-1.109130536761391,-1.000000000000002,loss,0,-0.014228673270993452,0.012828673270993428,SOLUSDT,1h,2025,-1,ROUNDING_BOTTOM
-1.1517401015228406,-0.9999999999999973,loss,7,-0.01129044585987256,0.009802945859872585,SOLUSDT,1h,2025,1,ROUNDING_TOP
1.8924698181818194,2.000000000000001,win,6,0.02595915802075025,0.013717079010375118,SOLUSDT,1h,2025,1,ROUNDING_TOP
-1.1355095459976043,-0.999999999999994,loss,1,-0.011836119897781227,0.010423619897781289,SOLUSDT,1h,2025,-1,ROUNDING_BOTTOM
-1.1251391147244845,-1.000000000000004,loss,3,-0.012924715673252584,0.011487215673252539,SOLUSDT,1h,2025,1,ROUNDING_TOP
-1.0595955315815706,-0.9999999999999997,loss,19,-0.02911439225254556,0.02747689225254557,SOLUSDT,1h,2025,-1,ROUNDING_BOTTOM
-1.1064191671420402,-0.9999999999999979,loss,0,-0.014555524870170755,0.013155524870170783,SOLUSDT,1h,2025,-1,ROUNDING_BOTTOM
1.8428181430745794,1.9999999999999984,win,0,0.0164137607912888,0.008906880395644407,SOLUSDT,1h,2025,-1,ROUNDING_BOTTOM
-0.30955817641229205,-0.2620856733839912,timeout,30,-0.011574400507263185,0.03739006554893112,SOLUSDT,1h,2026,-1,ROUNDING_BOTTOM
1.8541850021123738,1.9999999999999938,win,6,0.01875611506179602,0.01011555753089804,SOLUSDT,1h,2026,-1,ROUNDING_BOTTOM
1.804963798219583,1.9999999999999987,win,9,0.013997441089837973,0.007754970544918992,SOLUSDT,1h,2026,1,ROUNDING_TOP
-1.030188073240382,-0.9999999999999992,loss,16,-0.061426196931048685,0.05962619693104874,SOLUSDT,2h,2020,1,ROUNDING_TOP
-1.0363707928877361,-0.9999999999999979,loss,1,-0.04060478924458374,0.039179789244583825,SOLUSDT,2h,2021,1,ROUNDING_TOP
-1.050067897547289,-0.9999999999999997,loss,20,-0.039848467842202515,0.03794846784220253,SOLUSDT,2h,2021,1,ROUNDING_TOP
1.9445884393643138,1.9999999999999982,win,27,0.07281911870719686,0.03744705935359846,SOLUSDT,2h,2021,-1,ROUNDING_BOTTOM
-1.0610918089325732,-0.9999999999999987,loss,3,-0.025618989607967227,0.02414398960796726,SOLUSDT,2h,2022,-1,ROUNDING_BOTTOM
1.9520479041916154,1.9999999999999987,win,4,0.06106243756243765,0.031281218781218846,SOLUSDT,2h,2022,-1,ROUNDING_BOTTOM
-1.0520837151082738,-1.0,loss,11,-0.03383476426639187,0.032159764266391874,SOLUSDT,2h,2022,1,ROUNDING_TOP
1.9787668540829981,1.9999999999999998,win,18,0.17240585518335352,0.08712792759167678,SOLUSDT,2h,2022,-1,ROUNDING_BOTTOM
-1.0502581081081095,-1.0000000000000016,loss,10,-0.034480523513753344,0.0328305235137533,SOLUSDT,2h,2022,1,ROUNDING_TOP
1.9029232250300812,1.999999999999997,win,38,0.04606528781169886,0.024207643905849466,SOLUSDT,2h,2022,-1,ROUNDING_BOTTOM
-1.0540135693215351,-1.000000000000001,loss,21,-0.03756419259882254,0.035639192598822506,SOLUSDT,2h,2023,1,ROUNDING_TOP
-1.1107277566539928,-1.0000000000000004,loss,5,-0.01529751780477587,0.013772517804775864,SOLUSDT,2h,2023,-1,ROUNDING_BOTTOM
1.9383888446215127,1.9999999999999987,win,16,0.05663097695351906,0.02921548847675955,SOLUSDT,2h,2024,1,ROUNDING_TOP
1.9530177917189486,2.0000000000000027,win,1,0.0592362610235541,0.03033063051177701,SOLUSDT,2h,2024,1,ROUNDING_TOP
1.9042957059679781,2.0000000000000013,win,5,0.030343998469174772,0.015934499234587375,SOLUSDT,2h,2025,1,ROUNDING_TOP
-1.035968495794842,-0.9999999999999986,loss,1,-0.041043003714358484,0.03961800371435854,SOLUSDT,2h,2025,-1,ROUNDING_BOTTOM
1.934945628347753,1.9999999999999984,win,15,0.052794737741482904,0.027284868870741472,SOLUSDT,2h,2025,-1,ROUNDING_BOTTOM
1.9193497504159744,2.000000000000001,win,14,0.04997671422794763,0.026038357113973804,SOLUSDT,4h,2022,-1,ROUNDING_BOTTOM
1.9517682238558223,2.000000000000001,win,51,0.15984243377612056,0.08189621688806026,SOLUSDT,4h,2022,-1,ROUNDING_BOTTOM
1.965334134735787,1.9999999999999998,win,40,0.19275838082137942,0.09807919041068973,SOLUSDT,4h,2022,-1,ROUNDING_BOTTOM
0.7984212527964218,0.8769574944071602,timeout,45,0.03710691411935957,0.046475358702432905,SOLUSDT,4h,2022,1,ROUNDING_TOP
1.9537552358113524,2.0000000000000013,win,3,0.06548461579680635,0.033517307898403154,SOLUSDT,4h,2023,1,ROUNDING_TOP
1.9486653106687963,1.999999999999999,win,10,0.07212401864133346,0.03701200932066675,SOLUSDT,4h,2024,-1,ROUNDING_BOTTOM
1.948743926722422,2.000000000000001,win,12,0.07603953257086031,0.03901976628543014,SOLUSDT,4h,2025,-1,ROUNDING_BOTTOM
-1.0161078984485186,-0.9999999999999996,loss,3,-0.1025071855435401,0.10088218554354014,SOLUSDT,6h,2022,-1,ROUNDING_BOTTOM
1.9601785009861938,2.0000000000000004,win,31,0.18335987084870847,0.09354243542435421,SOLUSDT,6h,2022,-1,ROUNDING_BOTTOM
1.9670589355089345,1.9999999999999991,win,11,0.13286474493544653,0.0675448724677233,SOLUSDT,6h,2022,-1,ROUNDING_BOTTOM
-1.0715957716248108,-0.9999999999999986,loss,19,-0.042282637453843266,0.03945763745384332,SOLUSDT,6h,2024,1,ROUNDING_TOP
1.9641003436426117,2.0,win,14,0.1914879388903779,0.09749396944518895,SOLUSDT,12h,2022,-1,ROUNDING_BOTTOM
-1.0497111370868237,-1.0,loss,13,-0.07073932553783677,0.06738932553783678,SOLUSDT,12h,2026,-1,ROUNDING_BOTTOM
