date,symbol,direction,vic_level,signal_time,entry_time,fill_delay_min,entry_price,sl,tp,fractal_time,fractal_offset_k,outcome,exit_time,exit_price,mfe_pct,mae_pct,hit_type
2023-05-02,BTCUSDT,SHORT,28677.1,2023-05-02T20:00:00+00:00,2023-05-02T20:35:00+00:00,35.0,28730.856,28879.88,28581.832,2023-05-02T19:00:00+00:00,2,win,2023-05-03T00:12:00+00:00,28581.832,0.5859,0.2944,tp
2023-05-06,BTCUSDT,LONG,28965.32,2023-05-06T17:30:00+00:00,2023-05-06T21:07:00+00:00,217.0,28730.164,28535.26,28925.068000000003,2023-05-06T16:00:00+00:00,4,win,2023-05-07T00:49:00+00:00,28925.068000000003,0.693,0.3069,tp
2023-05-09,BTCUSDT,LONG,27454.5,2023-05-09T07:30:00+00:00,2023-05-09T07:45:00+00:00,15.0,27575.096000000005,27437.32,27712.87200000001,2023-05-09T06:30:00+00:00,2,win,2023-05-09T11:53:00+00:00,27712.87200000001,0.5581,0.2081,tp
2023-05-11,BTCUSDT,LONG,27157.13,2023-05-11T18:45:00+00:00,2023-05-11T19:34:00+00:00,49.0,26904.996,26742.9,27067.091999999997,2023-05-11T17:45:00+00:00,2,loss,2023-05-11T19:45:00+00:00,26742.9,0.0052,0.7543,sl
2023-05-12,BTCUSDT,LONG,26891.29,2023-05-12T10:00:00+00:00,2023-05-12T10:27:00+00:00,27.0,26364.690000000002,26234.79,26494.590000000004,2023-05-12T08:30:00+00:00,4,win,2023-05-12T13:34:00+00:00,26494.590000000004,0.5054,0.1619,tp
2023-05-17,BTCUSDT,LONG,26897.64,2023-05-17T09:30:00+00:00,2023-05-17T10:10:00+00:00,40.0,26848.296000000002,26760.0,26936.592000000004,2023-05-17T07:45:00+00:00,5,loss,2023-05-17T11:16:00+00:00,26760.0,0.2458,0.3598,sl
2023-05-18,BTCUSDT,LONG,26845.14,2023-05-18T19:45:00+00:00,2023-05-18T20:11:00+00:00,26.0,26718.846,26361.2,27076.492000000002,2023-05-18T17:45:00+00:00,6,win,2023-05-19T15:20:00+00:00,27076.492000000002,1.5725,0.1035,tp
2023-05-25,BTCUSDT,SHORT,26442.86,2023-05-25T13:45:00+00:00,2023-05-25T14:00:00+00:00,15.0,26356.302000000003,26499.99,26212.614000000005,2023-05-25T12:00:00+00:00,5,win,2023-05-25T15:34:00+00:00,26212.614000000005,0.5513,0.2677,tp
2023-06-02,BTCUSDT,LONG,26719.26,2023-06-02T01:30:00+00:00,2023-06-02T01:57:00+00:00,27.0,26799.394,26505.0,27093.788,2023-06-02T00:30:00+00:00,2,win,2023-06-02T04:41:00+00:00,27093.788,1.1963,0.0277,tp
2023-06-03,BTCUSDT,LONG,27149.98,2023-06-03T04:45:00+00:00,2023-06-03T05:50:00+00:00,65.0,27138.046000000002,27131.89,27144.202000000005,2023-06-03T03:15:00+00:00,4,win,2023-06-03T05:52:00+00:00,27144.202000000005,0.036,0.0026,tp
2023-06-04,BTCUSDT,SHORT,27305.26,2023-06-04T23:30:00+00:00,2023-06-06T19:53:00+00:00,2663.0,27191.130000000005,27455.02,26927.24000000001,2023-06-04T22:15:00+00:00,3,win,2023-06-06T20:23:00+00:00,26927.24000000001,1.1553,0.1135,tp
2023-06-06,BTCUSDT,SHORT,25925.65,2023-06-06T20:30:00+00:00,2023-06-06T21:05:00+00:00,35.0,27022.696000000004,26782.52,27262.872000000007,2023-06-06T18:30:00+00:00,6,loss,2023-06-06T21:05:00+00:00,26782.52,0.1032,0.0053,sl
2023-06-07,BTCUSDT,LONG,26700.43,2023-06-07T11:15:00+00:00,2023-06-07T14:15:00+00:00,180.0,26631.190000000002,26352.0,26910.380000000005,2023-06-07T10:00:00+00:00,3,loss,2023-06-07T14:53:00+00:00,26352.0,0.3066,1.0897,sl
2023-06-09,BTCUSDT,SHORT,26582.19,2023-06-09T02:30:00+00:00,2023-06-09T02:56:00+00:00,26.0,26435.93,26596.58,26275.28,2023-06-09T01:30:00+00:00,2,loss,2023-06-09T08:19:00+00:00,26596.58,0.0438,0.6383,sl
2023-06-15,BTCUSDT,LONG,24934.21,2023-06-15T08:30:00+00:00,2023-06-15T08:45:00+00:00,15.0,25025.864,24872.35,25179.378000000004,2023-06-15T07:00:00+00:00,4,loss,2023-06-15T11:17:00+00:00,24872.35,0.0009,0.9025,sl
2023-06-16,BTCUSDT,LONG,25494.89,2023-06-16T01:45:00+00:00,2023-06-16T02:06:00+00:00,21.0,25507.962000000003,25440.39,25575.534000000007,2023-06-16T00:15:00+00:00,4,win,2023-06-16T03:42:00+00:00,25575.534000000007,0.3102,0.0942,tp
2023-06-19,BTCUSDT,SHORT,26414.56,2023-06-19T03:30:00+00:00,2023-06-19T04:10:00+00:00,40.0,26418.136,26469.58,26366.691999999995,2023-06-19T02:00:00+00:00,4,loss,2023-06-19T06:01:00+00:00,26469.58,0.186,0.2115,sl
2023-06-30,BTCUSDT,LONG,30357.98,2023-06-30T02:15:00+00:00,2023-06-30T13:36:00+00:00,681.0,30459.308,30347.17,30571.446000000004,2023-06-30T01:00:00+00:00,3,win,2023-06-30T13:36:00+00:00,30571.446000000004,1.2267,0.0309,tp
2023-07-02,BTCUSDT,LONG,30422.0,2023-07-02T16:15:00+00:00,2023-07-02T17:23:00+00:00,68.0,30527.812,30155.0,30900.624000000003,2023-07-02T15:15:00+00:00,2,win,2023-07-03T15:04:00+00:00,30900.624000000003,1.3087,0.5279,tp
2023-07-04,BTCUSDT,LONG,31066.66,2023-07-04T16:30:00+00:00,2023-07-04T16:45:00+00:00,15.0,31010.706,30886.0,31135.411999999997,2023-07-04T15:30:00+00:00,2,loss,2023-07-04T16:52:00+00:00,30886.0,0.0331,0.6569,sl
2023-07-10,BTCUSDT,SHORT,30321.52,2023-07-10T17:45:00+00:00,2023-07-10T18:23:00+00:00,38.0,30302.754000000004,30379.29,30226.218000000008,2023-07-10T16:45:00+00:00,2,loss,2023-07-10T18:32:00+00:00,30379.29,0.0091,0.2799,sl
2023-07-12,BTCUSDT,LONG,30547.02,2023-07-12T02:30:00+00:00,2023-07-12T04:11:00+00:00,101.0,30566.652000000002,30497.95,30635.354000000003,2023-07-12T01:30:00+00:00,2,win,2023-07-12T04:59:00+00:00,30635.354000000003,0.2248,0.0037,tp
2023-07-13,BTCUSDT,SHORT,30783.66,2023-07-13T20:45:00+00:00,2023-07-14T00:38:00+00:00,233.0,31507.056000000004,31804.2,31209.912000000008,2023-07-13T19:30:00+00:00,3,win,2023-07-14T07:34:00+00:00,31209.912000000008,0.9617,0.3902,tp
2023-07-14,BTCUSDT,LONG,30917.48,2023-07-14T20:45:00+00:00,2023-07-16T02:21:00+00:00,1776.0,30141.324000000004,29900.0,30382.64800000001,2023-07-14T19:00:00+00:00,5,win,2023-07-16T14:25:00+00:00,30382.64800000001,0.9958,0.2556,tp
2023-07-20,BTCUSDT,SHORT,29994.3,2023-07-20T03:30:00+00:00,2023-07-20T03:55:00+00:00,25.0,29948.126000000004,30047.95,29848.302000000007,2023-07-20T02:00:00+00:00,4,loss,2023-07-20T05:15:00+00:00,30047.95,0.0709,0.3849,sl
2023-07-21,BTCUSDT,LONG,29782.19,2023-07-21T01:30:00+00:00,2023-07-21T01:46:00+00:00,16.0,29825.552,29726.34,29924.764,2023-07-21T00:30:00+00:00,2,win,2023-07-21T02:11:00+00:00,29924.764,0.3334,0.0052,tp
2023-07-30,BTCUSDT,SHORT,29375.99,2023-07-30T16:00:00+00:00,2023-07-31T00:44:00+00:00,524.0,29405.728000000003,29449.0,29362.456000000006,2023-07-30T15:00:00+00:00,2,loss,2023-07-31T00:44:00+00:00,29449.0,0.1487,0.3206,sl
2023-08-03,BTCUSDT,LONG,29025.91,2023-08-03T10:00:00+00:00,2023-08-03T10:23:00+00:00,23.0,29150.788,28968.0,29333.576,2023-08-03T08:15:00+00:00,5,win,2023-08-03T14:48:00+00:00,29333.576,0.7645,0.2482,tp
2023-08-11,BTCUSDT,SHORT,29537.68,2023-08-11T15:15:00+00:00,2023-08-11T16:15:00+00:00,60.0,29429.278,29564.52,29294.035999999996,2023-08-11T14:00:00+00:00,3,win,2023-08-11T16:44:00+00:00,29294.035999999996,0.6009,0.006,tp
2023-08-13,BTCUSDT,LONG,29392.99,2023-08-13T06:15:00+00:00,2023-08-13T11:40:00+00:00,325.0,29391.0,29363.0,29419.0,2023-08-13T05:15:00+00:00,2,loss,2023-08-13T15:26:00+00:00,29363.0,0.0094,0.0953,sl
2023-08-14,BTCUSDT,SHORT,29361.61,2023-08-14T07:00:00+00:00,2023-08-14T07:36:00+00:00,36.0,29419.860000000004,29469.63,29370.090000000007,2023-08-14T06:00:00+00:00,2,loss,2023-08-14T08:09:00+00:00,29469.63,0.058,0.1758,sl
2023-08-18,BTCUSDT,LONG,26253.92,2023-08-18T05:15:00+00:00,2023-08-18T12:12:00+00:00,417.0,26342.24,26157.71,26526.770000000004,2023-08-18T04:15:00+00:00,2,loss,2023-08-18T14:17:00+00:00,26157.71,0.285,0.8061,sl
2023-08-20,BTCUSDT,SHORT,26216.01,2023-08-20T14:00:00+00:00,2023-08-20T17:47:00+00:00,227.0,26153.944000000003,26217.52,26090.368000000006,2023-08-20T13:00:00+00:00,2,loss,2023-08-20T20:39:00+00:00,26217.52,0.1837,0.4437,sl
2023-08-22,BTCUSDT,LONG,25866.36,2023-08-22T18:45:00+00:00,2023-08-22T19:28:00+00:00,43.0,25878.638000000003,25726.29,26030.986000000004,2023-08-22T17:30:00+00:00,3,loss,2023-08-22T21:26:00+00:00,25726.29,0.0972,1.4631,sl
2023-08-24,BTCUSDT,LONG,26340.42,2023-08-24T19:15:00+00:00,2023-08-24T19:46:00+00:00,31.0,26045.402000000002,25976.74,26114.064000000002,2023-08-24T18:15:00+00:00,2,loss,2023-08-24T20:51:00+00:00,25976.74,0.235,0.3702,sl
2023-09-03,BTCUSDT,SHORT,25916.64,2023-09-03T08:15:00+00:00,2023-09-03T09:20:00+00:00,65.0,25916.082000000002,25946.59,25885.574000000004,2023-09-03T06:30:00+00:00,5,loss,2023-09-03T12:00:00+00:00,25946.59,0.1085,0.1223,sl
2023-09-08,BTCUSDT,LONG,26221.88,2023-09-08T03:45:00+00:00,2023-09-08T05:53:00+00:00,128.0,26250.678,26198.91,26302.446,2023-09-08T02:30:00+00:00,3,loss,2023-09-08T06:34:00+00:00,26198.91,0.0581,0.2064,sl
2023-09-12,BTCUSDT,SHORT,25375.32,2023-09-12T05:00:00+00:00,2023-09-12T05:49:00+00:00,49.0,25773.752,25990.0,25557.504,2023-09-12T04:00:00+00:00,2,loss,2023-09-12T10:21:00+00:00,25990.0,0.1959,1.7284,sl
2023-09-13,BTCUSDT,SHORT,25869.15,2023-09-13T05:30:00+00:00,2023-09-13T05:48:00+00:00,18.0,25890.876000000004,25949.19,25832.56200000001,2023-09-13T04:30:00+00:00,2,loss,2023-09-13T06:42:00+00:00,25949.19,0.0933,0.2403,sl
2023-09-16,BTCUSDT,SHORT,26712.43,2023-09-16T04:00:00+00:00,2023-09-18T02:27:00+00:00,2787.0,26626.562000000005,26777.0,26476.12400000001,2023-09-16T02:15:00+00:00,5,loss,2023-09-18T07:30:00+00:00,26777.0,0.2234,0.6514,sl
2023-09-17,BTCUSDT,SHORT,26610.07,2023-09-17T12:00:00+00:00,2023-09-17T14:35:00+00:00,155.0,26585.146,26611.98,26558.312,2023-09-17T10:45:00+00:00,3,win,2023-09-17T14:42:00+00:00,26558.312,0.1043,0.0152,tp
2023-09-18,BTCUSDT,LONG,26467.89,2023-09-18T02:15:00+00:00,2023-09-21T13:32:00+00:00,4997.0,26489.428000000004,26377.35,26601.50600000001,2023-09-18T00:30:00+00:00,5,win,2023-09-21T15:07:00+00:00,26601.50600000001,0.4543,0.4218,tp
2023-09-19,BTCUSDT,SHORT,26815.22,2023-09-19T06:00:00+00:00,2023-09-19T06:35:00+00:00,35.0,26799.442000000003,26860.0,26738.884000000005,2023-09-19T04:45:00+00:00,3,loss,2023-09-19T07:31:00+00:00,26860.0,0.003,0.226,sl
2023-09-21,BTCUSDT,LONG,26942.72,2023-09-21T03:45:00+00:00,2023-09-21T04:05:00+00:00,20.0,27007.376000000004,26936.66,27078.092000000008,2023-09-21T02:30:00+00:00,3,win,2023-09-21T04:39:00+00:00,27078.092000000008,0.2638,0.0604,tp
2023-09-24,BTCUSDT,SHORT,26581.55,2023-09-24T02:30:00+00:00,2023-09-24T02:45:00+00:00,15.0,26584.096,26584.32,26583.872000000003,2023-09-24T00:30:00+00:00,6,loss,2023-09-24T02:45:00+00:00,26584.32,0.0074,0.0222,sl
2023-09-29,BTCUSDT,SHORT,27076.96,2023-09-29T02:30:00+00:00,2023-09-29T06:41:00+00:00,251.0,26999.056000000004,27111.18,26886.932000000008,2023-09-29T01:15:00+00:00,3,loss,2023-09-29T07:33:00+00:00,27111.18,0.0359,0.5553,sl
2023-10-26,BTCUSDT,SHORT,34629.53,2023-10-26T05:45:00+00:00,2023-10-26T06:53:00+00:00,68.0,34606.272,34824.13,34388.414,2023-10-26T03:30:00+00:00,7,win,2023-10-26T10:02:00+00:00,34388.414,0.7414,0.5153,tp
2023-11-30,BTCUSDT,LONG,37608.24,2023-11-30T10:30:00+00:00,2023-11-30T10:50:00+00:00,20.0,37727.574,37553.6,37901.548,2023-11-30T08:30:00+00:00,6,win,2023-11-30T11:59:00+00:00,37901.548,0.471,0.1921,tp
2023-12-01,BTCUSDT,LONG,37717.88,2023-12-01T01:30:00+00:00,,,37802.89400000001,37615.86,37989.928000000014,2023-12-01T00:15:00+00:00,3,not_filled,,,0.0,0.0,not_filled
2023-12-11,BTCUSDT,LONG,43667.89,2023-12-11T03:15:00+00:00,2023-12-11T04:23:00+00:00,68.0,42113.876000000004,40400.0,43827.75200000001,2023-12-11T02:00:00+00:00,3,loss,2023-12-11T19:37:00+00:00,40400.0,0.872,4.2393,sl
2023-12-12,BTCUSDT,SHORT,41714.0,2023-12-12T03:45:00+00:00,2023-12-12T07:02:00+00:00,197.0,41796.57,41938.8,41654.34,2023-12-12T02:30:00+00:00,3,loss,2023-12-12T07:46:00+00:00,41938.8,0.1418,0.4102,sl
2023-12-17,BTCUSDT,LONG,41774.0,2023-12-17T07:00:00+00:00,2023-12-17T07:26:00+00:00,26.0,41959.32800000001,41771.62,42147.036000000015,2023-12-17T05:45:00+00:00,3,loss,2023-12-17T08:12:00+00:00,41771.62,0.079,0.618,sl
2023-12-20,BTCUSDT,SHORT,43314.99,2023-12-20T16:15:00+00:00,2023-12-20T16:35:00+00:00,20.0,43990.974,44283.0,43698.948000000004,2023-12-20T15:15:00+00:00,2,win,2023-12-20T16:56:00+00:00,43698.948000000004,0.9711,0.0163,tp
2023-12-25,BTCUSDT,SHORT,43073.48,2023-12-25T02:15:00+00:00,2023-12-25T02:45:00+00:00,30.0,42988.076,43085.61,42890.542,2023-12-25T01:00:00+00:00,3,loss,2023-12-25T03:13:00+00:00,43085.61,0.0235,0.2378,sl
2023-12-31,BTCUSDT,SHORT,42561.63,2023-12-31T08:30:00+00:00,2023-12-31T08:57:00+00:00,27.0,42436.224,42693.0,42179.448000000004,2023-12-31T07:30:00+00:00,2,loss,2023-12-31T09:19:00+00:00,42693.0,0.0167,0.6215,sl
2024-01-08,BTCUSDT,LONG,43619.99,2024-01-08T03:45:00+00:00,2024-01-08T04:22:00+00:00,37.0,43448.992000000006,43175.0,43722.98400000001,2024-01-08T02:45:00+00:00,2,win,2024-01-08T06:21:00+00:00,43722.98400000001,2.0548,0.0419,tp
2024-01-09,BTCUSDT,LONG,45891.1,2024-01-09T22:30:00+00:00,2024-01-09T22:53:00+00:00,23.0,45813.75000000001,44748.67,46878.830000000016,2024-01-09T21:15:00+00:00,3,loss,2024-01-10T12:54:00+00:00,44748.67,0.9764,3.04,sl
2024-01-14,BTCUSDT,SHORT,42969.35,2024-01-14T11:00:00+00:00,2024-01-14T11:27:00+00:00,27.0,42900.592,43079.0,42722.183999999994,2024-01-14T09:45:00+00:00,3,win,2024-01-14T12:21:00+00:00,42722.183999999994,0.4443,0.0889,tp
2024-01-15,BTCUSDT,SHORT,42666.0,2024-01-15T07:30:00+00:00,2024-01-15T07:46:00+00:00,16.0,42626.174,42797.06,42455.288,2024-01-15T06:15:00+00:00,3,loss,2024-01-15T13:49:00+00:00,42797.06,0.2022,0.5884,sl
2024-01-16,BTCUSDT,SHORT,43352.0,2024-01-16T23:45:00+00:00,2024-01-17T01:25:00+00:00,100.0,43189.828,43578.01,42801.646,2024-01-16T21:30:00+00:00,7,win,2024-01-17T04:30:00+00:00,42801.646,0.9133,0.0189,tp
2024-01-17,BTCUSDT,LONG,42690.0,2024-01-17T09:15:00+00:00,2024-01-17T09:31:00+00:00,16.0,42769.308000000005,42564.0,42974.61600000001,2024-01-17T08:00:00+00:00,3,loss,2024-01-17T12:35:00+00:00,42564.0,0.19,0.4875,sl
2024-01-21,BTCUSDT,LONG,41550.0,2024-01-21T18:30:00+00:00,2024-01-21T18:46:00+00:00,16.0,41682.568,41525.0,41840.136,2024-01-21T16:30:00+00:00,6,loss,2024-01-21T23:30:00+00:00,41525.0,0.3084,0.4356,sl
2024-01-23,BTCUSDT,LONG,39559.89,2024-01-23T15:15:00+00:00,,,38905.878,38555.0,39256.755999999994,2024-01-23T14:15:00+00:00,2,not_filled,,,0.0,0.0,not_filled
2024-01-26,BTCUSDT,LONG,39905.75,2024-01-26T02:00:00+00:00,2024-01-26T07:16:00+00:00,316.0,39936.454,39822.52,40050.388,2024-01-26T01:00:00+00:00,2,win,2024-01-26T08:12:00+00:00,40050.388,0.31,0.0992,tp
2024-02-02,BTCUSDT,LONG,42787.24,2024-02-02T15:15:00+00:00,2024-02-02T17:58:00+00:00,163.0,42936.962,42546.79,43327.134,2024-02-02T13:45:00+00:00,4,win,2024-02-03T00:17:00+00:00,43327.134,0.9363,0.3584,tp
2024-02-05,BTCUSDT,SHORT,42653.98,2024-02-05T05:15:00+00:00,2024-02-05T05:40:00+00:00,25.0,42694.632,42825.0,42564.263999999996,2024-02-05T04:15:00+00:00,2,loss,2024-02-05T06:11:00+00:00,42825.0,0.0339,0.3475,sl
2024-02-20,BTCUSDT,SHORT,51775.76,2024-02-20T08:15:00+00:00,2024-02-20T08:32:00+00:00,17.0,51789.0,52039.91,51538.09,2024-02-20T06:30:00+00:00,5,loss,2024-02-20T10:30:00+00:00,52039.91,0.4422,0.5157,sl
2024-02-22,BTCUSDT,LONG,51092.47,2024-02-22T15:45:00+00:00,2024-02-22T16:27:00+00:00,42.0,51466.918000000005,50940.78,51993.05600000001,2024-02-22T13:45:00+00:00,6,win,2024-02-22T20:31:00+00:00,51993.05600000001,1.1636,0.13,tp
2024-03-04,BTCUSDT,LONG,62568.01,2024-03-04T02:30:00+00:00,2024-03-04T03:02:00+00:00,32.0,63540.448000000004,62300.0,64780.89600000001,2024-03-04T00:45:00+00:00,5,win,2024-03-04T08:11:00+00:00,64780.89600000001,2.1099,0.5201,tp
2024-03-05,BTCUSDT,LONG,66125.0,2024-03-05T06:30:00+00:00,2024-03-05T07:04:00+00:00,34.0,67162.816,65089.0,69236.63200000001,2024-03-05T05:00:00+00:00,4,loss,2024-03-05T16:12:00+00:00,65089.0,2.7354,3.9063,sl
2024-03-07,BTCUSDT,LONG,65929.5,2024-03-07T02:00:00+00:00,2024-03-07T02:21:00+00:00,21.0,66163.25600000001,65551.0,66775.51200000002,2024-03-07T01:00:00+00:00,2,win,2024-03-07T08:11:00+00:00,66775.51200000002,1.035,0.7643,tp
2024-03-09,BTCUSDT,SHORT,68223.99,2024-03-09T08:00:00+00:00,2024-03-09T08:26:00+00:00,26.0,68396.76,68541.1,68252.41999999998,2024-03-09T07:00:00+00:00,2,win,2024-03-09T09:08:00+00:00,68252.41999999998,0.2292,0.0824,tp
2024-03-20,BTCUSDT,SHORT,63940.37,2024-03-20T13:15:00+00:00,2024-03-20T13:41:00+00:00,26.0,63739.078,64353.57,63124.586,2024-03-20T12:15:00+00:00,2,loss,2024-03-20T15:01:00+00:00,64353.57,0.5623,1.0291,sl
2024-03-24,BTCUSDT,SHORT,65078.16,2024-03-24T17:00:00+00:00,2024-03-24T17:40:00+00:00,40.0,65358.552,65838.88,64878.224,2024-03-24T16:00:00+00:00,2,loss,2024-03-24T18:33:00+00:00,65838.88,0.2365,0.7758,sl
2024-04-03,BTCUSDT,SHORT,66696.0,2024-04-03T15:30:00+00:00,2024-04-03T16:19:00+00:00,49.0,66287.148,66903.63,65670.666,2024-04-03T14:15:00+00:00,3,win,2024-04-03T18:11:00+00:00,65670.666,0.9401,0.3965,tp
2024-04-10,BTCUSDT,SHORT,69184.01,2024-04-10T01:15:00+00:00,2024-04-10T01:30:00+00:00,15.0,68931.29000000001,69304.26,68558.32000000002,2024-04-10T00:15:00+00:00,2,loss,2024-04-10T02:01:00+00:00,69304.26,0.3877,0.668,sl
2024-04-13,BTCUSDT,LONG,66547.02,2024-04-13T03:45:00+00:00,2024-04-13T17:16:00+00:00,811.0,66881.514,65731.27,68031.75799999999,2024-04-13T01:45:00+00:00,6,loss,2024-04-13T19:52:00+00:00,65731.27,0.5412,1.961,sl
2024-04-22,BTCUSDT,LONG,64510.0,2024-04-22T03:15:00+00:00,2024-04-24T14:36:00+00:00,3561.0,64967.268000000004,64500.0,65434.53600000001,2024-04-22T02:00:00+00:00,3,loss,2024-04-24T16:27:00+00:00,64500.0,0.5139,0.9224,sl
2024-04-27,BTCUSDT,LONG,63432.2,2024-04-27T02:15:00+00:00,2024-04-27T03:05:00+00:00,50.0,62833.048,62391.24,63274.85600000001,2024-04-27T01:15:00+00:00,2,win,2024-04-27T14:12:00+00:00,63274.85600000001,0.7342,0.2541,tp
2024-04-29,BTCUSDT,SHORT,63247.03,2024-04-29T01:15:00+00:00,2024-04-29T01:33:00+00:00,18.0,63198.798,63321.9,63075.696,2024-04-29T00:15:00+00:00,2,loss,2024-04-29T01:36:00+00:00,63321.9,0.0234,0.2662,sl
2024-05-02,BTCUSDT,LONG,57019.97,2024-05-02T03:00:00+00:00,2024-05-02T03:17:00+00:00,17.0,57420.628000000004,56911.84,57929.41600000001,2024-05-02T01:30:00+00:00,4,win,2024-05-02T07:10:00+00:00,57929.41600000001,0.9135,0.3799,tp
2024-05-06,BTCUSDT,LONG,63999.68,2024-05-06T05:00:00+00:00,2024-05-06T10:48:00+00:00,348.0,64034.808000000005,63768.72,64300.89600000001,2024-05-06T04:00:00+00:00,2,win,2024-05-06T11:12:00+00:00,64300.89600000001,0.4702,0.3427,tp
2024-05-08,BTCUSDT,SHORT,62425.93,2024-05-08T04:30:00+00:00,2024-05-08T14:49:00+00:00,619.0,62808.906,62973.18,62644.632000000005,2024-05-08T03:30:00+00:00,2,win,2024-05-08T14:53:00+00:00,62644.632000000005,0.2689,0.0304,tp
2024-05-09,BTCUSDT,SHORT,61747.6,2024-05-09T07:45:00+00:00,2024-05-09T08:34:00+00:00,49.0,61441.23,61780.6,61101.86000000001,2024-05-09T06:00:00+00:00,5,win,2024-05-09T09:18:00+00:00,61101.86000000001,0.5745,0.0095,tp
2024-05-10,BTCUSDT,LONG,62513.02,2024-05-10T18:45:00+00:00,2024-05-10T20:52:00+00:00,127.0,60524.00200000001,60187.12,60860.88400000001,2024-05-10T17:45:00+00:00,2,win,2024-05-10T22:16:00+00:00,60860.88400000001,0.5946,0.1109,tp
2024-05-12,BTCUSDT,SHORT,61083.99,2024-05-12T01:30:00+00:00,2024-05-12T02:48:00+00:00,78.0,60947.598,61104.05,60791.14599999999,2024-05-12T00:15:00+00:00,3,loss,2024-05-12T04:54:00+00:00,61104.05,0.1375,0.2632,sl
2024-05-17,BTCUSDT,SHORT,65380.13,2024-05-17T04:30:00+00:00,2024-05-17T05:39:00+00:00,69.0,65553.516,65901.46,65205.572,2024-05-17T03:30:00+00:00,2,loss,2024-05-17T06:46:00+00:00,65901.46,0.0115,0.5438,sl
2024-05-18,BTCUSDT,SHORT,67392.01,2024-05-18T13:00:00+00:00,2024-05-18T13:18:00+00:00,18.0,67007.364,67400.01,66614.71800000001,2024-05-18T11:00:00+00:00,6,win,2024-05-18T14:44:00+00:00,66614.71800000001,0.6078,0.0978,tp
2024-05-23,BTCUSDT,SHORT,69491.26,2024-05-23T08:30:00+00:00,2024-05-23T09:00:00+00:00,30.0,69694.686,69862.44,69526.932,2024-05-23T07:30:00+00:00,2,win,2024-05-23T10:59:00+00:00,69526.932,0.2506,0.1942,tp
2024-05-26,BTCUSDT,LONG,69158.97,2024-05-26T03:45:00+00:00,2024-05-26T04:04:00+00:00,19.0,69002.33600000001,68808.37,69196.30200000003,2024-05-26T02:45:00+00:00,2,win,2024-05-26T07:30:00+00:00,69196.30200000003,0.3558,0.1074,tp
2024-05-27,BTCUSDT,SHORT,68847.99,2024-05-27T03:30:00+00:00,2024-05-27T14:21:00+00:00,651.0,69052.638,69298.0,68807.27600000001,2024-05-27T01:45:00+00:00,5,loss,2024-05-27T14:37:00+00:00,69298.0,0.0529,0.3582,sl
2024-06-02,BTCUSDT,SHORT,67791.02,2024-06-02T02:00:00+00:00,2024-06-02T02:18:00+00:00,18.0,67794.516,67910.55,67678.482,2024-06-02T00:45:00+00:00,3,win,2024-06-02T02:49:00+00:00,67678.482,0.2224,0.0302,tp
2024-06-07,BTCUSDT,LONG,70411.98,2024-06-07T19:30:00+00:00,2024-06-07T20:02:00+00:00,32.0,69162.088,68420.0,69904.176,2024-06-07T18:00:00+00:00,4,win,2024-06-10T15:18:00+00:00,69904.176,1.1942,0.2654,tp
2024-06-10,BTCUSDT,LONG,69467.03,2024-06-10T01:45:00+00:00,2024-06-10T02:00:00+00:00,15.0,69621.128,69426.0,69816.256,2024-06-10T00:45:00+00:00,2,loss,2024-06-10T06:48:00+00:00,69426.0,0.2588,0.4598,sl
2024-06-23,BTCUSDT,SHORT,64399.29,2024-06-23T02:15:00+00:00,2024-06-23T02:54:00+00:00,39.0,64445.656,64521.0,64370.312000000005,2024-06-23T01:00:00+00:00,3,win,2024-06-23T05:23:00+00:00,64370.312000000005,0.1242,0.1147,tp
2024-07-07,BTCUSDT,LONG,56991.1,2024-07-07T16:45:00+00:00,2024-07-07T17:17:00+00:00,32.0,57019.064000000006,56728.92,57309.20800000001,2024-07-07T15:45:00+00:00,2,win,2024-07-07T18:06:00+00:00,57309.20800000001,0.6096,0.3947,tp
2024-07-11,BTCUSDT,SHORT,58727.06,2024-07-11T13:45:00+00:00,2024-07-11T14:00:00+00:00,15.0,58570.048,59650.0,57490.096000000005,2024-07-11T12:30:00+00:00,3,win,2024-07-11T15:41:00+00:00,57490.096000000005,1.9122,0.1782,tp
2024-07-17,BTCUSDT,LONG,64742.01,2024-07-17T17:45:00+00:00,2024-07-17T18:00:00+00:00,15.0,64258.842000000004,63854.0,64663.68400000001,2024-07-17T16:30:00+00:00,3,win,2024-07-17T19:24:00+00:00,64663.68400000001,0.671,0.0698,tp
2024-07-19,BTCUSDT,SHORT,63995.4,2024-07-19T07:00:00+00:00,2024-07-19T12:06:00+00:00,306.0,64221.608,64486.0,63957.216,2024-07-19T06:00:00+00:00,2,loss,2024-07-19T13:36:00+00:00,64486.0,0.3364,0.6881,sl
2024-07-28,BTCUSDT,LONG,67791.22,2024-07-28T08:00:00+00:00,2024-07-28T08:25:00+00:00,25.0,67443.384,67309.15,67577.61800000002,2024-07-28T07:00:00+00:00,2,loss,2024-07-28T08:38:00+00:00,67309.15,0.0404,0.2,sl
2024-07-29,BTCUSDT,LONG,67604.01,2024-07-29T18:15:00+00:00,2024-07-29T21:15:00+00:00,180.0,67143.602,66428.0,67859.204,2024-07-29T17:00:00+00:00,3,loss,2024-07-30T00:20:00+00:00,66428.0,0.6107,1.6198,sl
2024-08-07,BTCUSDT,SHORT,56149.98,2024-08-07T05:45:00+00:00,2024-08-07T06:01:00+00:00,16.0,56890.4,57250.0,56530.8,2024-08-07T04:45:00+00:00,2,loss,2024-08-07T08:49:00+00:00,57250.0,0.6077,0.6567,sl
2024-08-08,BTCUSDT,SHORT,55932.01,2024-08-08T04:00:00+00:00,2024-08-08T06:56:00+00:00,176.0,57234.346000000005,57381.36,57087.33200000001,2024-08-08T01:30:00+00:00,8,loss,2024-08-08T07:20:00+00:00,57381.36,0.1963,0.2857,sl
2024-08-15,BTCUSDT,SHORT,59611.92,2024-08-15T16:45:00+00:00,2024-08-16T19:03:00+00:00,1578.0,59576.32400000001,59787.37,59365.27800000001,2024-08-15T15:15:00+00:00,4,loss,2024-08-16T19:23:00+00:00,59787.37,0.2788,0.3555,sl
2024-08-16,BTCUSDT,SHORT,57907.21,2024-08-16T03:45:00+00:00,2024-08-16T04:06:00+00:00,21.0,57948.816,58517.47,57380.162,2024-08-16T02:30:00+00:00,3,loss,2024-08-16T06:48:00+00:00,58517.47,0.2455,1.093,sl
2024-09-02,BTCUSDT,SHORT,57519.74,2024-09-02T04:45:00+00:00,2024-09-02T05:18:00+00:00,33.0,57581.812000000005,57767.14,57396.48400000001,2024-09-02T03:45:00+00:00,2,loss,2024-09-02T05:40:00+00:00,57767.14,0.0066,0.509,sl
2024-09-03,BTCUSDT,LONG,58590.01,2024-09-03T17:30:00+00:00,2024-09-03T17:53:00+00:00,23.0,57835.60400000001,57655.81,58015.398000000016,2024-09-03T16:30:00+00:00,2,loss,2024-09-03T18:04:00+00:00,57655.81,0.0941,0.4264,sl
2024-09-06,BTCUSDT,LONG,55977.0,2024-09-06T10:15:00+00:00,2024-09-06T11:34:00+00:00,79.0,55946.69200000001,55639.0,56254.38400000002,2024-09-06T08:45:00+00:00,4,win,2024-09-06T12:30:00+00:00,56254.38400000002,1.6021,0.5242,tp
2024-09-08,BTCUSDT,SHORT,54304.99,2024-09-08T06:00:00+00:00,2024-09-08T06:17:00+00:00,17.0,54414.394,54575.0,54253.788,2024-09-08T04:45:00+00:00,3,loss,2024-09-08T09:12:00+00:00,54575.0,0.2817,0.5249,sl
2024-09-11,BTCUSDT,LONG,57005.16,2024-09-11T06:15:00+00:00,2024-09-11T08:44:00+00:00,149.0,56361.600000000006,56100.0,56623.20000000001,2024-09-11T05:15:00+00:00,2,win,2024-09-11T09:30:00+00:00,56623.20000000001,0.477,0.0637,tp
2024-09-17,BTCUSDT,LONG,57767.99,2024-09-17T01:45:00+00:00,2024-09-17T02:11:00+00:00,26.0,57844.0,57610.01,58077.99,2024-09-17T00:45:00+00:00,2,win,2024-09-17T02:40:00+00:00,58077.99,0.408,0.0118,tp
2024-09-22,BTCUSDT,LONG,63129.99,2024-09-22T03:15:00+00:00,2024-09-22T03:37:00+00:00,22.0,63081.81800000001,62830.01,63333.62600000001,2024-09-22T02:15:00+00:00,2,loss,2024-09-22T09:09:00+00:00,62830.01,0.1873,0.4149,sl
2024-09-24,BTCUSDT,SHORT,64312.46,2024-09-24T21:30:00+00:00,2024-09-24T22:01:00+00:00,31.0,64149.402,64596.53,63702.274000000005,2024-09-24T20:00:00+00:00,4,loss,2024-09-24T22:57:00+00:00,64596.53,0.0427,0.8396,sl
2024-09-25,BTCUSDT,LONG,63256.0,2024-09-25T19:00:00+00:00,2024-09-25T19:15:00+00:00,15.0,63317.632000000005,63000.0,63635.26400000001,2024-09-25T17:30:00+00:00,4,loss,2024-09-25T23:24:00+00:00,63000.0,0.3698,0.5016,sl
2024-09-26,BTCUSDT,SHORT,63650.85,2024-09-26T09:00:00+00:00,2024-09-26T09:26:00+00:00,26.0,63740.0,63892.59,63587.41,2024-09-26T08:00:00+00:00,2,loss,2024-09-26T09:26:00+00:00,63892.59,0.0271,0.3012,sl
2024-09-29,BTCUSDT,LONG,65793.86,2024-09-29T02:00:00+00:00,2024-09-29T03:01:00+00:00,61.0,65814.558,65647.28,65981.83600000001,2024-09-29T00:45:00+00:00,3,loss,2024-09-29T05:34:00+00:00,65647.28,0.0204,0.3746,sl
2024-10-06,BTCUSDT,SHORT,62237.91,2024-10-06T17:00:00+00:00,2024-10-06T17:16:00+00:00,16.0,62679.590000000004,62927.87,62431.310000000005,2024-10-06T16:00:00+00:00,2,loss,2024-10-06T19:30:00+00:00,62927.87,0.1415,0.4713,sl
2024-10-10,BTCUSDT,LONG,60420.01,2024-10-10T01:15:00+00:00,2024-10-10T14:36:00+00:00,801.0,60564.808000000005,60355.0,60774.61600000001,2024-10-10T00:15:00+00:00,2,win,2024-10-10T15:57:00+00:00,60774.61600000001,0.4131,0.1978,tp
2024-10-13,BTCUSDT,LONG,62815.99,2024-10-13T04:15:00+00:00,2024-10-13T07:16:00+00:00,181.0,62756.32000000001,62654.91,62857.73000000001,2024-10-13T03:15:00+00:00,2,win,2024-10-13T08:01:00+00:00,62857.73000000001,0.1779,0.0422,tp
2024-10-16,BTCUSDT,SHORT,67658.0,2024-10-16T12:00:00+00:00,2024-10-16T14:16:00+00:00,136.0,68070.022,67799.0,68341.044,2024-10-16T10:30:00+00:00,4,loss,2024-10-16T14:16:00+00:00,67799.0,0.1636,0.1128,sl
2024-10-20,BTCUSDT,LONG,68256.08,2024-10-20T04:00:00+00:00,2024-10-20T06:03:00+00:00,123.0,68180.562,68100.0,68261.12400000001,2024-10-20T03:00:00+00:00,2,win,2024-10-20T06:53:00+00:00,68261.12400000001,0.1292,0.0063,tp
2024-10-23,BTCUSDT,LONG,66968.3,2024-10-23T04:45:00+00:00,2024-10-23T05:01:00+00:00,16.0,67171.32600000002,66890.0,67452.65200000003,2024-10-23T03:15:00+00:00,4,loss,2024-10-23T07:12:00+00:00,66890.0,0.1958,0.4821,sl
2024-10-25,BTCUSDT,LONG,67432.01,2024-10-25T08:30:00+00:00,2024-10-25T09:21:00+00:00,51.0,67594.888,67250.0,67939.77600000001,2024-10-25T07:30:00+00:00,2,win,2024-10-25T11:08:00+00:00,67939.77600000001,0.5162,0.1035,tp
2024-10-29,BTCUSDT,SHORT,70028.58,2024-10-29T03:45:00+00:00,2024-10-29T04:12:00+00:00,27.0,71089.19200000001,71587.88,70590.50400000002,2024-10-29T02:15:00+00:00,4,loss,2024-10-29T13:51:00+00:00,71587.88,0.3536,0.7954,sl
2024-11-01,BTCUSDT,SHORT,71160.02,2024-11-01T15:30:00+00:00,2024-11-06T00:35:00+00:00,6305.0,70886.8,71632.95,70140.65000000001,2024-11-01T14:30:00+00:00,2,loss,2024-11-06T02:15:00+00:00,71632.95,0.3961,1.0823,sl
2024-11-08,BTCUSDT,SHORT,76494.01,2024-11-08T16:30:00+00:00,2024-11-08T17:34:00+00:00,64.0,76214.29000000001,76584.6,75843.98000000001,2024-11-08T15:30:00+00:00,2,loss,2024-11-08T18:30:00+00:00,76584.6,0.2051,0.5061,sl
2024-11-12,BTCUSDT,SHORT,89348.01,2024-11-12T02:30:00+00:00,2024-11-12T04:21:00+00:00,111.0,88323.6,89470.0,87177.20000000001,2024-11-12T01:15:00+00:00,3,loss,2024-11-12T06:45:00+00:00,89470.0,0.1852,1.6542,sl
2024-11-14,BTCUSDT,SHORT,90784.01,2024-11-14T14:45:00+00:00,2024-11-15T12:06:00+00:00,1281.0,89927.488,91380.0,88474.976,2024-11-14T13:00:00+00:00,5,win,2024-11-15T15:07:00+00:00,88474.976,1.623,0.8699,tp
2024-11-17,BTCUSDT,SHORT,90656.75,2024-11-17T01:45:00+00:00,2024-11-17T04:11:00+00:00,146.0,90391.43000000001,90888.0,89894.86000000002,2024-11-17T00:30:00+00:00,3,loss,2024-11-17T05:10:00+00:00,90888.0,0.1874,0.5494,sl
2024-11-19,BTCUSDT,SHORT,91887.99,2024-11-19T08:00:00+00:00,2024-11-19T08:55:00+00:00,55.0,91737.024,92000.0,91474.04800000001,2024-11-19T07:00:00+00:00,2,win,2024-11-19T09:21:00+00:00,91474.04800000001,0.3107,0.2322,tp
2024-11-23,BTCUSDT,LONG,98656.01,2024-11-23T05:45:00+00:00,2024-11-23T06:23:00+00:00,38.0,98648.514,98284.61,99012.41799999999,2024-11-23T04:45:00+00:00,2,loss,2024-11-23T16:14:00+00:00,98284.61,0.2019,0.404,sl
2024-12-04,BTCUSDT,LONG,94703.04,2024-12-04T18:00:00+00:00,2024-12-05T22:28:00+00:00,1708.0,95405.98800000001,94587.83,96224.14600000002,2024-12-04T16:45:00+00:00,3,loss,2024-12-05T22:28:00+00:00,94587.83,0.8322,5.1422,sl
2024-12-27,BTCUSDT,SHORT,96702.38,2024-12-27T10:30:00+00:00,2024-12-27T11:42:00+00:00,72.0,96664.53,97544.58,95784.48,2024-12-27T09:00:00+00:00,4,win,2024-12-27T14:36:00+00:00,95784.48,0.9424,0.3841,tp
2024-12-30,BTCUSDT,SHORT,94257.42,2024-12-30T13:15:00+00:00,2024-12-30T17:43:00+00:00,268.0,93517.212,94277.23,92757.194,2024-12-30T12:15:00+00:00,2,loss,2024-12-30T18:13:00+00:00,94277.23,0.1086,1.1097,sl
2024-12-31,BTCUSDT,LONG,92468.16,2024-12-31T06:15:00+00:00,2024-12-31T06:35:00+00:00,20.0,92760.064,92344.07,93176.05799999999,2024-12-31T04:45:00+00:00,4,win,2024-12-31T08:17:00+00:00,93176.05799999999,0.5582,0.1598,tp
2025-01-01,BTCUSDT,SHORT,94258.39,2025-01-01T02:00:00+00:00,2025-01-01T02:37:00+00:00,37.0,93809.204,94509.42,93108.988,2025-01-01T00:45:00+00:00,3,win,2025-01-01T09:25:00+00:00,93108.988,0.7921,0.3154,tp
2025-01-03,BTCUSDT,LONG,96812.44,2025-01-03T02:15:00+00:00,2025-01-03T02:52:00+00:00,37.0,97057.6,96650.0,97465.20000000001,2025-01-03T01:15:00+00:00,2,loss,2025-01-03T05:08:00+00:00,96650.0,0.0343,0.4609,sl
2025-01-09,BTCUSDT,LONG,93619.51,2025-01-09T09:30:00+00:00,2025-01-09T10:18:00+00:00,48.0,93423.576,92750.0,94097.152,2025-01-09T08:30:00+00:00,2,loss,2025-01-09T13:23:00+00:00,92750.0,0.4858,0.7916,sl
2025-01-10,BTCUSDT,SHORT,94079.21,2025-01-10T13:45:00+00:00,2025-01-10T14:09:00+00:00,24.0,94080.09800000001,95063.67,93096.52600000003,2025-01-10T12:45:00+00:00,2,win,2025-01-10T15:06:00+00:00,93096.52600000003,1.05,0.6385,tp
2025-01-12,BTCUSDT,SHORT,94940.76,2025-01-12T16:15:00+00:00,2025-01-12T16:34:00+00:00,19.0,94950.73200000002,95450.1,94451.36400000003,2025-01-12T15:15:00+00:00,2,win,2025-01-12T21:16:00+00:00,94451.36400000003,0.585,0.3827,tp
2025-01-16,BTCUSDT,LONG,98511.99,2025-01-16T16:00:00+00:00,2025-01-27T06:43:00+00:00,15283.0,99051.39200000002,97335.13,100767.65400000004,2025-01-16T15:00:00+00:00,2,win,2025-01-27T12:55:00+00:00,100767.65400000004,1.8767,1.2858,tp
2025-01-20,BTCUSDT,LONG,101211.07,2025-01-20T02:15:00+00:00,2025-01-20T17:42:00+00:00,927.0,100859.16800000002,99550.0,102168.33600000004,2025-01-20T00:30:00+00:00,5,win,2025-01-20T17:43:00+00:00,102168.33600000004,1.3774,0.5217,tp
2025-01-29,BTCUSDT,SHORT,102964.93,2025-01-29T09:15:00+00:00,2025-01-29T10:21:00+00:00,66.0,102662.4,103000.0,102324.79999999999,2025-01-29T08:00:00+00:00,3,win,2025-01-29T12:38:00+00:00,102324.79999999999,0.3381,0.175,tp
2025-02-02,BTCUSDT,LONG,100389.11,2025-02-02T05:30:00+00:00,2025-02-02T07:27:00+00:00,117.0,99804.008,99031.19,100576.826,2025-02-02T04:00:00+00:00,4,loss,2025-02-02T11:27:00+00:00,99031.19,0.2966,0.778,sl
2025-02-05,BTCUSDT,SHORT,98576.52,2025-02-05T02:00:00+00:00,2025-02-05T02:54:00+00:00,54.0,98037.81,98930.44,97145.18,2025-02-05T01:00:00+00:00,2,loss,2025-02-05T14:40:00+00:00,98930.44,0.7964,0.9251,sl
2025-02-16,BTCUSDT,LONG,97479.07,2025-02-16T05:45:00+00:00,2025-02-16T06:00:00+00:00,15.0,97569.89199999999,97472.04,97667.74399999999,2025-02-16T04:30:00+00:00,3,loss,2025-02-16T06:56:00+00:00,97472.04,0.0571,0.1208,sl
2025-02-18,BTCUSDT,LONG,95659.46,2025-02-18T01:15:00+00:00,2025-02-18T05:16:00+00:00,241.0,95898.90400000001,95538.01,96259.79800000002,2025-02-18T00:15:00+00:00,2,loss,2025-02-18T06:02:00+00:00,95538.01,0.0354,0.3773,sl
2025-02-24,BTCUSDT,LONG,95436.18,2025-02-24T05:45:00+00:00,2025-02-24T06:17:00+00:00,32.0,95647.58600000001,95078.01,96217.16200000003,2025-02-24T04:30:00+00:00,3,loss,2025-02-24T14:50:00+00:00,95078.01,0.5537,0.7614,sl
2025-03-09,BTCUSDT,LONG,85638.12,2025-03-09T20:15:00+00:00,2025-03-09T21:05:00+00:00,50.0,82889.98000000001,82336.36,83443.60000000002,2025-03-09T19:00:00+00:00,3,loss,2025-03-09T21:23:00+00:00,82336.36,0.0772,1.0375,sl
2025-03-11,BTCUSDT,SHORT,79882.35,2025-03-11T23:15:00+00:00,2025-03-11T23:59:00+00:00,44.0,82923.134,83306.87,82539.39800000002,2025-03-11T22:15:00+00:00,2,loss,2025-03-12T01:41:00+00:00,83306.87,0.3837,0.5521,sl
2025-03-13,BTCUSDT,LONG,83631.19,2025-03-13T02:00:00+00:00,2025-03-13T02:31:00+00:00,31.0,83878.85200000001,83312.92,84444.78400000003,2025-03-13T01:00:00+00:00,2,loss,2025-03-13T04:34:00+00:00,83312.92,0.3823,0.691,sl
2025-03-14,BTCUSDT,SHORT,81420.01,2025-03-14T03:45:00+00:00,2025-03-14T04:00:00+00:00,15.0,81909.69200000001,82270.51,81548.87400000003,2025-03-14T02:45:00+00:00,2,loss,2025-03-14T07:43:00+00:00,82270.51,0.1582,0.5442,sl
2025-03-16,BTCUSDT,LONG,83778.03,2025-03-16T15:00:00+00:00,2025-03-16T15:18:00+00:00,18.0,83139.52,82498.38,83780.66,2025-03-16T13:45:00+00:00,3,win,2025-03-16T16:07:00+00:00,83780.66,0.9491,0.1905,tp
2025-03-20,BTCUSDT,LONG,84516.12,2025-03-20T20:30:00+00:00,2025-03-20T21:12:00+00:00,42.0,84406.48400000001,83922.0,84890.96800000002,2025-03-20T19:00:00+00:00,4,loss,2025-03-21T07:38:00+00:00,83922.0,0.5258,0.5969,sl
2025-03-25,BTCUSDT,SHORT,88311.64,2025-03-25T18:30:00+00:00,2025-03-25T19:00:00+00:00,30.0,87859.76000000001,88321.27,87398.25000000001,2025-03-25T17:00:00+00:00,4,loss,2025-03-25T20:06:00+00:00,88321.27,0.049,0.7072,sl
2025-03-27,BTCUSDT,LONG,86841.31,2025-03-27T14:45:00+00:00,2025-03-27T15:46:00+00:00,61.0,86835.332,85800.0,87870.66399999999,2025-03-27T13:30:00+00:00,3,loss,2025-03-28T06:53:00+00:00,85800.0,1.0283,1.292,sl
2025-03-31,BTCUSDT,SHORT,82959.59,2025-03-31T19:30:00+00:00,2025-04-01T02:50:00+00:00,440.0,83086.782,83566.0,82607.56400000001,2025-03-31T18:30:00+00:00,2,loss,2025-04-01T07:18:00+00:00,83566.0,0.2406,0.5815,sl
2025-04-07,BTCUSDT,SHORT,78831.45,2025-04-07T02:30:00+00:00,2025-04-07T14:10:00+00:00,700.0,78867.324,79347.46,78387.18799999998,2025-04-07T01:15:00+00:00,3,win,2025-04-07T14:10:00+00:00,78387.18799999998,0.7498,0.1682,tp
2025-04-19,BTCUSDT,SHORT,84518.36,2025-04-19T15:45:00+00:00,2025-04-19T16:04:00+00:00,19.0,85296.36000000002,85500.0,85092.72000000003,2025-04-19T14:00:00+00:00,5,win,2025-04-19T16:30:00+00:00,85092.72000000003,0.3061,0.0395,tp
2025-04-28,BTCUSDT,SHORT,94721.31,2025-04-28T13:45:00+00:00,2025-04-28T14:21:00+00:00,36.0,94850.412,95630.0,94070.824,2025-04-28T12:45:00+00:00,2,win,2025-04-28T15:11:00+00:00,94070.824,0.8333,0.0523,tp
2025-05-06,BTCUSDT,LONG,93969.21,2025-05-06T12:45:00+00:00,2025-05-06T13:01:00+00:00,16.0,93913.636,93720.63,94106.64199999999,2025-05-06T11:45:00+00:00,2,loss,2025-05-06T13:30:00+00:00,93720.63,0.0166,0.2133,sl
2025-05-10,BTCUSDT,SHORT,103628.77,2025-05-10T09:00:00+00:00,2025-05-10T09:38:00+00:00,38.0,103709.87400000001,104079.37,103340.37800000003,2025-05-10T08:00:00+00:00,2,win,2025-05-10T15:36:00+00:00,103340.37800000003,0.5275,0.1947,tp
2025-05-11,BTCUSDT,LONG,104807.37,2025-05-11T03:45:00+00:00,2025-05-11T04:00:00+00:00,15.0,104005.61600000001,103466.05,104545.18200000002,2025-05-11T02:45:00+00:00,2,loss,2025-05-11T07:41:00+00:00,103466.05,0.3792,0.6158,sl
2025-05-12,BTCUSDT,LONG,103781.06,2025-05-12T06:30:00+00:00,2025-05-12T08:11:00+00:00,101.0,104144.304,103750.0,104538.60800000001,2025-05-12T05:30:00+00:00,2,win,2025-05-12T08:48:00+00:00,104538.60800000001,0.3797,0.064,tp
2025-05-15,BTCUSDT,SHORT,103970.87,2025-05-15T18:30:00+00:00,2025-05-15T22:09:00+00:00,219.0,103623.958,104192.7,103055.216,2025-05-15T17:30:00+00:00,2,loss,2025-05-16T02:00:00+00:00,104192.7,0.3794,0.6322,sl
2025-05-16,BTCUSDT,SHORT,103968.26,2025-05-16T04:30:00+00:00,2025-05-16T05:05:00+00:00,35.0,103987.58800000002,104328.32,103646.85600000003,2025-05-16T03:30:00+00:00,2,win,2025-05-16T08:02:00+00:00,103646.85600000003,0.3535,0.1951,tp
2025-05-21,BTCUSDT,SHORT,107026.47,2025-05-21T02:00:00+00:00,2025-05-21T02:32:00+00:00,32.0,106576.52400000002,107086.24,106066.80800000003,2025-05-21T01:00:00+00:00,2,loss,2025-05-21T03:35:00+00:00,107086.24,0.0389,0.4805,sl
2025-05-23,BTCUSDT,SHORT,111780.84,2025-05-23T01:15:00+00:00,2025-05-23T01:31:00+00:00,16.0,111382.11200000001,111800.0,110964.22400000002,2025-05-23T00:00:00+00:00,3,win,2025-05-23T04:15:00+00:00,110964.22400000002,0.3771,0.2126,tp
2025-05-29,BTCUSDT,LONG,107136.37,2025-05-29T06:30:00+00:00,2025-05-29T06:54:00+00:00,24.0,107848.11400000002,106948.01,108748.21800000004,2025-05-29T04:45:00+00:00,5,win,2025-05-29T10:56:00+00:00,108748.21800000004,0.9355,0.1542,tp
2025-06-02,BTCUSDT,LONG,105097.58,2025-06-02T06:45:00+00:00,2025-06-02T09:06:00+00:00,141.0,105078.21,104610.13,105546.29000000001,2025-06-02T05:45:00+00:00,2,loss,2025-06-02T09:44:00+00:00,104610.13,0.1196,0.4494,sl
2025-06-11,BTCUSDT,LONG,108832.78,2025-06-11T21:00:00+00:00,2025-06-11T21:26:00+00:00,26.0,108896.07,108480.0,109312.14000000001,2025-06-11T20:00:00+00:00,2,loss,2025-06-11T21:38:00+00:00,108480.0,0.0484,0.433,sl
2025-06-17,BTCUSDT,SHORT,107181.35,2025-06-17T02:30:00+00:00,2025-06-17T02:51:00+00:00,21.0,106967.54800000001,107399.0,106536.09600000002,2025-06-17T01:30:00+00:00,2,loss,2025-06-17T02:55:00+00:00,107399.0,0.0459,0.4978,sl
2025-06-18,BTCUSDT,LONG,103630.67,2025-06-18T20:30:00+00:00,2025-06-19T14:50:00+00:00,1100.0,104170.44,103500.0,104840.88,2025-06-18T19:00:00+00:00,4,win,2025-06-19T23:15:00+00:00,104840.88,0.6531,0.2315,tp
2025-06-24,BTCUSDT,LONG,105323.83,2025-06-24T05:30:00+00:00,2025-06-24T07:37:00+00:00,127.0,105118.43,104704.91,105531.94999999998,2025-06-24T04:15:00+00:00,3,loss,2025-06-24T08:08:00+00:00,104704.91,0.188,0.3943,sl
2025-06-25,BTCUSDT,SHORT,106225.26,2025-06-25T03:45:00+00:00,2025-06-25T05:43:00+00:00,118.0,106368.862,106791.18,105946.544,2025-06-25T02:15:00+00:00,4,loss,2025-06-25T09:08:00+00:00,106791.18,0.2292,0.4885,sl
2025-06-29,BTCUSDT,SHORT,107449.28,2025-06-29T01:45:00+00:00,2025-06-29T06:58:00+00:00,313.0,107368.44200000001,107500.0,107236.88400000002,2025-06-29T00:45:00+00:00,2,loss,2025-06-29T08:31:00+00:00,107500.0,0.0358,0.2226,sl
2025-07-11,BTCUSDT,LONG,115727.5,2025-07-11T01:30:00+00:00,2025-07-11T02:04:00+00:00,34.0,115848.95400000001,115222.22,116475.68800000002,2025-07-11T00:15:00+00:00,3,win,2025-07-11T02:39:00+00:00,116475.68800000002,0.5718,0.1261,tp
2025-07-14,BTCUSDT,SHORT,119150.0,2025-07-14T01:15:00+00:00,2025-07-14T01:33:00+00:00,18.0,119047.41000000002,119470.54,118624.28000000004,2025-07-14T00:15:00+00:00,2,loss,2025-07-14T02:23:00+00:00,119470.54,0.0654,0.4969,sl
2025-07-19,BTCUSDT,SHORT,117950.25,2025-07-19T04:45:00+00:00,2025-07-19T05:36:00+00:00,51.0,118200.582,118371.42,118029.74399999999,2025-07-19T03:30:00+00:00,3,win,2025-07-19T08:32:00+00:00,118029.74399999999,0.1498,0.1068,tp
2025-07-22,BTCUSDT,SHORT,117902.73,2025-07-22T02:45:00+00:00,2025-07-22T04:38:00+00:00,113.0,117343.65800000001,117950.0,116737.31600000002,2025-07-22T01:45:00+00:00,2,win,2025-07-22T04:50:00+00:00,116737.31600000002,0.5489,0.0115,tp
2025-07-24,BTCUSDT,LONG,117381.44,2025-07-24T08:15:00+00:00,2025-07-24T09:18:00+00:00,63.0,118513.78800000002,117103.1,119924.47600000002,2025-07-24T07:00:00+00:00,3,loss,2025-07-25T02:12:00+00:00,117103.1,0.79,1.1929,sl
2025-08-07,BTCUSDT,SHORT,115187.96,2025-08-07T12:15:00+00:00,2025-08-07T12:38:00+00:00,23.0,116457.496,116828.93,116086.062,2025-08-07T11:15:00+00:00,2,win,2025-08-07T12:49:00+00:00,116086.062,0.3621,0.009,tp
2025-08-11,BTCUSDT,LONG,118362.97,2025-08-11T23:00:00+00:00,2025-08-11T23:28:00+00:00,28.0,118744.46,118050.11,119438.81000000001,2025-08-11T21:45:00+00:00,3,win,2025-08-12T13:34:00+00:00,119438.81000000001,0.6497,0.4522,tp
2025-08-14,BTCUSDT,LONG,121767.97,2025-08-14T14:30:00+00:00,2025-08-14T15:05:00+00:00,35.0,118704.952,117727.73,119682.17400000001,2025-08-14T13:30:00+00:00,2,loss,2025-08-14T16:13:00+00:00,117727.73,0.1063,0.8635,sl
2025-08-21,BTCUSDT,LONG,113272.3,2025-08-21T19:00:00+00:00,2025-08-21T19:20:00+00:00,20.0,112540.01000000001,112201.0,112879.02000000002,2025-08-21T17:30:00+00:00,4,loss,2025-08-21T19:24:00+00:00,112201.0,0.0521,0.3288,sl
2025-08-26,BTCUSDT,LONG,110070.54,2025-08-26T04:15:00+00:00,2025-08-26T04:46:00+00:00,31.0,109964.97600000001,109432.0,110497.95200000002,2025-08-26T03:15:00+00:00,2,win,2025-08-26T07:36:00+00:00,110497.95200000002,0.5296,0.181,tp
2025-09-17,BTCUSDT,LONG,116531.93,2025-09-17T02:30:00+00:00,2025-09-17T02:55:00+00:00,25.0,116748.48400000001,116516.92,116980.04800000002,2025-09-17T01:15:00+00:00,3,loss,2025-09-17T03:28:00+00:00,116516.92,0.0264,0.2562,sl
2025-09-28,BTCUSDT,LONG,109408.18,2025-09-28T07:30:00+00:00,2025-09-28T08:23:00+00:00,53.0,109437.104,109260.0,109614.20800000001,2025-09-28T06:30:00+00:00,2,loss,2025-09-28T11:22:00+00:00,109260.0,0.1124,0.1655,sl
2025-10-08,BTCUSDT,SHORT,121951.08,2025-10-08T03:15:00+00:00,2025-10-08T04:57:00+00:00,102.0,121828.88400000002,122229.66,121428.10800000004,2025-10-08T02:15:00+00:00,2,win,2025-10-08T05:21:00+00:00,121428.10800000004,0.338,0.0668,tp
2025-10-17,BTCUSDT,SHORT,108549.21,2025-10-17T05:45:00+00:00,2025-10-19T15:21:00+00:00,3456.0,108605.84400000001,109240.0,107971.68800000002,2025-10-17T03:45:00+00:00,6,loss,2025-10-19T17:15:00+00:00,109240.0,0.3369,0.6878,sl
2025-10-24,BTCUSDT,LONG,109881.05,2025-10-24T15:15:00+00:00,2025-10-24T15:40:00+00:00,25.0,110289.61200000001,109700.01,110879.21400000002,2025-10-24T14:15:00+00:00,2,win,2025-10-24T19:28:00+00:00,110879.21400000002,0.5915,0.4465,tp
2025-10-25,BTCUSDT,SHORT,111566.96,2025-10-25T10:00:00+00:00,2025-10-25T10:37:00+00:00,37.0,111603.40400000001,111850.13,111356.67800000001,2025-10-25T09:00:00+00:00,2,loss,2025-10-25T12:48:00+00:00,111850.13,0.11,0.2628,sl
2025-10-31,BTCUSDT,SHORT,108390.02,2025-10-31T02:15:00+00:00,2025-10-31T04:09:00+00:00,114.0,109481.938,110042.16,108921.71599999999,2025-10-31T01:00:00+00:00,3,loss,2025-10-31T04:40:00+00:00,110042.16,0.2134,0.6696,sl
2025-11-09,BTCUSDT,LONG,101628.6,2025-11-09T04:15:00+00:00,2025-11-09T04:48:00+00:00,33.0,101798.492,101400.0,102196.984,2025-11-09T03:15:00+00:00,2,win,2025-11-09T11:15:00+00:00,102196.984,0.4443,0.2932,tp
2025-11-14,BTCUSDT,LONG,98671.68,2025-11-14T14:45:00+00:00,2025-11-14T15:03:00+00:00,18.0,96119.88,94571.1,97668.66,2025-11-14T13:30:00+00:00,3,loss,2025-11-14T20:40:00+00:00,94571.1,1.3434,1.7893,sl
2025-12-11,BTCUSDT,SHORT,93001.71,2025-12-11T22:30:00+00:00,2025-12-11T23:35:00+00:00,65.0,92731.68,93555.0,91908.35999999999,2025-12-11T21:30:00+00:00,2,win,2025-12-12T00:58:00+00:00,91908.35999999999,0.9724,0.0737,tp
2025-12-13,BTCUSDT,SHORT,90538.46,2025-12-13T11:30:00+00:00,2025-12-13T12:10:00+00:00,40.0,90462.242,90634.55,90289.934,2025-12-13T10:30:00+00:00,2,win,2025-12-13T12:48:00+00:00,90289.934,0.2057,0.0089,tp
2025-12-14,BTCUSDT,SHORT,90358.77,2025-12-14T01:45:00+00:00,2025-12-14T02:02:00+00:00,17.0,90308.734,90472.4,90145.068,2025-12-14T00:45:00+00:00,2,win,2025-12-14T04:43:00+00:00,90145.068,0.1826,0.0833,tp
2025-12-16,BTCUSDT,SHORT,86871.25,2025-12-16T13:45:00+00:00,2025-12-16T14:30:00+00:00,45.0,87136.91,87342.74,86931.08,2025-12-16T12:00:00+00:00,5,loss,2025-12-16T14:30:00+00:00,87342.74,0.2627,0.3019,sl
2025-12-21,BTCUSDT,LONG,88021.07,2025-12-21T03:15:00+00:00,2025-12-21T13:30:00+00:00,615.0,88020.984,87869.35,88172.61799999999,2025-12-21T02:15:00+00:00,2,loss,2025-12-21T13:30:00+00:00,87869.35,0.2294,0.2205,sl
2025-12-22,BTCUSDT,LONG,87934.72,2025-12-22T03:15:00+00:00,2025-12-22T19:25:00+00:00,970.0,88573.164,87900.0,89246.32800000001,2025-12-22T02:00:00+00:00,3,loss,2025-12-23T03:07:00+00:00,87900.0,0.4142,0.8729,sl
2025-12-31,BTCUSDT,SHORT,88875.83,2025-12-31T12:45:00+00:00,2025-12-31T13:19:00+00:00,34.0,88867.486,89046.6,88688.372,2025-12-31T11:45:00+00:00,2,loss,2025-12-31T14:04:00+00:00,89046.6,0.1394,0.2054,sl
2026-01-15,BTCUSDT,LONG,96493.15,2026-01-15T04:30:00+00:00,2026-01-15T04:57:00+00:00,27.0,96166.902,95777.0,96556.804,2026-01-15T03:30:00+00:00,2,win,2026-01-15T06:19:00+00:00,96556.804,0.4199,0.0122,tp
2026-01-20,BTCUSDT,LONG,92448.61,2026-01-20T07:45:00+00:00,2026-01-20T08:00:00+00:00,15.0,91137.308,90771.78,91502.83600000001,2026-01-20T06:45:00+00:00,2,loss,2026-01-20T08:36:00+00:00,90771.78,0.1299,0.4875,sl
2026-01-21,BTCUSDT,SHORT,88579.02,2026-01-21T06:45:00+00:00,2026-01-21T07:03:00+00:00,18.0,89683.29600000002,90120.44,89246.15200000003,2026-01-21T05:45:00+00:00,2,win,2026-01-21T07:39:00+00:00,89246.15200000003,0.5651,0.0937,tp
2026-01-26,BTCUSDT,SHORT,87079.93,2026-01-26T03:30:00+00:00,2026-01-26T04:10:00+00:00,40.0,87479.176,87973.11,86985.24200000001,2026-01-26T02:30:00+00:00,2,loss,2026-01-26T06:26:00+00:00,87973.11,0.0484,0.5877,sl
2026-02-05,BTCUSDT,LONG,72769.18,2026-02-05T07:15:00+00:00,2026-02-05T07:41:00+00:00,26.0,70996.88,70434.05,71559.71,2026-02-05T06:15:00+00:00,2,win,2026-02-05T09:08:00+00:00,71559.71,1.1171,0.496,tp
2026-02-08,BTCUSDT,SHORT,69456.43,2026-02-08T09:45:00+00:00,2026-02-08T10:00:00+00:00,15.0,70297.57800000001,70796.99,69798.16600000001,2026-02-08T08:30:00+00:00,3,loss,2026-02-08T11:17:00+00:00,70796.99,0.579,0.9067,sl
2026-02-09,BTCUSDT,SHORT,71366.0,2026-02-09T06:30:00+00:00,2026-02-09T06:52:00+00:00,22.0,70622.06,71453.53,69790.59,2026-02-09T03:45:00+00:00,9,win,2026-02-09T08:31:00+00:00,69790.59,1.3523,0.3971,tp
2026-02-11,BTCUSDT,LONG,68229.65,2026-02-11T07:45:00+00:00,2026-02-11T08:01:00+00:00,16.0,67023.58,66557.99,67489.17,2026-02-11T06:45:00+00:00,2,loss,2026-02-11T10:50:00+00:00,66557.99,0.1654,0.7569,sl
2026-02-12,BTCUSDT,LONG,66113.25,2026-02-12T19:30:00+00:00,2026-02-12T20:01:00+00:00,31.0,65756.4,65118.0,66394.79999999999,2026-02-12T18:30:00+00:00,2,win,2026-02-12T22:47:00+00:00,66394.79999999999,0.9787,0.8233,tp
2026-02-21,BTCUSDT,LONG,67613.37,2026-02-21T05:00:00+00:00,2026-02-21T05:39:00+00:00,39.0,67806.248,67534.69,68077.80600000001,2026-02-21T03:30:00+00:00,4,win,2026-02-21T08:58:00+00:00,68077.80600000001,0.4029,0.0836,tp
2026-02-28,BTCUSDT,SHORT,65899.99,2026-02-28T03:45:00+00:00,2026-02-28T18:53:00+00:00,908.0,65851.148,66018.85,65683.446,2026-02-28T02:45:00+00:00,2,loss,2026-02-28T18:55:00+00:00,66018.85,0.1989,0.4654,sl
2026-03-02,BTCUSDT,SHORT,66560.14,2026-03-02T02:15:00+00:00,2026-03-02T02:33:00+00:00,18.0,66288.204,67079.0,65497.407999999996,2026-03-02T01:00:00+00:00,3,win,2026-03-02T13:47:00+00:00,65497.407999999996,1.2087,1.1299,tp
2026-03-03,BTCUSDT,LONG,68425.1,2026-03-03T05:15:00+00:00,2026-03-03T05:31:00+00:00,16.0,68298.42,68231.47,68365.37,2026-03-03T03:15:00+00:00,6,win,2026-03-03T05:32:00+00:00,68365.37,0.1239,0.0269,tp
2026-03-16,BTCUSDT,LONG,72749.44,2026-03-16T02:00:00+00:00,2026-03-16T02:15:00+00:00,15.0,72665.84,72270.41,73061.26999999999,2026-03-16T01:00:00+00:00,2,win,2026-03-16T03:30:00+00:00,73061.26999999999,0.7173,0.4098,tp
2026-03-17,BTCUSDT,LONG,73769.99,2026-03-17T11:15:00+00:00,2026-03-17T12:25:00+00:00,70.0,73865.01,73560.98,74169.04,2026-03-17T10:00:00+00:00,3,loss,2026-03-17T13:52:00+00:00,73560.98,0.4094,0.6306,sl
2026-03-29,BTCUSDT,SHORT,66940.95,2026-03-29T04:30:00+00:00,2026-03-29T06:04:00+00:00,94.0,66848.54000000001,67130.5,66566.58000000002,2026-03-29T03:15:00+00:00,3,win,2026-03-29T07:03:00+00:00,66566.58000000002,0.4257,0.0351,tp
2026-03-30,BTCUSDT,LONG,65860.31,2026-03-30T02:45:00+00:00,2026-03-30T17:21:00+00:00,876.0,66974.62400000001,65800.59,68148.65800000002,2026-03-30T00:15:00+00:00,8,win,2026-03-31T01:33:00+00:00,68148.65800000002,1.755,1.1071,tp
2026-04-10,BTCUSDT,SHORT,72075.75,2026-04-10T02:45:00+00:00,2026-04-10T04:53:00+00:00,128.0,72157.444,72387.0,71927.888,2026-04-10T01:30:00+00:00,3,win,2026-04-10T06:31:00+00:00,71927.888,0.326,0.1531,tp
2026-04-14,BTCUSDT,LONG,74134.65,2026-04-14T02:00:00+00:00,2026-04-14T02:33:00+00:00,33.0,74353.99,73954.86,74753.12000000001,2026-04-14T01:00:00+00:00,2,win,2026-04-14T07:09:00+00:00,74753.12000000001,0.7675,0.2735,tp
2026-04-16,BTCUSDT,LONG,73913.7,2026-04-16T15:45:00+00:00,2026-04-16T16:33:00+00:00,48.0,74450.16,73309.85,75590.47,2026-04-16T13:45:00+00:00,6,win,2026-04-17T08:48:00+00:00,75590.47,1.6713,0.7225,tp
2026-04-18,BTCUSDT,SHORT,77340.12,2026-04-18T03:15:00+00:00,2026-04-18T05:13:00+00:00,118.0,77262.25600000001,77420.08,77104.43200000002,2026-04-18T02:15:00+00:00,2,win,2026-04-18T06:05:00+00:00,77104.43200000002,0.207,0.0211,tp
