signal_time,direction,RR,fvg_b,fvg_t,ob_b,ob_t,entry,sl,tp,risk_pct,outcome,R,fill_time
2020-01-20T09:15:00+00:00,LONG,2.25,8648.33,8650.0,8632.76,8667.64,8649.67,8632.76,8687.7,0.195,loss,-1.0,2020-01-20T11:41:00
2020-01-21T20:15:00+00:00,LONG,2.25,8565.8,8675.02,8521.28,8615.71,8653.18,8521.28,8949.94,1.524,loss,-1.0,2020-01-23T05:31:00
2020-01-26T17:15:00+00:00,LONG,2.25,8511.16,8556.03,8502.0,8562.88,8547.06,8502.0,8648.43,0.527,win,2.24999999999998,2020-01-27T00:00:00
2020-01-31T05:45:00+00:00,SHORT,2.25,9378.72,9380.0,9375.33,9412.35,9378.98,9412.35,9303.88,0.356,loss,-1.0,2020-01-31T09:21:00
2020-01-31T15:20:00+00:00,LONG,2.25,9276.03,9285.43,9220.0,9385.41,9283.55,9220.0,9426.54,0.685,win,2.250000000000007,2020-01-31T22:48:00
2020-02-04T06:00:00+00:00,LONG,2.25,9267.89,9275.0,9234.0,9270.0,9273.58,9234.0,9362.63,0.427,loss,-1.0,2020-02-04T09:00:00
2020-02-08T13:45:00+00:00,SHORT,2.25,9810.0,9812.46,9810.64,9831.0,9810.49,9831.0,9764.35,0.209,no_entry,0.0,2020-02-08T14:07:00
2020-02-18T04:45:00+00:00,LONG,2.25,9748.5,9771.1,9734.85,9773.01,9766.58,9734.85,9837.97,0.325,loss,-1.0,2020-02-18T09:01:00
2020-02-20T16:45:00+00:00,LONG,2.25,9565.0,9580.98,9518.08,9565.49,9577.78,9518.08,9712.12,0.623,loss,-1.0,2020-02-20T17:27:00
2020-02-28T20:15:00+00:00,LONG,2.25,8579.28,8643.72,8445.0,8606.31,8630.83,8445.0,9048.95,2.153,loss,-1.0,2020-03-01T19:00:00
2020-02-29T23:00:00+00:00,LONG,2.25,8632.63,8632.7,8572.22,8634.42,8632.69,8572.22,8768.73,0.7,loss,-1.0,2020-02-29T23:37:00
2020-03-27T05:00:00+00:00,SHORT,2.25,6741.72,6770.18,6692.55,6761.79,6747.41,6761.79,6715.06,0.213,no_entry,0.0,2020-04-02T14:42:00
2020-04-09T00:00:00+00:00,SHORT,2.25,7361.24,7364.3,7354.63,7420.0,7361.85,7420.0,7231.02,0.79,win,2.250000000000004,2020-04-09T11:56:00
2020-04-16T01:45:00+00:00,LONG,2.25,6604.96,6615.0,6603.0,6697.27,6612.99,6603.0,6635.47,0.151,no_entry,0.0,2020-04-16T02:04:00
2020-04-18T08:45:00+00:00,SHORT,2.25,7094.64,7095.13,7047.93,7148.12,7094.74,7148.12,6974.63,0.752,loss,-1.0,2020-04-18T12:53:00
2020-04-27T10:20:00+00:00,SHORT,2.25,7697.38,7700.0,7645.09,7700.0,7697.9,7700.0,7693.19,0.027,loss,-1.0,2020-04-27T10:20:00
2020-05-06T17:15:00+00:00,SHORT,2.25,9249.99,9250.56,9227.51,9380.0,9250.1,9380.0,8957.84,1.404,loss,-1.0,2020-05-06T23:02:00
2020-05-10T00:20:00+00:00,SHORT,2.25,8712.65,9525.0,9113.98,9143.55,8875.12,9143.55,8271.15,3.025,no_entry,0.0,2020-05-10T00:50:00
2020-05-12T14:15:00+00:00,LONG,2.25,8747.0,8780.0,8725.52,8785.84,8773.4,8725.52,8881.13,0.546,no_entry,0.0,2020-05-12T20:04:00
2020-05-16T19:20:00+00:00,LONG,2.25,9311.04,9320.0,9315.0,9423.3,9318.21,9315.0,9325.43,0.034,win,2.2499999999998583,2020-05-16T19:20:00
2020-05-17T16:45:00+00:00,SHORT,2.25,9756.46,9780.2,9775.24,9850.32,9761.21,9850.32,9560.71,0.913,loss,-1.0,2020-05-18T01:14:00
2020-05-20T06:45:00+00:00,SHORT,2.25,9763.15,9786.35,9756.12,9800.0,9767.79,9800.0,9695.32,0.33,no_entry,0.0,2020-05-20T07:18:00
2020-06-02T15:00:00+00:00,SHORT,2.25,9600.0,10134.08,9792.0,9897.21,9706.82,9897.21,9278.43,1.961,no_entry,0.0,2020-06-04T13:20:00
2020-06-02T15:00:00+00:00,SHORT,2.25,9600.0,10134.08,9979.79,10000.52,9706.82,10000.52,9045.98,3.026,win,2.2499999999999987,2020-06-15T05:47:00
2020-06-07T18:20:00+00:00,LONG,2.25,9504.0,9517.39,9365.21,9504.12,9514.71,9365.21,9851.09,1.571,win,2.25,2020-06-09T00:14:00
2020-06-07T19:45:00+00:00,LONG,2.25,9563.72,9652.22,9585.99,9616.14,9634.52,9585.99,9743.71,0.504,no_entry,0.0,2020-06-08T08:17:00
2020-06-11T09:45:00+00:00,SHORT,2.25,9799.75,9801.59,9774.97,9810.0,9800.12,9810.0,9777.88,0.101,no_entry,0.0,2020-06-11T10:15:00
2020-06-15T00:30:00+00:00,LONG,2.25,9344.0,9344.13,9245.0,9380.96,9344.1,9245.0,9567.09,1.061,loss,-1.0,2020-06-15T01:49:00
2020-06-20T16:15:00+00:00,LONG,2.25,9270.0,9271.74,9260.0,9313.11,9271.39,9260.0,9297.02,0.123,win,2.25,2020-06-20T18:46:00
2020-06-21T21:15:00+00:00,LONG,2.25,9325.0,9330.25,9302.0,9346.99,9329.2,9302.0,9390.4,0.292,loss,-1.0,2020-06-21T22:44:00
2020-06-22T13:45:00+00:00,SHORT,2.25,9471.86,9480.45,9478.61,9565.0,9473.58,9565.0,9267.88,0.965,loss,-1.0,2020-06-22T16:38:00
2020-06-26T15:15:00+00:00,LONG,2.25,9106.28,9130.55,9091.55,9147.2,9125.7,9091.55,9202.52,0.374,loss,-1.0,2020-06-26T16:19:00
2020-07-06T20:20:00+00:00,SHORT,2.25,9276.97,9285.83,9263.83,9292.0,9278.74,9292.0,9248.91,0.143,loss,-1.0,2020-07-06T21:49:00
2020-07-10T03:00:00+00:00,LONG,2.25,9213.43,9215.18,9199.01,9220.79,9214.83,9199.01,9250.42,0.172,loss,-1.0,2020-07-10T04:34:00
2020-07-14T11:20:00+00:00,LONG,2.25,9184.91,9205.02,9179.09,9189.0,9201.0,9179.09,9250.29,0.238,loss,-1.0,2020-07-14T11:20:00
2020-07-18T20:00:00+00:00,SHORT,2.25,9173.2,9181.5,9165.9,9179.18,9174.86,9179.18,9165.14,0.047,no_entry,0.0,2020-07-18T20:22:00
2020-07-20T18:15:00+00:00,SHORT,2.25,9183.91,9190.53,9188.73,9193.79,9185.23,9193.79,9165.98,0.093,win,2.249999999999894,2020-07-20T19:30:00
2020-08-04T07:20:00+00:00,LONG,2.25,11265.0,11283.11,11215.66,11284.33,11279.49,11215.66,11423.1,0.566,loss,-1.0,2020-08-04T10:21:00
2020-08-13T22:20:00+00:00,LONG,2.25,11700.0,11713.3,11642.45,11713.18,11710.64,11642.45,11864.07,0.582,loss,-1.0,2020-08-14T07:05:00
2020-08-20T23:15:00+00:00,LONG,2.25,11824.69,11832.36,11814.34,11840.99,11830.83,11814.34,11867.92,0.139,no_entry,0.0,2020-08-21T00:40:00
2020-08-21T19:00:00+00:00,LONG,2.25,11650.57,11663.69,11626.0,11715.6,11661.07,11626.0,11739.96,0.301,loss,-1.0,2020-08-21T20:57:00
2020-08-27T06:15:00+00:00,LONG,2.25,11358.7,11361.16,11244.0,11378.59,11360.67,11244.0,11623.17,1.027,loss,-1.0,2020-08-27T17:02:00
2020-09-03T07:20:00+00:00,LONG,2.25,11310.4,11319.62,11234.65,11329.66,11317.78,11234.65,11504.81,0.734,loss,-1.0,2020-09-03T10:57:00
2020-09-08T14:15:00+00:00,LONG,2.25,10004.98,10067.0,9875.0,10026.47,10054.6,9875.0,10458.69,1.786,loss,-1.0,2020-09-08T22:18:00
2020-09-12T18:15:00+00:00,LONG,2.25,10377.32,10424.2,10386.16,10413.55,10414.82,10386.16,10479.32,0.275,win,2.2500000000000315,2020-09-13T03:37:00
2020-09-13T10:15:00+00:00,SHORT,2.25,10467.93,10471.0,10452.0,10473.33,10468.54,10473.33,10457.78,0.046,no_entry,0.0,2020-09-13T10:37:00
2020-09-29T00:00:00+00:00,SHORT,2.25,10724.75,10733.37,10720.36,10742.8,10726.47,10742.8,10689.74,0.152,no_entry,0.0,2020-09-29T00:18:00
2020-10-13T13:20:00+00:00,SHORT,2.25,11423.11,11425.19,11405.46,11430.0,11423.53,11430.0,11408.96,0.057,loss,-1.0,2020-10-13T13:20:00
2020-10-15T16:45:00+00:00,SHORT,2.25,11385.65,11397.35,11394.94,11407.1,11387.99,11407.1,11344.99,0.168,loss,-1.0,2020-10-15T17:08:00
2020-10-16T05:15:00+00:00,LONG,2.25,11290.0,11313.88,11275.01,11332.0,11309.1,11275.01,11385.82,0.301,loss,-1.0,2020-10-16T09:08:00
2020-10-16T21:00:00+00:00,LONG,2.25,11308.83,11310.24,11299.87,11344.53,11309.96,11299.87,11332.66,0.089,loss,-1.0,2020-10-16T21:21:00
2020-10-17T01:15:00+00:00,LONG,2.25,11297.59,11302.18,11212.0,11304.04,11301.26,11212.0,11502.1,0.79,win,2.250000000000005,2020-10-18T23:59:00
2020-10-29T12:45:00+00:00,LONG,2.25,13058.99,13075.72,12888.0,13106.31,13072.37,12888.0,13487.22,1.41,not_filled,0.0,
2020-11-08T17:15:00+00:00,LONG,2.25,15430.0,15435.0,15425.63,15498.24,15434.0,15425.63,15452.83,0.054,no_entry,0.0,2020-11-08T19:18:00
2020-11-30T22:00:00+00:00,SHORT,2.25,19382.32,19395.94,19196.41,19470.0,19385.04,19470.0,19193.89,0.438,loss,-1.0,2020-11-30T22:52:00
2020-12-03T00:45:00+00:00,SHORT,2.25,19198.0,19210.17,19124.49,19342.0,19200.43,19342.0,18881.91,0.737,no_entry,0.0,2020-12-03T07:33:00
2020-12-04T01:15:00+00:00,SHORT,2.25,19399.95,19447.93,19438.86,19540.0,19409.55,19540.0,19116.02,0.672,win,2.25,2020-12-04T10:11:00
2020-12-21T06:15:00+00:00,SHORT,2.25,23837.82,23867.96,23722.62,24295.0,23843.85,24295.0,22828.76,1.892,win,2.25,2020-12-21T10:17:00
2020-12-25T08:45:00+00:00,SHORT,2.25,23739.62,23764.21,23707.85,23827.54,23744.54,23827.54,23557.78,0.35,loss,-1.0,2020-12-25T09:20:00
2021-01-02T00:20:00+00:00,SHORT,2.25,29197.46,29252.6,29188.67,29360.0,29208.49,29360.0,28867.59,0.519,loss,-1.0,2021-01-02T01:43:00
2021-01-19T12:30:00+00:00,SHORT,2.25,37192.08,37200.28,37167.92,37535.27,37193.72,37535.27,36425.23,0.918,loss,-1.0,2021-01-19T16:04:00
2021-01-20T16:30:00+00:00,LONG,2.25,34198.62,34248.58,34000.0,34801.46,34238.59,34000.0,34775.41,0.697,win,2.249999999999985,2021-01-20T17:01:00
2021-01-21T23:00:00+00:00,LONG,2.25,30806.18,30815.66,29900.0,30858.98,30813.76,29900.0,32869.73,2.965,loss,-1.0,2021-01-22T00:25:00
2021-01-26T16:45:00+00:00,LONG,2.25,31590.18,31826.54,30837.37,31718.96,31779.27,30837.37,33898.54,2.964,loss,-1.0,2021-01-27T09:24:00
2021-01-28T06:00:00+00:00,LONG,2.25,31483.48,31660.42,31518.19,31802.17,31625.03,31518.19,31865.43,0.338,no_entry,0.0,2021-01-28T06:40:00
2021-02-22T03:20:00+00:00,SHORT,2.25,56476.7,56753.47,56505.22,56959.71,56532.05,56959.71,55569.83,0.756,win,2.2499999999999916,2021-02-22T04:01:00
2021-02-23T09:30:00+00:00,LONG,2.25,47499.66,47600.0,47003.62,47911.1,47579.93,47003.62,48876.63,1.211,win,2.250000000000003,2021-02-23T10:09:00
2021-02-26T12:20:00+00:00,LONG,2.25,46474.73,46822.11,46124.74,46807.84,46752.63,46124.74,48165.4,1.343,loss,-1.0,2021-02-26T13:21:00
2021-03-06T16:15:00+00:00,LONG,2.25,47670.0,47719.01,46885.0,47867.45,47709.21,46885.0,49563.68,1.728,win,2.2499999999999956,2021-03-07T02:21:00
2021-03-08T02:15:00+00:00,SHORT,2.25,51367.33,51401.09,50894.48,51773.88,51374.08,51773.88,50474.54,0.778,no_entry,0.0,2021-03-08T19:33:00
2021-03-17T15:15:00+00:00,LONG,2.25,54915.84,54960.88,54123.69,55088.9,54951.87,54123.69,56815.28,1.507,win,2.250000000000002,2021-03-17T18:22:00
2021-03-24T06:45:00+00:00,LONG,2.25,54000.17,54565.34,53511.39,54342.8,54452.31,53511.39,56569.37,1.728,no_entry,0.0,2021-03-24T20:05:00
2021-03-29T15:15:00+00:00,SHORT,2.25,57873.62,57990.0,57922.2,58350.0,57896.9,58350.0,56877.41,0.783,loss,-1.0,2021-03-30T09:33:00
2021-03-31T19:45:00+00:00,SHORT,2.25,59169.27,59374.14,58710.96,59800.0,59210.24,59800.0,57883.29,0.996,loss,-1.0,2021-04-02T02:32:00
2021-04-01T04:45:00+00:00,SHORT,2.25,59051.43,59059.04,58935.1,59289.45,59052.95,59289.45,58520.83,0.4,no_entry,0.0,2021-04-01T08:14:00
2021-04-08T04:45:00+00:00,LONG,2.25,56786.87,56823.38,56777.77,57250.0,56816.08,56777.77,56902.27,0.067,no_entry,0.0,2021-04-08T05:55:00
2021-04-13T03:20:00+00:00,SHORT,2.25,60753.67,60756.68,60207.01,61300.0,60754.27,61300.0,59526.38,0.898,loss,-1.0,2021-04-13T06:26:00
2021-04-19T17:15:00+00:00,LONG,2.25,55061.91,55140.0,54700.0,55169.06,55124.38,54700.0,56079.24,0.77,win,2.2499999999999916,2021-04-19T19:52:00
2021-04-23T21:00:00+00:00,SHORT,2.25,50950.01,50989.9,50744.26,51220.0,50957.99,51220.0,50368.46,0.514,no_entry,0.0,2021-04-23T23:44:00
2021-05-02T09:30:00+00:00,SHORT,2.25,56310.33,56402.89,54933.75,56428.0,56328.84,56428.0,56105.74,0.176,no_entry,0.0,2021-05-02T09:49:00
2021-05-13T19:20:00+00:00,LONG,2.25,48500.0,48834.9,48457.12,49212.92,48767.92,48457.12,49467.22,0.637,loss,-1.0,2021-05-13T19:20:00
2021-05-15T11:00:00+00:00,LONG,2.25,48341.98,48343.42,47672.59,48465.11,48343.13,47672.59,49851.85,1.387,loss,-1.0,2021-05-15T16:33:00
2021-05-18T19:45:00+00:00,LONG,2.25,42981.92,43180.65,42594.93,43221.4,43140.9,42594.93,44369.35,1.266,loss,-1.0,2021-05-18T23:02:00
2021-05-19T12:45:00+00:00,SHORT,2.25,37379.99,38100.2,37813.19,37950.0,37524.03,37950.0,36565.6,1.135,no_entry,0.0,2021-05-19T13:44:00
2021-05-23T10:20:00+00:00,LONG,2.25,34708.0,35016.29,33488.0,36062.13,34954.63,33488.0,38254.55,4.196,loss,-1.0,2021-05-23T12:44:00
2021-05-23T21:15:00+00:00,LONG,2.25,33973.98,34059.81,33925.18,34376.0,34042.64,33925.18,34306.94,0.345,no_entry,0.0,2021-05-23T21:32:00
2021-06-06T01:15:00+00:00,LONG,2.25,35643.67,35680.0,35514.73,35726.99,35672.73,35514.73,36028.24,0.443,no_entry,0.0,2021-06-06T13:20:00
2021-06-10T02:00:00+00:00,SHORT,2.25,36957.46,37010.41,36488.02,37000.0,36968.05,37000.0,36896.16,0.086,no_entry,0.0,2021-06-10T02:22:00
2021-06-16T00:00:00+00:00,SHORT,2.25,40154.34,40210.0,40065.01,41330.0,40165.47,41330.0,37545.28,2.899,win,2.249999999999997,2021-06-17T18:33:00
2021-06-26T11:15:00+00:00,LONG,2.25,31139.99,31368.28,31251.23,31532.15,31322.62,31251.23,31483.25,0.228,no_entry,0.0,2021-06-26T12:59:00
2021-07-21T04:20:00+00:00,LONG,2.25,29897.87,30565.05,30151.0,30713.54,30431.61,30151.0,31063.0,0.922,win,2.250000000000003,2021-07-21T09:55:00
2021-07-22T01:00:00+00:00,SHORT,2.25,32067.6,32177.13,32109.27,32858.0,32089.51,32858.0,30360.39,2.395,loss,-1.0,2021-07-23T05:37:00
2021-07-22T18:20:00+00:00,SHORT,2.25,32290.0,32342.96,31892.52,32344.9,32300.59,32344.9,32200.9,0.137,loss,-1.0,2021-07-22T19:38:00
2021-07-28T06:20:00+00:00,SHORT,2.25,39870.4,39957.64,39223.57,40550.0,39887.85,40550.0,38398.01,1.66,loss,-1.0,2021-07-28T11:31:00
2021-08-13T15:20:00+00:00,SHORT,2.25,46333.33,46392.88,46216.83,46537.15,46345.24,46537.15,45913.44,0.414,loss,-1.0,2021-08-13T16:58:00
2021-08-24T23:45:00+00:00,SHORT,2.25,47907.99,48018.0,47634.64,48053.83,47929.99,48053.83,47651.36,0.258,no_entry,0.0,2021-08-25T00:13:00
2021-09-05T13:45:00+00:00,LONG,2.25,50100.0,50160.0,49864.53,50125.19,50148.0,49864.53,50785.81,0.565,win,2.25,2021-09-05T19:15:00
2021-09-07T18:45:00+00:00,LONG,2.25,46807.15,46822.62,42843.05,47300.0,46819.53,42843.05,55766.6,8.493,loss,-1.0,2021-09-20T12:33:00
2021-09-11T00:15:00+00:00,LONG,2.25,44877.36,44972.22,44412.02,45150.01,44953.25,44412.02,46171.01,1.204,win,2.25,2021-09-12T09:00:00
2021-09-13T13:45:00+00:00,LONG,2.25,44787.38,46112.62,44742.06,44953.99,45847.57,44742.06,48334.97,2.411,loss,-1.0,2021-09-13T14:03:00
2021-09-20T19:45:00+00:00,LONG,2.25,43313.63,43559.43,42500.0,43734.0,43510.27,42500.0,45783.38,2.322,loss,-1.0,2021-09-21T00:11:00
2021-09-24T13:45:00+00:00,LONG,2.25,41252.9,41501.95,40216.2,41379.11,41452.14,40216.2,44233.01,2.982,win,2.25,2021-09-27T01:41:00
2021-10-04T06:45:00+00:00,LONG,2.25,47649.29,47651.13,47234.21,47678.16,47650.76,47234.21,48588.0,0.874,loss,-1.0,2021-10-04T15:01:00
2021-10-08T08:45:00+00:00,LONG,2.25,55500.0,55650.29,55485.14,55750.0,55620.23,55485.14,55924.19,0.243,loss,-1.0,2021-10-08T09:07:00
2021-10-10T20:45:00+00:00,SHORT,2.25,55595.66,55806.04,55607.8,55928.0,55637.74,55928.0,54984.64,0.522,no_entry,0.0,2021-10-11T02:52:00
2021-10-18T10:00:00+00:00,SHORT,2.25,61277.68,61717.7,61536.07,61762.63,61365.68,61762.63,60472.56,0.647,win,2.25,2021-10-18T12:55:00
2021-10-22T16:30:00+00:00,LONG,2.25,60922.06,61021.78,59844.45,60933.04,61001.84,59844.45,63605.95,1.897,loss,-1.0,2021-10-23T11:01:00
2021-10-24T09:15:00+00:00,LONG,2.25,60688.01,61000.0,60820.0,61084.84,60937.6,60820.0,61202.21,0.193,no_entry,0.0,2021-10-24T09:40:00
2021-10-31T10:20:00+00:00,LONG,2.25,60717.12,60750.0,60499.0,60950.03,60743.42,60499.0,61293.38,0.402,loss,-1.0,2021-10-31T11:37:00
2021-11-03T13:45:00+00:00,SHORT,2.25,62093.51,62271.01,61950.45,62436.87,62129.01,62436.87,61436.32,0.496,loss,-1.0,2021-11-03T16:13:00
2021-11-18T00:00:00+00:00,LONG,2.25,60086.12,60125.17,59334.23,60103.12,60117.36,59334.23,61879.4,1.303,loss,-1.0,2021-11-18T09:14:00
2021-11-23T13:15:00+00:00,LONG,2.25,56370.5,56576.04,55317.0,56556.03,56534.93,55317.0,59275.28,2.154,win,2.25,2021-11-25T16:02:00
2021-11-28T19:00:00+00:00,LONG,2.25,54021.25,54044.98,53666.6,54220.21,54040.23,53666.6,54880.91,0.691,no_entry,0.0,2021-12-03T19:38:00
2021-11-28T22:00:00+00:00,LONG,2.25,55950.0,56256.09,55837.0,56613.64,56194.87,55837.0,57000.08,0.637,win,2.250000000000005,2021-11-28T23:08:00
2021-12-01T16:45:00+00:00,SHORT,2.25,58729.99,58730.0,58316.91,59176.99,58729.99,59176.99,57724.25,0.761,not_filled,0.0,
2021-12-01T19:00:00+00:00,SHORT,2.25,57563.86,57565.29,56933.02,57850.0,57564.15,57850.0,56920.97,0.497,win,2.249999999999994,2021-12-01T20:25:00
2021-12-02T17:20:00+00:00,LONG,2.25,56404.64,56450.77,56062.0,56521.13,56441.54,56062.0,57295.52,0.672,loss,-1.0,2021-12-03T02:46:00
2021-12-04T12:15:00+00:00,LONG,2.25,46783.45,46837.72,46550.0,47482.79,46826.87,46550.0,47449.81,0.591,no_entry,0.0,2021-12-04T13:20:00
2021-12-06T15:15:00+00:00,LONG,2.25,48300.0,48494.62,47100.0,48412.66,48455.7,47100.0,51506.01,2.798,no_entry,0.0,2021-12-09T15:01:00
2021-12-06T19:45:00+00:00,SHORT,2.25,49154.56,49168.11,48804.2,49258.44,49157.27,49258.44,48929.64,0.206,win,2.2500000000000178,2021-12-06T20:52:00
2021-12-10T08:30:00+00:00,LONG,2.25,47795.04,47890.01,47439.29,47945.2,47871.02,47439.29,48842.4,0.902,win,2.249999999999996,2021-12-10T12:01:00
2021-12-20T17:00:00+00:00,LONG,2.25,46280.0,46280.63,46194.44,46364.09,46280.5,46194.44,46474.15,0.186,no_entry,0.0,2021-12-20T17:28:00
2022-01-02T12:00:00+00:00,SHORT,2.25,47253.19,47258.02,47222.4,47499.45,47254.16,47499.45,46702.24,0.519,loss,-1.0,2022-01-02T16:33:00
2022-01-04T14:45:00+00:00,LONG,2.25,46961.48,47072.76,46778.0,47051.36,47050.5,46778.0,47663.64,0.579,loss,-1.0,2022-01-04T16:04:00
2022-01-07T20:45:00+00:00,LONG,2.25,41754.93,41793.13,40610.0,41894.4,41785.49,40610.0,44430.34,2.813,loss,-1.0,2022-01-08T18:11:00
2022-01-21T00:30:00+00:00,LONG,2.25,40753.04,40808.08,40501.0,40842.11,40797.07,40501.0,41463.23,0.726,loss,-1.0,2022-01-21T01:37:00
2022-01-26T09:15:00+00:00,LONG,2.25,37650.01,37674.12,37601.0,38268.42,37669.3,37601.0,37822.97,0.181,no_entry,0.0,2022-01-26T09:34:00
2022-02-01T14:45:00+00:00,SHORT,2.25,38685.81,38853.02,38440.76,39100.0,38719.25,39100.0,37862.57,0.983,loss,-1.0,2022-02-01T16:57:00
2022-02-08T12:20:00+00:00,SHORT,2.25,43394.9,43728.86,43383.26,43800.0,43461.69,43800.0,42700.5,0.778,loss,-1.0,2022-02-08T14:37:00
2022-02-24T16:00:00+00:00,LONG,2.25,35895.94,35900.0,35538.75,36209.19,35899.19,35538.75,36710.17,1.004,win,2.249999999999995,2022-02-24T18:53:00
2022-02-27T13:45:00+00:00,SHORT,2.25,39174.26,39600.0,39322.55,39700.0,39259.41,39700.0,38268.08,1.122,win,2.250000000000004,2022-02-27T19:34:00
2022-02-28T22:15:00+00:00,LONG,2.25,41670.72,41704.63,41641.0,41926.31,41697.85,41641.0,41825.76,0.136,no_entry,0.0,2022-03-04T00:47:00
2022-03-04T20:15:00+00:00,SHORT,2.25,39643.45,39665.72,39479.8,39855.7,39647.9,39855.7,39180.36,0.524,no_entry,0.0,2022-03-06T00:59:00
2022-03-13T13:15:00+00:00,LONG,2.25,38526.72,38594.57,38308.83,38792.58,38581.0,38308.83,39193.38,0.705,loss,-1.0,2022-03-13T22:49:00
2022-03-14T11:20:00+00:00,SHORT,2.25,38982.43,38999.0,38944.97,39067.0,38985.74,39067.0,38802.92,0.208,loss,-1.0,2022-03-14T11:20:00
2022-03-23T13:45:00+00:00,SHORT,2.25,42081.77,42177.72,42107.73,42345.32,42100.96,42345.32,41551.15,0.58,loss,-1.0,2022-03-23T14:59:00
2022-03-25T02:15:00+00:00,SHORT,2.25,44053.95,44067.97,44000.0,44220.89,44056.75,44220.89,43687.45,0.373,win,2.25,2022-03-25T08:10:00
2022-03-25T07:45:00+00:00,SHORT,2.25,44006.68,44136.96,44126.51,44498.02,44032.74,44498.02,42985.85,1.057,loss,-1.0,2022-03-25T11:40:00
2022-03-28T04:15:00+00:00,SHORT,2.25,46977.64,46986.49,46955.22,47557.54,46979.41,47557.54,45678.62,1.231,loss,-1.0,2022-03-28T13:38:00
2022-03-30T23:00:00+00:00,LONG,2.25,47058.51,47071.71,46831.81,47130.02,47069.07,46831.81,47602.91,0.504,loss,-1.0,2022-03-31T14:00:00
2022-04-05T13:15:00+00:00,SHORT,2.25,46599.0,46767.55,46700.0,46754.76,46632.71,46754.76,46358.1,0.262,not_filled,0.0,
2022-04-20T15:00:00+00:00,SHORT,2.25,41559.99,41564.64,41443.99,41631.47,41560.92,41631.47,41402.18,0.17,no_entry,0.0,2022-04-20T21:28:00
2022-04-24T10:20:00+00:00,SHORT,2.25,39724.5,39750.11,39744.42,39810.02,39729.62,39810.02,39548.73,0.202,no_entry,0.0,2022-04-24T14:41:00
2022-04-26T21:15:00+00:00,LONG,2.25,38186.5,38246.23,38209.36,38453.92,38234.28,38209.36,38290.36,0.065,no_entry,0.0,2022-04-26T22:44:00
2022-05-03T23:45:00+00:00,LONG,2.25,37707.2,37718.9,37517.8,37763.79,37716.56,37517.8,38163.77,0.527,win,2.250000000000018,2022-05-04T06:04:00
2022-05-18T05:15:00+00:00,LONG,2.25,29909.99,29932.19,29450.38,30090.75,29927.75,29450.38,31001.83,1.595,loss,-1.0,2022-05-18T13:27:00
2022-05-23T14:15:00+00:00,SHORT,2.25,30269.99,30323.06,30250.25,30425.0,30280.6,30425.0,29955.71,0.477,loss,-1.0,2022-05-23T15:13:00
2022-05-26T14:00:00+00:00,LONG,2.25,28500.0,28792.46,28001.0,28614.38,28733.97,28001.0,30383.15,2.551,win,2.2499999999999973,2022-05-30T03:02:00
2022-05-27T06:45:00+00:00,LONG,2.25,28799.97,28856.19,28019.56,28951.46,28844.95,28019.56,30702.06,2.861,win,2.25,2022-05-30T06:17:00
2022-05-27T11:20:00+00:00,LONG,2.25,28904.62,28970.01,28643.89,28927.3,28956.93,28643.89,29661.28,1.081,loss,-1.0,2022-05-27T15:03:00
2022-05-31T13:45:00+00:00,SHORT,2.25,31476.24,31693.79,31670.0,31842.69,31519.75,31842.69,30793.14,1.025,loss,-1.0,2022-05-31T15:49:00
2022-06-04T13:20:00+00:00,LONG,2.25,29578.64,29596.65,29500.0,29584.26,29593.05,29500.0,29802.41,0.314,loss,-1.0,2022-06-04T14:06:00
2022-06-13T11:15:00+00:00,SHORT,2.25,23886.54,23901.0,23810.79,24050.0,23889.43,24050.0,23528.15,0.672,no_entry,0.0,2022-06-13T12:11:00
2022-06-14T05:20:00+00:00,LONG,2.25,22094.55,22686.63,22353.4,22681.5,22568.21,22353.4,23051.55,0.952,no_entry,0.0,2022-06-14T06:12:00
2022-06-15T19:30:00+00:00,LONG,2.25,21773.84,21780.43,21741.59,22136.42,21779.11,21741.59,21863.54,0.172,no_entry,0.0,2022-06-15T19:45:00
2022-06-29T18:00:00+00:00,LONG,2.25,20036.11,20073.62,19854.92,20093.74,20066.12,19854.92,20541.31,1.053,loss,-1.0,2022-06-30T06:29:00
2022-07-05T08:45:00+00:00,SHORT,2.25,19920.0,19954.41,19899.41,19993.46,19926.88,19993.46,19777.08,0.334,win,2.2499999999999862,2022-07-05T09:33:00
2022-07-15T13:45:00+00:00,SHORT,2.25,20897.96,20910.62,20835.38,21059.32,20900.49,21059.32,20543.13,0.76,loss,-1.0,2022-07-15T19:42:00
2022-07-19T16:20:00+00:00,LONG,2.25,23199.9,23232.0,23012.29,23218.67,23225.58,23012.29,23705.48,0.918,win,2.2500000000000084,2022-07-19T19:15:00
2022-08-03T20:15:00+00:00,SHORT,2.25,23393.91,23442.18,23385.48,23647.68,23403.56,23647.68,22854.3,1.043,no_entry,0.0,2022-08-05T06:04:00
2022-08-05T12:45:00+00:00,SHORT,2.25,23090.87,23346.68,23189.77,23432.51,23142.03,23432.51,22488.46,1.255,loss,-1.0,2022-08-08T05:31:00
2022-08-24T03:20:00+00:00,LONG,2.25,21214.98,21233.02,20890.14,21239.18,21229.41,20890.14,21992.77,1.598,loss,-1.0,2022-08-26T15:04:00
2022-08-26T12:20:00+00:00,LONG,2.25,21211.09,21255.0,21145.0,21264.71,21246.22,21145.0,21473.96,0.476,win,2.2499999999999822,2022-08-26T12:30:00
2022-09-07T20:20:00+00:00,LONG,2.25,19076.99,19201.22,19084.19,19137.19,19176.37,19084.19,19383.79,0.481,win,2.2499999999999805,2022-09-07T20:45:00
2022-09-10T00:20:00+00:00,SHORT,2.25,21250.96,21326.73,21266.76,21437.9,21266.11,21437.9,20879.6,0.808,loss,-1.0,2022-09-10T04:45:00
2022-09-11T00:00:00+00:00,SHORT,2.25,21682.6,21710.0,21692.19,21819.88,21688.08,21819.88,21391.53,0.608,no_entry,0.0,2022-09-11T08:22:00
2022-09-11T18:00:00+00:00,SHORT,2.25,21641.0,21657.01,21613.03,21653.15,21644.2,21653.15,21624.07,0.041,no_entry,0.0,2022-09-11T18:16:00
2022-09-15T17:45:00+00:00,SHORT,2.25,19846.62,19857.64,19780.65,19888.26,19848.82,19888.26,19760.09,0.199,no_entry,0.0,2022-09-15T18:28:00
2022-09-16T09:15:00+00:00,LONG,2.25,19719.74,19730.32,19582.05,19729.11,19728.2,19582.05,20057.05,0.741,loss,-1.0,2022-09-16T13:52:00
2022-09-16T09:15:00+00:00,LONG,2.25,19719.74,19730.32,19690.0,19749.49,19728.2,19690.0,19814.16,0.194,win,2.249999999999976,2022-09-16T10:36:00
2022-09-22T21:20:00+00:00,SHORT,2.25,19234.89,19240.92,19179.81,19317.66,19236.1,19317.66,19052.58,0.424,loss,-1.0,2022-09-22T22:19:00
2022-09-26T18:00:00+00:00,LONG,2.25,19090.0,19103.6,18803.13,19094.34,19100.88,18803.13,19770.82,1.559,win,2.250000000000003,2022-09-27T01:31:00
2022-09-27T16:00:00+00:00,SHORT,2.25,19954.49,20060.34,19922.29,20029.81,19975.66,20029.81,19853.82,0.271,no_entry,0.0,2022-09-30T14:48:00
2022-10-03T05:45:00+00:00,LONG,2.25,19125.0,19161.03,18920.35,19196.55,19153.82,18920.35,19679.14,1.219,win,2.25,2022-10-03T23:16:00
2022-10-06T05:15:00+00:00,SHORT,2.25,20332.0,20346.39,20165.62,20350.0,20334.88,20350.0,20300.85,0.074,no_entry,0.0,2022-10-06T05:32:00
2022-10-10T04:45:00+00:00,LONG,2.25,19453.37,19457.06,19368.1,19478.17,19456.32,19368.1,19654.82,0.453,loss,-1.0,2022-10-10T06:54:00
2022-10-11T22:20:00+00:00,LONG,2.25,19027.11,19030.5,18956.17,19044.32,19029.82,18956.17,19195.54,0.387,win,2.25,2022-10-12T06:47:00
2022-10-12T18:15:00+00:00,LONG,2.25,19097.0,19110.0,18965.88,19114.62,19107.4,18965.88,19425.82,0.741,loss,-1.0,2022-10-13T07:38:00
2022-10-18T19:45:00+00:00,LONG,2.25,19166.0,19178.21,19152.03,19204.36,19175.77,19152.03,19229.18,0.124,no_entry,0.0,2022-10-19T06:41:00
2022-10-19T14:15:00+00:00,LONG,2.25,19172.05,19177.97,19147.31,19218.59,19176.79,19147.31,19243.11,0.154,loss,-1.0,2022-10-19T14:59:00
2022-10-19T18:00:00+00:00,LONG,2.25,19169.99,19171.25,19065.97,19201.42,19171.0,19065.97,19407.31,0.548,loss,-1.0,2022-10-20T00:45:00
2022-10-21T14:00:00+00:00,LONG,2.25,18991.08,19040.0,18929.38,19063.04,19030.22,18929.38,19257.1,0.53,win,2.249999999999991,2022-10-23T17:46:00
2022-10-30T08:20:00+00:00,SHORT,2.25,20787.03,20840.0,20757.79,20841.11,20797.62,20841.11,20699.78,0.209,loss,-1.0,2022-10-30T08:20:00
2022-11-07T22:20:00+00:00,SHORT,2.25,20519.02,20643.93,20606.08,20658.57,20544.0,20658.57,20286.22,0.558,loss,-1.0,2022-11-08T02:17:00
2022-11-08T13:30:00+00:00,SHORT,2.25,19677.13,19695.0,19538.12,19695.0,19680.7,19695.0,19648.54,0.073,no_entry,0.0,2022-11-08T16:03:00
2022-11-08T21:45:00+00:00,LONG,2.25,18400.0,18482.92,18386.97,18430.95,18466.34,18386.97,18644.91,0.43,no_entry,0.0,2022-11-08T22:48:00
2022-11-15T09:20:00+00:00,SHORT,2.25,16876.75,16899.23,16716.7,16894.56,16881.25,16894.56,16851.29,0.079,loss,-1.0,2022-11-15T09:20:00
2022-11-22T00:15:00+00:00,LONG,2.25,15809.3,15856.32,15815.21,15988.8,15846.92,15815.21,15918.25,0.2,no_entry,0.0,2022-11-22T01:27:00
2022-12-03T02:15:00+00:00,SHORT,2.25,17033.62,17040.01,16996.92,17105.73,17034.9,17105.73,16875.53,0.416,win,2.2500000000000258,2022-12-03T21:05:00
2022-12-03T15:15:00+00:00,LONG,2.25,16948.09,16953.72,16918.0,16964.51,16952.59,16918.0,17030.43,0.204,loss,-1.0,2022-12-03T20:57:00
2022-12-05T03:45:00+00:00,SHORT,2.25,17214.24,17220.0,17102.47,17324.0,17215.39,17324.0,16971.02,0.631,loss,-1.0,2022-12-05T04:57:00
2022-12-13T00:15:00+00:00,SHORT,2.25,17190.77,17196.09,17177.18,17270.99,17191.83,17270.99,17013.73,0.46,loss,-1.0,2022-12-13T09:58:00
2022-12-13T06:45:00+00:00,SHORT,2.25,17167.69,17176.93,17175.67,17241.89,17169.54,17241.89,17006.75,0.421,loss,-1.0,2022-12-13T09:58:00
2022-12-16T23:15:00+00:00,SHORT,2.25,16634.54,16703.72,16580.59,16680.57,16648.38,16680.57,16575.94,0.193,no_entry,0.0,2022-12-17T00:06:00
2022-12-18T04:15:00+00:00,LONG,2.25,16744.13,16754.54,16733.49,16825.55,16752.46,16733.49,16795.14,0.113,no_entry,0.0,2022-12-18T05:10:00
2022-12-22T14:45:00+00:00,SHORT,2.25,16690.92,16755.54,16734.46,16757.5,16703.84,16757.5,16583.12,0.321,win,2.25,2022-12-22T17:40:00
2022-12-24T08:20:00+00:00,SHORT,2.25,16836.3,16836.63,16836.26,16860.07,16836.37,16860.07,16783.03,0.141,loss,-1.0,2022-12-24T19:12:00
2022-12-26T07:00:00+00:00,SHORT,2.25,16854.79,16861.26,16842.36,16865.0,16856.08,16865.0,16836.02,0.053,no_entry,0.0,2022-12-26T10:31:00
2022-12-26T19:15:00+00:00,LONG,2.25,16824.0,16826.12,16791.0,16833.12,16825.7,16791.0,16903.76,0.206,win,2.249999999999974,2022-12-26T23:51:00
2022-12-29T16:20:00+00:00,LONG,2.25,16632.21,16636.25,16627.94,16655.7,16635.44,16627.94,16652.32,0.045,loss,-1.0,2022-12-29T16:20:00
2023-01-02T00:20:00+00:00,SHORT,2.25,16599.35,16603.31,16590.1,16613.3,16600.14,16613.3,16570.54,0.079,win,2.2499999999999307,2023-01-02T01:06:00
2023-01-06T04:15:00+00:00,SHORT,2.25,16831.96,16832.14,16831.85,16872.57,16832.0,16872.57,16740.7,0.241,no_entry,0.0,2023-01-06T15:40:00
2023-01-06T21:00:00+00:00,SHORT,2.25,16915.58,16938.99,16892.98,16991.87,16920.26,16991.87,16759.14,0.423,loss,-1.0,2023-01-08T15:49:00
2023-01-08T08:30:00+00:00,SHORT,2.25,16950.0,16950.24,16944.05,16951.92,16950.05,16951.92,16945.84,0.011,no_entry,0.0,2023-01-08T09:13:00
2023-01-12T14:30:00+00:00,SHORT,2.25,18165.27,18234.4,18222.31,18385.71,18179.1,18385.71,17714.21,1.137,loss,-1.0,2023-01-12T17:36:00
2023-01-17T10:20:00+00:00,SHORT,2.25,21134.6,21147.75,21133.34,21299.04,21137.23,21299.04,20773.16,0.766,loss,-1.0,2023-01-17T12:20:00
2023-01-17T22:45:00+00:00,SHORT,2.25,21269.2,21290.51,21235.07,21647.45,21273.46,21647.45,20431.99,1.758,loss,-1.0,2023-01-18T14:21:00
2023-01-23T20:15:00+00:00,LONG,2.25,22796.98,22814.5,22500.0,22799.89,22811.0,22500.0,23510.74,1.363,loss,-1.0,2023-01-24T23:20:00
2023-01-27T21:00:00+00:00,SHORT,2.25,23160.0,23248.12,23120.96,23250.0,23177.62,23250.0,23014.78,0.312,win,2.2500000000000124,2023-01-27T22:09:00
2023-02-06T07:20:00+00:00,LONG,2.25,22803.6,22817.55,22743.0,22851.48,22814.76,22743.0,22976.22,0.315,loss,-1.0,2023-02-06T11:29:00
2023-02-16T23:20:00+00:00,SHORT,2.25,23938.05,23989.91,23894.1,24144.62,23948.42,24144.62,23506.98,0.819,win,2.2500000000000044,2023-02-16T23:54:00
2023-02-19T16:45:00+00:00,SHORT,2.25,24939.2,25024.39,24891.88,25040.32,24956.24,25040.32,24767.05,0.337,no_entry,0.0,2023-02-20T10:08:00
2023-02-20T16:15:00+00:00,SHORT,2.25,24888.53,24920.01,24670.72,25192.0,24894.83,25192.0,24226.18,1.194,loss,-1.0,2023-02-21T08:29:00
2023-03-01T20:00:00+00:00,SHORT,2.25,23454.46,23600.0,23519.08,23600.0,23483.57,23600.0,23221.6,0.496,loss,-1.0,2023-03-01T23:34:00
2023-03-06T08:00:00+00:00,SHORT,2.25,22400.0,22405.07,22378.49,22417.29,22401.01,22417.29,22364.39,0.073,no_entry,0.0,2023-03-06T08:35:00
2023-03-12T18:45:00+00:00,LONG,2.25,20945.69,21074.54,20898.79,20958.43,21048.77,20898.79,21386.22,0.713,loss,-1.0,2023-03-12T19:20:00
2023-03-21T17:45:00+00:00,SHORT,2.25,28141.28,28150.51,28040.13,28244.87,28143.13,28244.87,27914.2,0.362,win,2.2499999999999822,2023-03-21T21:37:00
2023-03-31T20:15:00+00:00,SHORT,2.25,28413.74,28419.97,28370.78,28656.69,28414.99,28656.69,27871.15,0.851,loss,-1.0,2023-04-01T02:01:00
2023-04-05T03:15:00+00:00,SHORT,2.25,28498.8,28522.99,28477.73,28555.0,28503.64,28555.0,28388.07,0.18,loss,-1.0,2023-04-05T04:01:00
2023-04-06T14:15:00+00:00,LONG,2.25,27894.47,27914.82,27711.0,27904.04,27910.75,27711.0,28360.19,0.716,win,2.25,2023-04-09T21:41:00
2023-04-12T18:20:00+00:00,SHORT,2.25,29981.82,30021.0,30016.31,30486.0,29989.66,30486.0,28872.88,1.655,loss,-1.0,2023-04-13T14:52:00
2023-04-18T11:15:00+00:00,LONG,2.25,29903.98,29920.01,29909.17,29982.8,29916.8,29909.17,29933.98,0.026,no_entry,0.0,2023-04-19T08:09:00
2023-04-19T00:20:00+00:00,SHORT,2.25,30329.7,30351.79,30303.14,30433.18,30334.12,30433.18,30111.23,0.327,win,2.250000000000018,2023-04-19T06:18:00
2023-04-19T16:20:00+00:00,LONG,2.25,29297.0,29310.83,29181.65,29310.64,29308.06,29181.65,29592.5,0.431,loss,-1.0,2023-04-19T17:19:00
2023-04-22T22:45:00+00:00,LONG,2.25,27800.03,27804.32,27785.0,27839.79,27803.46,27785.0,27845.0,0.066,no_entry,0.0,2023-04-22T23:51:00
2023-04-25T15:15:00+00:00,LONG,2.25,27305.0,27361.74,27192.0,27357.32,27350.39,27192.0,27706.77,0.579,win,2.2499999999999885,2023-04-25T18:15:00
2023-05-17T06:45:00+00:00,LONG,2.25,26975.47,26980.44,26900.0,26984.84,26979.45,26900.0,27158.2,0.294,loss,-1.0,2023-05-17T07:45:00
2023-05-18T01:45:00+00:00,SHORT,2.25,27340.4,27368.48,27340.6,27500.0,27346.02,27500.0,26999.55,0.563,win,2.2499999999999942,2023-05-18T16:32:00
2023-05-19T21:15:00+00:00,LONG,2.25,26847.14,26849.02,26630.0,26865.47,26848.64,26630.0,27340.59,0.814,loss,-1.0,2023-05-22T00:30:00
2023-05-25T04:20:00+00:00,LONG,2.25,26207.7,26207.93,26201.67,26285.01,26207.88,26201.67,26221.87,0.024,win,2.2500000000001465,2023-05-25T04:23:00
2023-06-06T17:00:00+00:00,LONG,2.25,26222.62,26290.56,26168.6,26338.36,26276.97,26168.6,26520.81,0.412,no_entry,0.0,2023-06-07T15:01:00
2023-06-06T19:20:00+00:00,LONG,2.25,26739.91,26871.61,26742.13,26816.7,26845.27,26742.13,27077.33,0.384,loss,-1.0,2023-06-06T19:20:00
2023-06-10T13:30:00+00:00,LONG,2.25,25629.43,25640.59,25598.49,25669.06,25638.36,25598.49,25728.06,0.156,loss,-1.0,2023-06-10T16:14:00
2023-06-13T04:15:00+00:00,SHORT,2.25,26032.94,26043.04,25965.1,26059.59,26034.96,26059.59,25979.54,0.095,no_entry,0.0,2023-06-13T04:37:00
2023-06-16T16:00:00+00:00,LONG,2.25,25670.57,25780.5,25652.04,25825.41,25758.51,25652.04,25998.08,0.413,not_filled,0.0,
2023-06-18T04:15:00+00:00,SHORT,2.25,26534.45,26538.17,26525.4,26595.13,26535.19,26595.13,26400.34,0.226,loss,-1.0,2023-06-18T05:23:00
2023-06-19T23:00:00+00:00,SHORT,2.25,26776.92,26790.0,26499.64,27068.09,26779.54,27068.09,26130.29,1.078,loss,-1.0,2023-06-20T01:07:00
2023-06-22T14:20:00+00:00,SHORT,2.25,30151.6,30192.0,30134.36,30244.0,30159.68,30244.0,29969.96,0.28,loss,-1.0,2023-06-22T14:20:00
2023-06-27T20:20:00+00:00,SHORT,2.25,30616.0,30638.91,30610.41,30994.97,30620.58,30994.97,29778.21,1.223,loss,-1.0,2023-06-30T04:40:00
2023-06-28T18:20:00+00:00,LONG,2.25,30166.0,30216.17,30009.0,30310.73,30206.14,30009.0,30649.69,0.653,loss,-1.0,2023-06-28T19:30:00
2023-06-28T20:45:00+00:00,LONG,2.25,30078.76,30080.0,29930.0,30100.46,30079.75,29930.0,30416.69,0.498,win,2.250000000000012,2023-06-29T07:15:00
2023-07-06T15:45:00+00:00,LONG,2.25,30275.0,30371.78,30237.35,30417.65,30352.42,30237.35,30611.34,0.379,loss,-1.0,2023-07-06T16:43:00
2023-07-06T22:20:00+00:00,LONG,2.25,30224.73,30229.3,29888.0,30373.48,30228.39,29888.0,30994.25,1.126,loss,-1.0,2023-07-06T23:21:00
2023-07-07T01:45:00+00:00,LONG,2.25,30059.05,30066.37,29925.5,30092.49,30064.91,29925.5,30378.57,0.464,win,2.2500000000000067,2023-07-07T13:57:00
2023-07-12T15:20:00+00:00,SHORT,2.25,30703.26,30728.85,30724.0,30983.25,30708.38,30983.25,30089.92,0.895,loss,-1.0,2023-07-13T15:44:00
2023-07-13T21:15:00+00:00,SHORT,2.25,31242.39,31282.48,31069.6,31273.6,31250.41,31273.6,31198.23,0.074,no_entry,0.0,2023-07-13T21:41:00
2023-07-17T11:00:00+00:00,LONG,2.25,30127.75,30144.39,30134.59,30188.0,30141.06,30134.59,30155.62,0.021,no_entry,0.0,2023-07-17T12:03:00
2023-07-17T21:45:00+00:00,LONG,2.25,30096.7,30140.84,30032.0,30163.93,30132.01,30032.0,30357.04,0.332,loss,-1.0,2023-07-18T06:18:00
2023-07-18T10:45:00+00:00,LONG,2.25,29962.59,29979.2,29881.0,29988.61,29975.88,29881.0,30189.35,0.317,loss,-1.0,2023-07-18T11:53:00
2023-07-23T00:00:00+00:00,LONG,2.25,29719.34,29772.6,29669.56,29756.0,29761.95,29669.56,29969.82,0.31,win,2.2499999999999805,2023-07-23T05:20:00
2023-07-23T03:45:00+00:00,SHORT,2.25,29855.7,29856.31,29848.3,29908.71,29855.82,29908.71,29736.82,0.177,loss,-1.0,2023-07-23T04:50:00
2023-07-30T23:15:00+00:00,LONG,2.25,29170.61,29222.94,29123.12,29186.0,29212.47,29123.12,29413.52,0.306,no_entry,0.0,2023-07-31T16:02:00
2023-08-01T19:00:00+00:00,LONG,2.25,29159.5,29231.4,29101.8,29195.74,29217.02,29101.8,29476.27,0.394,win,2.25,2023-08-01T23:31:00
2023-08-05T13:15:00+00:00,LONG,2.25,29014.77,29017.5,28807.54,29032.05,29016.95,28807.54,29488.14,0.722,loss,-1.0,2023-08-07T15:56:00
2023-08-06T14:30:00+00:00,LONG,2.25,29016.01,29030.0,29009.37,29041.49,29027.2,29009.37,29067.32,0.061,loss,-1.0,2023-08-06T15:54:00
2023-08-12T14:30:00+00:00,LONG,2.25,29411.38,29436.63,29390.57,29421.48,29431.58,29390.57,29523.85,0.139,loss,-1.0,2023-08-13T04:17:00
2023-08-13T01:30:00+00:00,SHORT,2.25,29445.91,29449.99,29438.81,29481.35,29446.73,29481.35,29368.82,0.118,win,2.249999999999974,2023-08-13T05:18:00
2023-08-14T06:15:00+00:00,SHORT,2.25,29428.0,29429.99,29422.13,29474.65,29428.4,29474.65,29324.33,0.157,loss,-1.0,2023-08-14T08:36:00
2023-08-16T12:45:00+00:00,LONG,2.25,29140.5,29159.99,29100.0,29179.95,29156.09,29100.0,29282.3,0.192,loss,-1.0,2023-08-16T13:35:00
2023-08-21T22:20:00+00:00,SHORT,2.25,26164.57,26180.0,26031.61,26198.89,26167.66,26198.89,26097.38,0.119,no_entry,0.0,2023-08-23T00:13:00
2023-08-28T10:20:00+00:00,LONG,2.25,25931.55,25934.12,25887.91,25946.26,25933.61,25887.91,26036.42,0.176,win,2.24999999999998,2023-08-28T12:08:00
2023-09-05T03:45:00+00:00,LONG,2.25,25652.65,25653.8,25565.55,25654.22,25653.57,25565.55,25851.62,0.343,win,2.25000000000001,2023-09-05T15:18:00
2023-09-11T20:15:00+00:00,LONG,2.25,25075.0,25076.26,24951.0,25147.76,25076.01,24951.0,25357.28,0.499,not_filled,0.0,
2023-09-13T17:20:00+00:00,SHORT,2.25,26251.41,26275.2,26198.41,26268.54,26256.17,26268.54,26228.33,0.047,loss,-1.0,2023-09-13T17:20:00
2023-09-17T12:00:00+00:00,SHORT,2.25,26583.46,26591.89,26566.98,26622.15,26585.15,26622.15,26501.89,0.139,win,2.25,2023-09-17T16:44:00
2023-09-18T02:20:00+00:00,LONG,2.25,26476.98,26587.26,26525.28,26543.94,26565.2,26525.28,26655.03,0.15,loss,-1.0,2023-09-18T02:20:00
2023-10-01T07:30:00+00:00,SHORT,2.25,27127.09,27128.84,27075.27,27244.89,27127.44,27244.89,26863.18,0.433,loss,-1.0,2023-10-01T10:05:00
2023-10-07T15:45:00+00:00,SHORT,2.25,27945.0,27945.08,27942.12,27986.27,27945.02,27986.27,27852.19,0.148,win,2.25,2023-10-07T19:59:00
2023-10-09T09:45:00+00:00,SHORT,2.25,27685.4,27754.89,27670.49,27770.0,27699.3,27770.0,27540.22,0.255,no_entry,0.0,2023-10-09T18:30:00
2023-10-12T18:20:00+00:00,LONG,2.25,26650.95,26697.06,26655.6,26810.66,26687.84,26655.6,26760.37,0.121,loss,-1.0,2023-10-12T18:20:00
2023-10-21T20:15:00+00:00,SHORT,2.25,30094.78,30103.67,29888.32,30160.0,30096.56,30160.0,29953.81,0.211,no_entry,0.0,2023-10-22T05:05:00
2023-10-31T16:20:00+00:00,LONG,2.25,34280.0,34291.27,34130.0,34297.17,34289.02,34130.0,34646.8,0.464,no_entry,0.0,2023-11-01T14:49:00
2023-11-01T00:20:00+00:00,SHORT,2.25,34599.14,34601.66,34540.3,34720.49,34599.64,34720.49,34327.74,0.349,win,2.249999999999985,2023-11-01T06:02:00
2023-11-05T22:00:00+00:00,SHORT,2.25,34711.81,34768.2,34761.16,34795.46,34723.09,34795.46,34560.25,0.208,loss,-1.0,2023-11-05T22:45:00
2023-11-06T15:45:00+00:00,SHORT,2.25,35116.33,35121.45,35118.19,35276.33,35117.35,35276.33,34759.66,0.453,win,2.2499999999999885,2023-11-07T09:38:00
2023-11-09T00:45:00+00:00,LONG,2.25,35731.26,35812.57,35722.24,35812.22,35796.31,35722.24,35962.96,0.207,win,2.25,2023-11-09T01:44:00
2023-11-18T11:45:00+00:00,SHORT,2.25,36451.66,36469.25,36417.15,36479.22,36455.18,36479.22,36401.08,0.066,no_entry,0.0,2023-11-18T12:24:00
2023-11-19T23:15:00+00:00,LONG,2.25,36981.1,37308.13,37051.95,37110.0,37242.72,37051.95,37671.97,0.512,loss,-1.0,2023-11-20T03:42:00
2023-11-21T22:20:00+00:00,SHORT,2.25,36600.0,36719.88,36611.49,36716.0,36623.98,36716.0,36416.92,0.251,loss,-1.0,2023-11-21T22:20:00
2023-12-17T16:30:00+00:00,LONG,2.25,41820.0,41854.6,41661.36,41902.7,41847.68,41661.36,42266.9,0.445,no_entry,0.0,2023-12-17T18:10:00
2023-12-18T13:20:00+00:00,LONG,2.25,41005.69,41169.6,40542.93,41047.52,41136.82,40542.93,42473.07,1.444,win,2.250000000000003,2023-12-18T21:10:00
2023-12-20T19:20:00+00:00,SHORT,2.25,44098.15,44116.86,43867.04,44283.0,44101.89,44283.0,43694.4,0.411,win,2.25000000000001,2023-12-20T20:02:00
2023-12-23T17:45:00+00:00,SHORT,2.25,43762.04,43767.22,43706.25,44048.16,43763.08,44048.16,43121.64,0.651,win,2.25,2023-12-24T22:14:00
2023-12-30T00:20:00+00:00,LONG,2.25,42098.74,42100.0,42088.92,42407.12,42099.75,42088.92,42124.11,0.026,no_entry,0.0,2023-12-30T00:59:00
2024-01-03T12:00:00+00:00,SHORT,2.25,43716.0,44278.74,44046.34,44242.35,43828.55,44242.35,42897.49,0.944,no_entry,0.0,2024-01-04T15:15:00
2024-01-04T10:45:00+00:00,LONG,2.25,42954.31,43000.0,42955.5,43138.5,42990.86,42955.5,43070.43,0.082,no_entry,0.0,2024-01-04T11:16:00
2024-01-07T01:20:00+00:00,SHORT,2.25,44092.0,44113.92,43963.73,44148.58,44096.38,44148.58,43978.94,0.118,win,2.249999999999966,2024-01-07T01:58:00
2024-01-08T22:20:00+00:00,SHORT,2.25,46973.04,46992.26,46970.02,47248.99,46976.88,47248.99,46364.65,0.579,win,2.25,2024-01-09T00:38:00
2024-01-09T18:20:00+00:00,SHORT,2.25,46649.75,46666.0,46441.88,47000.0,46653.0,47000.0,45872.25,0.744,loss,-1.0,2024-01-09T21:11:00
2024-01-14T01:20:00+00:00,LONG,2.25,42755.15,42771.52,42699.52,42806.0,42768.25,42699.52,42922.88,0.161,loss,-1.0,2024-01-14T02:20:00
2024-01-15T00:15:00+00:00,LONG,2.25,41987.22,42028.68,41965.84,42170.62,42020.39,41965.84,42143.12,0.13,no_entry,0.0,2024-01-18T16:40:00
2024-01-16T18:20:00+00:00,SHORT,2.25,42998.88,43031.0,42900.55,43174.48,43005.3,43174.48,42624.66,0.393,loss,-1.0,2024-01-16T19:57:00
2024-01-17T12:45:00+00:00,LONG,2.25,42654.0,42657.08,42622.36,42728.76,42656.46,42622.36,42733.2,0.08,no_entry,0.0,2024-01-17T13:15:00
2024-01-19T04:00:00+00:00,LONG,2.25,41016.85,41038.81,40683.28,41022.33,41034.42,40683.28,41824.48,0.856,loss,-1.0,2024-01-19T16:23:00
2024-01-26T10:45:00+00:00,LONG,2.25,40299.59,40530.0,40364.63,40744.86,40483.92,40364.63,40752.32,0.295,not_filled,0.0,
2024-01-29T07:45:00+00:00,SHORT,2.25,42103.8,42207.92,42150.59,42200.0,42124.62,42200.0,41955.03,0.179,loss,-1.0,2024-01-29T09:25:00
2024-01-31T18:45:00+00:00,SHORT,2.25,43550.14,43577.32,43547.99,43760.0,43555.58,43760.0,43095.62,0.469,no_entry,0.0,2024-02-05T13:38:00
2024-02-05T15:00:00+00:00,SHORT,2.25,43195.29,43267.41,43095.04,43270.0,43209.71,43270.0,43074.07,0.14,no_entry,0.0,2024-02-06T15:28:00
2024-02-09T14:20:00+00:00,SHORT,2.25,47334.06,47408.0,47059.99,48969.48,47348.85,48969.48,43702.43,3.423,loss,-1.0,2024-02-12T15:06:00
2024-02-09T19:00:00+00:00,SHORT,2.25,47617.14,47770.16,47324.0,47719.44,47647.74,47719.44,47486.43,0.15,no_entry,0.0,2024-02-09T19:36:00
2024-02-18T23:30:00+00:00,SHORT,2.25,52139.99,52173.32,52168.14,52343.28,52146.66,52343.28,51704.25,0.377,loss,-1.0,2024-02-19T00:37:00
2024-02-21T15:30:00+00:00,LONG,2.25,51059.6,51102.01,50625.0,51271.1,51093.53,50625.0,52147.72,0.917,loss,-1.0,2024-02-23T23:16:00
2024-02-23T23:30:00+00:00,LONG,2.25,50788.01,50790.65,50629.33,51058.21,50790.12,50629.33,51151.9,0.317,loss,-1.0,2024-02-24T01:51:00
2024-02-25T03:00:00+00:00,SHORT,2.25,51602.15,51681.46,51556.6,51651.1,51618.01,51651.1,51543.56,0.064,no_entry,0.0,2024-02-25T03:46:00
2024-02-26T00:00:00+00:00,SHORT,2.25,51735.0,51738.11,51735.8,51860.0,51735.62,51860.0,51455.77,0.24,win,2.25,2024-02-26T02:10:00
2024-02-27T05:00:00+00:00,SHORT,2.25,55856.99,55884.85,55768.41,57073.84,55862.56,57073.84,53137.19,2.168,loss,-1.0,2024-02-27T12:32:00
2024-02-28T11:45:00+00:00,SHORT,2.25,59162.0,59246.12,59048.5,59390.0,59178.82,59390.0,58703.68,0.357,no_entry,0.0,2024-02-28T12:15:00
2024-03-06T12:30:00+00:00,SHORT,2.25,66977.28,67000.0,66676.46,67641.1,66981.82,67641.1,65498.45,0.984,no_entry,0.0,2024-03-06T14:21:00
2024-03-08T15:45:00+00:00,SHORT,2.25,68390.8,68565.01,68245.71,68686.8,68425.64,68686.8,67838.04,0.382,no_entry,0.0,2024-03-08T17:33:00
2024-03-15T09:45:00+00:00,LONG,2.25,67359.7,67466.99,67126.81,67447.98,67445.53,67126.81,68162.66,0.473,loss,-1.0,2024-03-15T11:05:00
2024-03-17T15:45:00+00:00,LONG,2.25,67413.79,67744.8,67524.0,67884.02,67678.6,67524.0,68026.44,0.228,no_entry,0.0,2024-03-18T00:35:00
2024-03-20T02:15:00+00:00,LONG,2.25,62616.0,62670.0,61555.0,62633.97,62659.2,61555.0,65143.65,1.762,loss,-1.0,2024-03-20T04:33:00
2024-03-28T23:45:00+00:00,SHORT,2.25,70791.03,70925.18,70877.98,71552.06,70817.86,71552.06,69165.91,1.037,win,2.250000000000005,2024-03-29T15:40:00
2024-04-14T15:20:00+00:00,LONG,2.25,63969.33,64020.21,63855.45,64457.23,64010.03,63855.45,64357.85,0.241,win,2.25,2024-04-14T15:26:00
2024-04-17T18:00:00+00:00,LONG,2.25,60909.15,61159.42,60775.0,61646.91,61109.37,60775.0,61861.69,0.547,no_entry,0.0,2024-04-17T19:08:00
2024-04-23T19:20:00+00:00,SHORT,2.25,66590.0,66630.94,66509.3,67130.0,66598.19,67130.0,65401.61,0.799,win,2.25,2024-04-24T14:26:00
2024-04-26T17:30:00+00:00,LONG,2.25,63734.22,63751.6,63685.94,64244.03,63748.12,63685.94,63888.04,0.098,no_entry,0.0,2024-04-26T19:59:00
2024-04-29T15:20:00+00:00,LONG,2.25,62856.54,62860.0,62750.0,62951.75,62859.31,62750.0,63105.25,0.174,win,2.2499999999999836,2024-04-29T15:49:00
2024-05-03T16:20:00+00:00,LONG,2.25,61800.0,61801.14,61765.53,62602.32,61800.91,61765.53,61880.52,0.057,loss,-1.0,2024-05-03T16:20:00
2024-05-04T20:45:00+00:00,SHORT,2.25,63967.75,64012.03,63873.3,64158.19,63976.61,64158.19,63568.04,0.284,win,2.25,2024-05-04T21:34:00
2024-05-10T18:45:00+00:00,LONG,2.25,60496.01,60531.0,60255.0,61063.87,60524.0,60255.0,61129.26,0.444,win,2.2500000000000067,2024-05-11T15:12:00
2024-05-11T15:15:00+00:00,LONG,2.25,60873.91,61050.0,60487.09,60904.42,61014.78,60487.09,62202.09,0.865,win,2.2500000000000036,2024-05-13T07:53:00
2024-05-13T21:20:00+00:00,SHORT,2.25,63006.53,63031.25,63002.0,63450.0,63011.47,63450.0,62024.79,0.696,win,2.2500000000000084,2024-05-14T06:12:00
2024-05-19T04:15:00+00:00,SHORT,2.25,67089.79,67150.0,67125.03,67400.01,67101.83,67400.01,66430.93,0.444,loss,-1.0,2024-05-19T10:32:00
2024-05-26T08:45:00+00:00,SHORT,2.25,69191.98,69275.61,69156.01,69256.09,69208.71,69256.09,69102.09,0.068,no_entry,0.0,2024-05-26T09:01:00
2024-06-03T02:45:00+00:00,SHORT,2.25,68510.0,68612.9,68349.73,69044.1,68530.58,69044.1,67375.16,0.749,loss,-1.0,2024-06-03T06:29:00
2024-06-09T01:30:00+00:00,LONG,2.25,69272.0,69285.01,69168.02,69365.94,69282.41,69168.02,69539.78,0.165,loss,-1.0,2024-06-09T02:37:00
2024-06-11T18:20:00+00:00,LONG,2.25,66805.98,66936.87,66762.58,66961.99,66910.69,66762.58,67243.94,0.221,no_entry,0.0,2024-06-12T01:26:00
2024-07-16T08:30:00+00:00,SHORT,2.25,62726.0,62866.98,62840.12,63243.71,62754.2,63243.71,61652.79,0.78,loss,-1.0,2024-07-16T09:43:00
2024-07-22T05:45:00+00:00,SHORT,2.25,67700.0,67703.0,67164.0,67713.0,67700.6,67713.0,67672.7,0.018,no_entry,0.0,2024-07-22T06:11:00
2024-08-04T17:00:00+00:00,SHORT,2.25,58750.0,58826.65,58800.0,58964.89,58765.33,58964.89,58316.32,0.34,no_entry,0.0,2024-08-04T18:50:00
2024-08-13T18:00:00+00:00,SHORT,2.25,61214.95,61266.76,61257.0,61858.0,61225.31,61858.0,59801.76,1.033,win,2.2499999999999973,2024-08-14T13:52:00
2024-08-21T20:30:00+00:00,SHORT,2.25,61308.12,61359.24,61157.6,61578.1,61318.34,61578.1,60733.89,0.424,win,2.25,2024-08-22T01:03:00
2024-08-23T07:30:00+00:00,SHORT,2.25,61095.96,61106.82,60887.99,61400.0,61098.13,61400.0,60418.93,0.494,loss,-1.0,2024-08-23T14:01:00
2024-08-28T19:00:00+00:00,LONG,2.25,59076.68,59218.0,57860.0,59195.26,59189.74,57860.0,62181.64,2.247,loss,-1.0,2024-08-30T16:27:00
2024-08-30T18:20:00+00:00,LONG,2.25,58811.04,58879.0,58685.0,59013.01,58865.41,58685.0,59271.33,0.306,win,2.24999999999999,2024-08-30T18:38:00
2024-09-01T15:45:00+00:00,LONG,2.25,57990.0,58064.0,57840.0,58205.0,58049.2,57840.0,58519.9,0.36,win,2.2500000000000173,2024-09-01T18:27:00
2024-09-03T20:15:00+00:00,LONG,2.25,58102.05,58133.09,58104.0,58393.94,58126.88,58104.0,58178.37,0.039,no_entry,0.0,2024-09-03T20:41:00
2024-09-05T18:00:00+00:00,LONG,2.25,56418.35,56510.55,56318.0,56698.01,56492.11,56318.0,56883.86,0.308,loss,-1.0,2024-09-05T19:15:00
2024-09-16T14:30:00+00:00,SHORT,2.25,58008.0,58166.66,58058.6,58350.0,58039.73,58350.0,57341.63,0.535,loss,-1.0,2024-09-16T23:46:00
2024-09-24T21:30:00+00:00,SHORT,2.25,64134.0,64211.01,63940.47,64745.88,64149.4,64745.88,62807.33,0.93,loss,-1.0,2024-09-25T01:39:00
2024-09-24T23:30:00+00:00,SHORT,2.25,64339.99,64406.15,64383.73,65000.0,64353.22,65000.0,62897.97,1.005,win,2.2499999999999973,2024-09-26T00:48:00
2024-09-26T00:15:00+00:00,LONG,2.25,63180.0,63188.08,62999.9,63194.89,63186.46,62999.9,63606.23,0.295,loss,-1.0,2024-09-26T00:48:00
2024-10-01T00:45:00+00:00,LONG,2.25,63374.0,63408.0,63056.0,63696.0,63401.2,63056.0,64177.9,0.544,loss,-1.0,2024-10-01T13:35:00
2024-10-03T17:15:00+00:00,LONG,2.25,60248.0,60359.9,60044.0,60382.06,60337.52,60044.0,60997.94,0.486,no_entry,0.0,2024-10-09T20:55:00
2024-10-12T23:30:00+00:00,SHORT,2.25,63232.24,63269.96,63064.06,63260.0,63239.78,63260.0,63194.3,0.032,no_entry,0.0,2024-10-13T00:00:00
2024-10-18T03:45:00+00:00,SHORT,2.25,67770.0,67863.0,67709.99,67908.48,67788.6,67908.48,67518.87,0.177,loss,-1.0,2024-10-18T05:50:00
2024-10-23T01:20:00+00:00,LONG,2.25,67228.82,67242.37,66920.0,67282.27,67239.66,66920.0,67958.9,0.475,loss,-1.0,2024-10-23T03:27:00
2024-10-30T21:20:00+00:00,SHORT,2.25,72363.64,72436.12,72227.99,72604.97,72378.14,72604.97,71867.76,0.313,loss,-1.0,2024-10-30T22:19:00
2024-11-01T01:20:00+00:00,SHORT,2.25,70043.34,70173.72,69961.64,70145.5,70069.42,70145.5,69898.23,0.109,loss,-1.0,2024-11-01T01:20:00
2024-11-02T18:45:00+00:00,LONG,2.25,69342.63,69412.0,69000.14,69366.0,69398.13,69000.14,70293.59,0.573,loss,-1.0,2024-11-03T02:00:00
2024-11-16T20:20:00+00:00,SHORT,2.25,90955.26,91008.0,90756.0,91074.22,90965.81,91074.22,90721.88,0.119,win,2.25,2024-11-16T20:24:00
2024-11-18T01:20:00+00:00,LONG,2.25,90096.26,90572.65,90076.29,90310.92,90477.37,90076.29,91379.81,0.443,win,2.25,2024-11-18T06:43:00
2024-11-18T19:45:00+00:00,LONG,2.25,90160.0,90190.47,89376.9,90275.13,90184.38,89376.9,92001.2,0.895,not_filled,0.0,
2024-12-04T21:45:00+00:00,SHORT,2.25,97892.0,98100.0,98002.01,98619.99,97933.6,98619.99,96389.22,0.701,loss,-1.0,2024-12-04T23:09:00
2024-12-09T07:45:00+00:00,LONG,2.25,98857.45,99366.22,98432.18,99195.89,99264.47,98432.18,101137.11,0.838,loss,-1.0,2024-12-09T09:37:00
2024-12-10T04:45:00+00:00,LONG,2.25,96557.15,96672.01,94150.05,97070.33,96649.04,94150.05,102271.76,2.586,win,2.2500000000000013,2024-12-12T16:02:00
2024-12-10T18:30:00+00:00,LONG,2.25,94816.0,94900.01,94587.83,95742.8,94883.21,94587.83,95547.81,0.311,no_entry,0.0,2024-12-20T09:48:00
2024-12-14T02:15:00+00:00,SHORT,2.25,101863.87,101979.85,101702.04,102540.0,101887.07,102540.0,100417.96,0.641,loss,-1.0,2024-12-15T04:21:00
2024-12-15T13:15:00+00:00,SHORT,2.25,102800.01,102850.0,101733.83,102850.0,102810.01,102850.0,102720.03,0.039,no_entry,0.0,2024-12-15T13:49:00
2024-12-17T18:30:00+00:00,SHORT,2.25,107367.15,107384.0,106808.31,108353.0,107370.52,108353.0,105159.94,0.915,not_filled,0.0,
2025-01-09T15:15:00+00:00,LONG,2.25,92900.0,92954.53,92750.0,93221.59,92943.62,92750.0,93379.28,0.208,no_entry,0.0,2025-01-09T17:49:00
2025-01-09T22:45:00+00:00,LONG,2.25,92185.92,92363.63,91530.45,92680.52,92328.09,91530.45,94122.77,0.864,win,2.2499999999999907,2025-01-10T05:36:00
2025-01-13T03:20:00+00:00,LONG,2.25,94224.35,94238.97,93800.0,94352.7,94236.05,93800.0,95217.15,0.463,loss,-1.0,2025-01-13T06:46:00
2025-01-30T07:15:00+00:00,SHORT,2.25,105071.8,105164.76,104945.12,105260.36,105090.39,105260.36,104707.96,0.162,loss,-1.0,2025-01-30T08:00:00
2025-01-30T20:45:00+00:00,SHORT,2.25,105280.09,105642.06,105563.99,106013.01,105352.48,106013.01,103866.3,0.627,win,2.2500000000000053,2025-01-31T18:31:00
2025-02-03T01:45:00+00:00,SHORT,2.25,94164.75,95054.16,94916.08,95168.6,94342.63,95168.6,92484.2,0.875,no_entry,0.0,2025-02-03T02:16:00
2025-02-10T19:45:00+00:00,SHORT,2.25,97422.98,97528.3,97358.59,98345.0,97444.04,98345.0,95416.89,0.925,loss,-1.0,2025-02-11T05:55:00
2025-02-12T01:45:00+00:00,LONG,2.25,95962.27,96036.0,94876.88,96165.29,96021.25,94876.88,98596.1,1.192,loss,-1.0,2025-02-12T13:32:00
2025-02-13T17:20:00+00:00,LONG,2.25,95621.6,95694.01,95649.85,96070.23,95679.53,95649.85,95746.3,0.031,loss,-1.0,2025-02-13T17:20:00
2025-02-18T22:20:00+00:00,LONG,2.25,95077.5,95215.27,95050.0,95456.92,95187.72,95050.0,95497.58,0.145,win,2.250000000000026,2025-02-18T22:31:00
2025-02-21T17:20:00+00:00,SHORT,2.25,97911.99,98125.0,97428.37,98062.15,97954.59,98062.15,97712.59,0.11,loss,-1.0,2025-02-21T17:25:00
2025-03-10T07:00:00+00:00,LONG,2.25,82242.56,82254.84,82223.0,82496.01,82252.38,82223.0,82318.5,0.036,no_entry,0.0,2025-03-10T07:16:00
2025-03-18T07:15:00+00:00,LONG,2.25,82516.02,82789.84,82456.0,83023.37,82735.08,82456.0,83363.0,0.337,no_entry,0.0,2025-03-18T10:15:00
2025-04-02T15:15:00+00:00,LONG,2.25,86000.0,86190.0,85800.0,86761.04,86152.0,85800.0,86944.0,0.409,no_entry,0.0,2025-04-02T20:11:00
2025-04-05T14:20:00+00:00,LONG,2.25,82755.29,82780.0,81849.05,83335.99,82775.06,81849.05,84858.58,1.119,loss,-1.0,2025-04-06T17:11:00
2025-04-19T16:30:00+00:00,SHORT,2.25,85132.58,85173.91,85021.89,85225.05,85140.85,85225.05,84951.39,0.099,no_entry,0.0,2025-04-19T17:37:00
2025-04-21T09:20:00+00:00,SHORT,2.25,87428.65,87550.0,87293.08,87640.0,87452.92,87640.0,87031.99,0.214,win,2.2500000000000195,2025-04-21T11:16:00
2025-04-30T14:30:00+00:00,LONG,2.25,93600.65,93863.35,93444.0,93833.5,93810.81,93444.0,94636.13,0.391,win,2.25,2025-04-30T20:13:00
2025-05-02T21:45:00+00:00,SHORT,2.25,96830.5,96932.04,96707.54,96892.34,96850.81,96892.34,96757.36,0.043,no_entry,0.0,2025-05-02T23:57:00
2025-05-07T09:15:00+00:00,SHORT,2.25,96969.24,96970.0,96834.02,97732.0,96969.39,97732.0,95253.52,0.786,loss,-1.0,2025-05-08T00:59:00
2025-05-18T19:45:00+00:00,SHORT,2.25,104295.17,104460.0,104007.99,104550.33,104328.14,104550.33,103828.2,0.213,no_entry,0.0,2025-05-18T21:26:00
2025-05-20T23:45:00+00:00,SHORT,2.25,106885.74,106887.36,106861.18,107199.99,106886.06,107199.99,106179.73,0.294,loss,-1.0,2025-05-21T00:16:00
2025-05-21T17:20:00+00:00,SHORT,2.25,107682.92,109131.7,107964.56,108700.01,107972.68,108700.01,106336.17,0.674,win,2.24999999999999,2025-05-21T17:54:00
2025-05-31T03:45:00+00:00,LONG,2.25,103486.66,103545.11,103368.36,103648.2,103533.42,103368.36,103904.8,0.159,win,2.25,2025-05-31T05:02:00
2025-05-31T11:20:00+00:00,LONG,2.25,103410.01,103433.32,103068.55,103476.6,103428.66,103068.55,104238.9,0.348,no_entry,0.0,2025-06-05T16:55:00
2025-06-06T14:45:00+00:00,LONG,2.25,104577.74,104623.04,104380.0,104649.22,104613.98,104380.0,105140.43,0.224,no_entry,0.0,2025-06-06T17:06:00
2025-06-14T19:00:00+00:00,LONG,2.25,104612.3,104803.11,104118.0,104852.28,104764.95,104118.0,106220.58,0.618,win,2.249999999999989,2025-06-16T04:21:00
2025-06-30T17:00:00+00:00,LONG,2.25,107522.3,107540.0,106733.33,107525.49,107536.46,106733.33,109343.5,0.747,loss,-1.0,2025-07-01T07:19:00
2025-07-01T07:00:00+00:00,LONG,2.25,106834.08,106890.77,106446.45,106875.75,106879.43,106446.45,107853.64,0.405,loss,-1.0,2025-07-01T10:32:00
2025-07-07T04:00:00+00:00,SHORT,2.25,109447.54,109515.04,109478.94,109767.59,109461.04,109767.59,108771.3,0.28,no_entry,0.0,2025-07-09T12:20:00
2025-07-07T21:45:00+00:00,LONG,2.25,107958.54,108061.53,107513.2,107976.91,108040.93,107513.2,109228.33,0.488,loss,-1.0,2025-07-08T02:13:00
2025-07-09T20:20:00+00:00,SHORT,2.25,111101.11,111214.52,110715.41,111381.61,111123.79,111381.61,110543.7,0.232,loss,-1.0,2025-07-09T22:48:00
2025-07-21T08:45:00+00:00,SHORT,2.25,119097.75,119191.62,119171.35,119531.48,119116.52,119531.48,118182.87,0.348,no_entry,0.0,2025-07-21T14:45:00
2025-07-22T05:15:00+00:00,LONG,2.25,116943.74,117106.76,116128.0,117380.36,117074.16,116128.0,119203.01,0.808,win,2.250000000000004,2025-07-22T12:05:00
2025-07-25T23:45:00+00:00,LONG,2.25,117357.01,117522.4,117103.1,117604.54,117489.32,117103.1,118358.32,0.329,win,2.2500000000000093,2025-07-27T06:45:00
2025-07-28T01:45:00+00:00,SHORT,2.25,119120.13,119172.02,119090.46,119372.87,119130.51,119372.87,118585.19,0.203,loss,-1.0,2025-07-28T02:25:00
2025-08-11T20:00:00+00:00,SHORT,2.25,119093.0,119125.35,118778.99,119113.94,119099.47,119113.94,119066.91,0.012,no_entry,0.0,2025-08-11T21:15:00
2025-08-22T02:15:00+00:00,LONG,2.25,112911.52,113020.0,112950.0,113148.65,112998.3,112950.0,113106.99,0.043,no_entry,0.0,2025-08-22T03:53:00
2025-08-25T12:20:00+00:00,LONG,2.25,111279.91,111336.1,110991.28,111511.56,111324.86,110991.28,112075.42,0.3,loss,-1.0,2025-08-25T13:41:00
2025-08-25T23:00:00+00:00,SHORT,2.25,110168.36,110340.0,110177.28,110313.99,110202.69,110313.99,109952.26,0.101,no_entry,0.0,2025-08-25T23:45:00
2025-08-30T23:15:00+00:00,LONG,2.25,108567.88,108608.64,108190.52,108614.85,108600.49,108190.52,109522.92,0.378,loss,-1.0,2025-08-31T23:39:00
2025-09-02T13:15:00+00:00,LONG,2.25,108834.63,109186.17,107459.49,109217.65,109115.86,107459.49,112842.7,1.518,win,2.249999999999998,2025-09-05T07:21:00
2025-09-13T16:45:00+00:00,SHORT,2.25,115435.43,115463.52,115166.46,115500.95,115441.05,115500.95,115306.27,0.052,no_entry,0.0,2025-09-13T17:26:00
2025-09-17T14:20:00+00:00,SHORT,2.25,115726.83,115905.88,115770.36,115981.17,115762.64,115981.17,115270.95,0.189,loss,-1.0,2025-09-17T17:40:00
2025-09-19T22:15:00+00:00,LONG,2.25,115532.73,115545.11,115464.19,115899.99,115542.63,115464.19,115719.13,0.068,loss,-1.0,2025-09-19T23:23:00
2025-09-24T04:30:00+00:00,LONG,2.25,111740.8,112021.4,111458.73,111780.09,111965.28,111458.73,113105.02,0.452,no_entry,0.0,2025-09-25T04:19:00
2025-09-26T15:20:00+00:00,LONG,2.25,109107.98,109132.66,108620.07,109568.72,109127.72,108620.07,110269.95,0.465,win,2.249999999999993,2025-09-26T18:25:00
2025-10-10T17:20:00+00:00,SHORT,2.25,118190.3,118205.6,117423.73,118199.0,118193.36,118199.0,118180.67,0.005,no_entry,0.0,2025-10-10T17:23:00
2025-10-15T17:45:00+00:00,LONG,2.25,110671.99,110716.88,110012.24,111287.9,110707.9,110012.24,112273.14,0.628,loss,-1.0,2025-10-16T09:34:00
2025-10-20T16:20:00+00:00,SHORT,2.25,110981.01,111133.17,111033.79,111679.25,111011.44,111679.25,109508.87,0.602,win,2.2500000000000053,2025-10-21T02:07:00
2025-10-22T22:00:00+00:00,LONG,2.25,107126.02,107156.43,106708.18,107657.98,107150.35,106708.18,108145.23,0.413,win,2.25,2025-10-23T01:11:00
2025-10-26T17:45:00+00:00,SHORT,2.25,113615.73,113621.23,113575.35,113761.98,113616.83,113761.98,113290.24,0.128,loss,-1.0,2025-10-26T18:39:00
2025-10-28T14:45:00+00:00,SHORT,2.25,115260.0,115694.8,115497.57,115790.0,115346.96,115790.0,114350.12,0.384,no_entry,0.0,2025-10-28T15:10:00
2025-11-03T17:20:00+00:00,LONG,2.25,106798.01,107067.33,106917.57,107207.98,107013.47,106917.57,107229.23,0.09,no_entry,0.0,2025-11-03T18:41:00
2025-11-17T16:45:00+00:00,LONG,2.25,93559.04,93677.94,93005.55,94090.01,93654.16,93005.55,95113.53,0.693,loss,-1.0,2025-11-17T17:43:00
2025-11-21T07:15:00+00:00,SHORT,2.25,85534.84,85550.0,85217.4,85677.99,85537.87,85677.99,85222.61,0.164,no_entry,0.0,2025-11-21T17:25:00
2025-11-21T07:45:00+00:00,SHORT,2.25,84398.28,85177.02,85168.82,85248.0,84554.03,85248.0,82992.59,0.821,win,2.2500000000000053,2025-11-21T09:31:00
2025-11-30T22:15:00+00:00,LONG,2.25,91186.8,91200.0,90998.34,91234.31,91197.36,90998.34,91645.16,0.218,loss,-1.0,2025-11-30T23:05:00
2025-12-04T03:20:00+00:00,SHORT,2.25,93640.0,93747.65,93700.01,94150.0,93661.53,94150.0,92562.47,0.522,win,2.249999999999985,2025-12-04T13:05:00
2025-12-09T20:20:00+00:00,SHORT,2.25,93270.65,93711.4,93260.64,93621.31,93358.8,93621.31,92768.15,0.281,win,2.25,2025-12-09T20:26:00
2025-12-11T17:30:00+00:00,LONG,2.25,89917.66,89956.61,89389.63,90073.99,89948.82,89389.63,91207.0,0.622,win,2.25,2025-12-11T19:31:00
2025-12-11T21:15:00+00:00,LONG,2.25,91831.2,92461.4,91880.13,92028.15,92335.36,91880.13,93359.63,0.493,no_entry,0.0,2025-12-11T22:27:00
2025-12-11T22:20:00+00:00,SHORT,2.25,92700.0,92798.25,92503.49,94476.0,92719.65,94476.0,88767.86,1.894,win,2.249999999999996,2025-12-14T11:44:00
2025-12-14T06:00:00+00:00,LONG,2.25,90158.06,90182.23,89766.39,90178.17,90177.4,89766.39,91102.16,0.456,loss,-1.0,2025-12-14T11:03:00
2025-12-15T02:15:00+00:00,LONG,2.25,89338.01,89519.27,89333.0,89872.51,89483.02,89333.0,89820.56,0.168,no_entry,0.0,2025-12-15T02:41:00
2025-12-19T17:00:00+00:00,SHORT,2.25,88303.21,88365.19,88345.19,89362.79,88315.61,89362.79,85959.44,1.186,loss,-1.0,2025-12-22T00:13:00
2025-12-22T23:00:00+00:00,LONG,2.25,88466.39,88500.73,87900.0,88626.31,88493.86,87900.0,89830.05,0.671,loss,-1.0,2025-12-23T03:07:00
2025-12-26T17:30:00+00:00,LONG,2.25,87086.85,87203.59,86891.7,87225.27,87180.24,86891.7,87829.46,0.331,win,2.2500000000000124,2025-12-27T22:13:00
2025-12-29T22:45:00+00:00,LONG,2.25,87260.03,87340.72,86806.5,87567.65,87324.58,86806.5,88490.27,0.593,win,2.25,2025-12-30T14:51:00
2025-12-31T21:00:00+00:00,LONG,2.25,87539.25,87662.01,87489.59,87656.99,87637.46,87489.59,87970.16,0.169,win,2.2500000000000244,2026-01-01T01:11:00
2026-01-02T18:45:00+00:00,SHORT,2.25,90092.64,90260.0,90123.55,90406.08,90126.11,90406.08,89496.18,0.311,loss,-1.0,2026-01-03T02:49:00
2026-01-03T17:15:00+00:00,SHORT,2.25,90071.55,90101.2,90004.97,90249.99,90077.48,90249.99,89689.33,0.192,loss,-1.0,2026-01-03T20:35:00
2026-01-05T12:20:00+00:00,SHORT,2.25,92959.5,92999.5,92967.29,93204.7,92967.5,93204.7,92433.8,0.255,win,2.2500000000000155,2026-01-05T14:36:00
2026-01-09T21:20:00+00:00,LONG,2.25,90402.21,90422.3,89850.0,90607.66,90418.28,89850.0,91696.92,0.629,win,2.25,2026-01-12T01:04:00
2026-01-12T08:45:00+00:00,SHORT,2.25,90842.51,91449.05,90875.79,91283.89,90963.82,91283.89,90243.66,0.352,no_entry,0.0,2026-01-12T14:39:00
2026-01-12T20:30:00+00:00,SHORT,2.25,91734.82,91828.07,91664.99,92332.0,91753.47,92332.0,90451.78,0.631,loss,-1.0,2026-01-13T09:03:00
2026-01-13T21:45:00+00:00,SHORT,2.25,94187.06,94315.08,93716.53,94444.44,94212.66,94444.44,93691.17,0.246,loss,-1.0,2026-01-13T22:08:00
2026-01-24T01:15:00+00:00,LONG,2.25,89484.35,89498.26,89317.0,89503.67,89495.48,89317.0,89897.05,0.199,win,2.25,2026-01-24T03:26:00
2026-01-25T21:15:00+00:00,LONG,2.25,86654.61,86828.6,86724.05,86911.53,86793.8,86724.05,86950.74,0.08,no_entry,0.0,2026-01-25T21:32:00
2026-02-19T01:45:00+00:00,LONG,2.25,66738.23,66756.44,66717.3,67236.89,66752.8,66717.3,66832.67,0.053,no_entry,0.0,2026-02-19T02:36:00
2026-02-20T18:00:00+00:00,LONG,2.25,67312.33,67484.13,66280.2,67318.41,67449.77,66280.2,70081.3,1.734,loss,-1.0,2026-02-23T01:02:00
2026-02-24T14:45:00+00:00,LONG,2.25,63029.07,63267.14,62866.42,63104.79,63219.53,62866.42,64014.01,0.559,no_entry,0.0,2026-02-28T06:56:00
2026-03-23T11:15:00+00:00,LONG,2.25,68579.99,70289.58,69388.0,69860.09,69947.66,69388.0,71206.9,0.8,no_entry,0.0,2026-03-23T12:01:00
2026-04-01T02:20:00+00:00,SHORT,2.25,67725.34,67760.33,66653.27,67767.87,67732.34,67767.87,67652.39,0.052,loss,-1.0,2026-04-01T02:20:00
2026-04-02T10:45:00+00:00,LONG,2.25,66388.0,66429.7,66217.07,66576.25,66421.36,66217.07,66881.01,0.308,loss,-1.0,2026-04-02T11:15:00
2026-04-05T21:15:00+00:00,SHORT,2.25,67543.76,67544.7,67373.64,67560.45,67543.95,67560.45,67506.82,0.024,no_entry,0.0,2026-04-05T21:46:00
2026-04-08T09:30:00+00:00,SHORT,2.25,71743.72,71799.99,71731.1,71941.42,71754.97,71941.42,71335.47,0.26,loss,-1.0,2026-04-08T12:38:00
2026-04-08T18:15:00+00:00,SHORT,2.25,71769.24,71818.0,71675.12,72857.0,71778.99,72857.0,69353.47,1.502,loss,-1.0,2026-04-09T22:17:00
2026-04-09T22:45:00+00:00,SHORT,2.25,72456.09,72506.53,72080.86,72550.0,72466.18,72550.0,72277.58,0.116,no_entry,0.0,2026-04-10T14:03:00
2026-04-13T00:15:00+00:00,LONG,2.25,70790.02,70831.13,70604.07,70889.42,70822.91,70604.07,71315.29,0.309,loss,-1.0,2026-04-13T08:42:00
2026-04-16T07:20:00+00:00,SHORT,2.25,74905.19,74909.47,74743.1,75425.0,74906.05,75425.0,73738.4,0.693,win,2.250000000000014,2026-04-16T13:53:00
2026-04-19T21:20:00+00:00,LONG,2.25,74717.07,74730.0,74555.12,74791.39,74727.41,74555.12,75115.08,0.231,loss,-1.0,2026-04-19T21:51:00
2026-05-04T10:15:00+00:00,SHORT,2.25,78773.43,79792.14,78831.6,79447.0,78977.17,79447.0,77920.06,0.595,loss,-1.0,2026-05-04T14:36:00
