dir,z_lo,z_hi,entry,sl,tp,atr,arm_t,fill_t,exit_t,outcome,R
SHORT,8404.52,8419.86,8412.19,8493.423214285714,8168.490357142858,162.46642857142874,2020-01-24 16:00:00+00:00,2020-01-25 00:00:00+00:00,2020-01-26 16:00:00+00:00,LOSS,-1.0
SHORT,9039.68,9188.0,9113.84,9209.447142857143,8827.01857142857,191.21428571428572,2020-01-29 00:00:00+00:00,2020-02-04 08:00:00+00:00,2020-02-04 16:00:00+00:00,LOSS,-1.0
SHORT,9391.55,9412.35,9401.95,9517.189285714287,9056.232142857143,230.47857142857148,2020-02-01 00:00:00+00:00,2020-02-01 08:00:00+00:00,2020-02-03 00:00:00+00:00,LOSS,-1.0
LONG,9341.17,9351.71,9346.439999999999,9255.39857142857,9619.564285714285,182.08285714285725,2020-02-02 16:00:00+00:00,2020-02-03 00:00:00+00:00,2020-02-03 16:00:00+00:00,LOSS,-1.0
LONG,9346.0,9370.53,9358.265,9265.008214285714,9638.035357142857,186.5135714285716,2020-02-03 08:00:00+00:00,2020-02-05 08:00:00+00:00,2020-02-05 16:00:00+00:00,WIN,3.0
LONG,9288.0,9331.59,9309.795,9218.983571428571,9582.229285714286,181.62285714285736,2020-02-04 00:00:00+00:00,2020-02-04 08:00:00+00:00,2020-02-04 16:00:00+00:00,LOSS,-1.0
SHORT,5144.53,5200.0,5172.264999999999,5485.478214285714,4232.625357142857,626.4264285714283,2020-03-17 08:00:00+00:00,2020-03-18 00:00:00+00:00,2020-03-19 08:00:00+00:00,LOSS,-1.0
LONG,7226.07,7329.9,7277.985,7164.918214285714,7617.185357142856,226.13357142857134,2020-04-07 16:00:00+00:00,2020-04-08 00:00:00+00:00,2020-04-09 08:00:00+00:00,LOSS,-1.0
LONG,7232.0,7283.13,7257.5650000000005,7144.731785714286,7596.064642857144,225.66642857142864,2020-04-10 08:00:00+00:00,2020-04-18 08:00:00+00:00,2020-04-19 00:00:00+00:00,LOSS,-1.0
LONG,6836.41,6858.92,6847.665,6753.691071428571,7129.586785714286,187.94785714285717,2020-04-12 00:00:00+00:00,2020-04-12 08:00:00+00:00,2020-04-12 16:00:00+00:00,WIN,3.0
LONG,6760.0,6831.32,6795.66,6697.700714285714,7089.537857142857,195.91857142857148,2020-04-13 00:00:00+00:00,2020-04-13 08:00:00+00:00,2020-04-15 08:00:00+00:00,LOSS,-1.0
SHORT,8867.31,8881.24,8874.275,8980.496428571429,8555.610714285714,212.44285714285706,2020-05-26 00:00:00+00:00,2020-05-26 08:00:00+00:00,2020-05-27 08:00:00+00:00,LOSS,-1.0
SHORT,9204.07,9280.78,9242.425,9364.299285714285,8876.802142857143,243.7485714285714,2020-05-28 16:00:00+00:00,2020-06-11 16:00:00+00:00,2020-06-12 00:00:00+00:00,LOSS,-1.0
SHORT,9480.41,9536.69,9508.55,9610.848214285714,9201.655357142856,204.59642857142885,2020-06-01 08:00:00+00:00,2020-06-02 08:00:00+00:00,2020-06-03 08:00:00+00:00,LOSS,-1.0
SHORT,9571.18,9590.26,9580.720000000001,9699.505357142858,9224.363928571429,237.57071428571453,2020-06-02 00:00:00+00:00,2020-06-02 08:00:00+00:00,2020-06-04 08:00:00+00:00,LOSS,-1.0
LONG,9233.35,9249.97,9241.66,9154.494642857142,9503.156071428572,174.3307142857141,2020-06-26 00:00:00+00:00,2020-06-26 08:00:00+00:00,2020-06-26 16:00:00+00:00,LOSS,-1.0
LONG,9212.0,9236.88,9224.439999999999,9133.22964285714,9498.07107142857,182.42071428571413,2020-06-26 08:00:00+00:00,2020-06-29 16:00:00+00:00,2020-06-30 00:00:00+00:00,LOSS,-1.0
LONG,9105.0,9162.21,9133.605,9045.499642857143,9397.921071428571,176.2107142857141,2020-06-27 16:00:00+00:00,2020-06-28 08:00:00+00:00,2020-06-29 08:00:00+00:00,LOSS,-1.0
SHORT,9116.16,9148.61,9132.385,9205.416785714286,8913.289642857144,146.06357142857127,2020-06-29 16:00:00+00:00,2020-06-30 00:00:00+00:00,2020-07-01 08:00:00+00:00,LOSS,-1.0
SHORT,9138.08,9162.85,9150.465,9211.816071428571,8966.411785714286,122.70214285714272,2020-07-01 16:00:00+00:00,2020-07-02 08:00:00+00:00,2020-07-02 16:00:00+00:00,WIN,3.0
SHORT,9073.6,9085.0,9079.3,9138.865,8900.605,119.12999999999973,2020-07-06 00:00:00+00:00,2020-07-16 08:00:00+00:00,2020-07-16 16:00:00+00:00,LOSS,-1.0
SHORT,9062.17,9074.85,9068.51,9128.075,8889.815,119.12999999999973,2020-07-06 00:00:00+00:00,2020-07-16 08:00:00+00:00,2020-07-16 16:00:00+00:00,LOSS,-1.0
LONG,9381.6,9411.38,9396.49,9327.807499999999,9602.5375,137.36499999999992,2020-07-09 08:00:00+00:00,2020-07-21 08:00:00+00:00,2020-07-21 16:00:00+00:00,LOSS,-1.0
LONG,9264.17,9270.01,9267.09,9218.929285714286,9411.572142857143,96.3214285714287,2020-07-14 00:00:00+00:00,2020-07-14 16:00:00+00:00,2020-07-15 00:00:00+00:00,LOSS,-1.0
SHORT,11529.3,11542.65,11535.974999999999,11627.176785714284,11262.369642857142,182.4035714285714,2020-08-30 00:00:00+00:00,2020-09-01 00:00:00+00:00,2020-09-01 08:00:00+00:00,LOSS,-1.0
SHORT,11500.98,11549.0,11524.99,11608.721428571429,11273.795714285714,167.4628571428571,2020-08-30 08:00:00+00:00,2020-09-01 00:00:00+00:00,2020-09-01 08:00:00+00:00,LOSS,-1.0
SHORT,11711.17,11726.89,11719.029999999999,11805.026428571427,11461.040714285713,171.9928571428571,2020-09-01 00:00:00+00:00,2020-09-02 00:00:00+00:00,2020-09-02 08:00:00+00:00,WIN,3.0
SHORT,11742.15,11751.36,11746.755000000001,11832.962857142858,11488.131428571429,172.41571428571427,2020-09-01 08:00:00+00:00,2020-09-02 00:00:00+00:00,2020-09-02 08:00:00+00:00,WIN,3.0
LONG,10303.56,10424.67,10364.115,10155.481785714286,10990.014642857142,417.26642857142855,2020-09-05 08:00:00+00:00,2020-09-07 16:00:00+00:00,2020-09-08 08:00:00+00:00,LOSS,-1.0
SHORT,10230.36,10300.0,10265.18,10470.183928571429,9650.168214285715,410.00785714285706,2020-09-07 16:00:00+00:00,2020-09-08 00:00:00+00:00,2020-09-10 08:00:00+00:00,LOSS,-1.0
LONG,10141.28,10173.44,10157.36,9995.40392857143,10643.228214285715,323.9121428571426,2020-09-08 08:00:00+00:00,2020-09-08 16:00:00+00:00,2020-09-09 00:00:00+00:00,LOSS,-1.0
SHORT,10246.11,10343.0,10294.555,10425.403928571428,9902.008214285714,261.6978571428572,2020-09-10 08:00:00+00:00,2020-09-10 16:00:00+00:00,2020-09-12 16:00:00+00:00,LOSS,-1.0
LONG,10447.53,10451.06,10449.295,10343.363928571429,10767.088214285714,211.86214285714283,2020-09-23 16:00:00+00:00,2020-09-24 08:00:00+00:00,2020-09-24 16:00:00+00:00,WIN,3.0
LONG,10403.95,10428.63,10416.29,10314.890357142858,10720.488928571429,202.79928571428562,2020-09-24 00:00:00+00:00,2020-09-24 08:00:00+00:00,2020-09-24 16:00:00+00:00,WIN,3.0
SHORT,19124.49,19342.0,19233.245000000003,19584.425000000003,18179.705,702.36,2020-12-03 08:00:00+00:00,2020-12-03 16:00:00+00:00,2020-12-09 00:00:00+00:00,WIN,3.0
LONG,19157.55,19358.67,19258.11,19073.522857142856,19811.87142857143,369.17428571428565,2020-12-08 00:00:00+00:00,2020-12-13 00:00:00+00:00,2020-12-13 16:00:00+00:00,LOSS,-1.0
SHORT,18324.11,18380.0,18352.055,18558.87714285714,17731.588571428572,413.644285714286,2020-12-09 16:00:00+00:00,2020-12-10 00:00:00+00:00,2020-12-11 00:00:00+00:00,WIN,3.0
LONG,23296.0,23628.89,23462.445,22936.389285714286,25040.612142857142,1052.111428571429,2020-12-21 08:00:00+00:00,2020-12-22 08:00:00+00:00,2020-12-23 08:00:00+00:00,LOSS,-1.0
LONG,23287.94,23455.54,23371.739999999998,22868.00964285714,24882.93107142857,1007.4607142857151,2020-12-21 16:00:00+00:00,2020-12-22 08:00:00+00:00,2020-12-23 08:00:00+00:00,LOSS,-1.0
SHORT,30851.99,32152.9,31502.445,32522.70892857143,28441.653214285714,2040.527857142857,2021-01-22 16:00:00+00:00,2021-01-23 08:00:00+00:00,2021-01-23 16:00:00+00:00,LOSS,-1.0
LONG,39297.75,39362.27,39330.009999999995,38608.546071428565,41494.40178571428,1442.9278571428574,2021-02-07 00:00:00+00:00,2021-02-07 08:00:00+00:00,2021-02-07 16:00:00+00:00,LOSS,-1.0
LONG,45589.98,46420.42,46005.2,44779.055714285714,49683.63285714285,2452.2885714285717,2021-02-10 16:00:00+00:00,2021-02-11 08:00:00+00:00,2021-02-14 08:00:00+00:00,WIN,3.0
LONG,48400.31,48537.96,48469.134999999995,47564.34178571428,51183.51464285714,1809.5864285714295,2021-02-15 08:00:00+00:00,2021-02-15 16:00:00+00:00,2021-02-16 00:00:00+00:00,LOSS,-1.0
SHORT,55165.2,55830.9,55498.05,56425.78571428572,52714.84285714286,1855.471428571429,2021-03-24 08:00:00+00:00,2021-03-24 16:00:00+00:00,2021-03-25 00:00:00+00:00,WIN,3.0
SHORT,53569.24,53826.48,53697.86,54818.19321428571,50336.860357142854,2240.6664285714287,2021-03-27 00:00:00+00:00,2021-04-18 00:00:00+00:00,2021-04-18 08:00:00+00:00,LOSS,-1.0
SHORT,57719.74,58290.0,58004.869999999995,58782.79535714285,55671.09392857142,1555.8507142857156,2021-03-30 08:00:00+00:00,2021-03-31 00:00:00+00:00,2021-03-31 08:00:00+00:00,LOSS,-1.0
SHORT,58974.66,59146.77,59060.715,59807.38392857143,56820.70821428571,1493.3378571428568,2021-04-02 08:00:00+00:00,2021-04-02 16:00:00+00:00,2021-04-04 00:00:00+00:00,WIN,3.0
LONG,63063.32,63575.01,63319.165,62519.69321428571,65717.58035714286,1598.9435714285719,2021-04-14 16:00:00+00:00,2021-04-15 00:00:00+00:00,2021-04-15 08:00:00+00:00,LOSS,-1.0
LONG,55690.62,56150.01,55920.315,54669.46642857143,59672.860714285714,2501.697142857142,2021-04-19 16:00:00+00:00,2021-04-20 08:00:00+00:00,2021-04-21 08:00:00+00:00,LOSS,-1.0
SHORT,50047.84,50452.85,50250.345,51545.65178571429,46364.42464285714,2590.6135714285715,2021-04-26 00:00:00+00:00,2021-05-12 16:00:00+00:00,2021-05-13 00:00:00+00:00,WIN,3.0
SHORT,50257.97,50434.0,50345.985,51600.97178571429,46581.02464285714,2509.973571428571,2021-04-26 08:00:00+00:00,2021-05-12 16:00:00+00:00,2021-05-13 00:00:00+00:00,WIN,3.0
SHORT,53703.11,53816.19,53759.65,54719.28892857143,50880.73321428572,1919.2778571428566,2021-04-30 08:00:00+00:00,2021-05-04 08:00:00+00:00,2021-05-04 16:00:00+00:00,LOSS,-1.0
SHORT,57725.14,58043.01,57884.075,58692.91035714286,55457.568928571425,1617.6707142857142,2021-05-03 00:00:00+00:00,2021-05-03 08:00:00+00:00,2021-05-04 00:00:00+00:00,WIN,3.0
SHORT,56595.2,57141.05,56868.125,57651.7975,54517.1075,1567.345,2021-05-03 08:00:00+00:00,2021-05-03 16:00:00+00:00,2021-05-04 08:00:00+00:00,WIN,3.0
LONG,35550.0,35785.95,35667.975,34983.85142857143,37720.34571428571,1368.2471428571419,2021-06-20 08:00:00+00:00,2021-06-20 16:00:00+00:00,2021-06-21 00:00:00+00:00,LOSS,-1.0
LONG,35119.21,35483.72,35301.465,34520.182857142856,37645.311428571425,1562.5642857142848,2021-06-21 00:00:00+00:00,2021-06-25 00:00:00+00:00,2021-06-25 08:00:00+00:00,LOSS,-1.0
LONG,34289.0,34422.11,34355.555,33565.42964285714,36725.93107142857,1580.250714285714,2021-06-21 08:00:00+00:00,2021-06-23 00:00:00+00:00,2021-06-23 08:00:00+00:00,LOSS,-1.0
SHORT,33675.07,33879.99,33777.53,34823.03535714286,30641.01392857143,2091.010714285714,2021-06-24 16:00:00+00:00,2021-06-25 08:00:00+00:00,2021-06-26 00:00:00+00:00,WIN,3.0
SHORT,33291.81,33574.32,33433.065,34261.10964285715,30948.931071428575,1656.089285714285,2021-06-28 00:00:00+00:00,2021-07-01 00:00:00+00:00,2021-07-03 00:00:00+00:00,LOSS,-1.0
LONG,34017.55,34193.44,34105.495,33426.26107142858,36143.19678571429,1358.467857142857,2021-07-01 08:00:00+00:00,2021-07-03 00:00:00+00:00,2021-07-05 08:00:00+00:00,LOSS,-1.0
SHORT,32900.05,33177.06,33038.555,33581.25214285714,31410.463571428572,1085.394285714285,2021-07-09 08:00:00+00:00,2021-07-10 16:00:00+00:00,2021-07-11 00:00:00+00:00,LOSS,-1.0
SHORT,32729.12,32807.41,32768.265,33188.11,31508.729999999996,839.6900000000011,2021-07-14 16:00:00+00:00,2021-07-15 00:00:00+00:00,2021-07-15 08:00:00+00:00,WIN,3.0
LONG,37661.7,38149.99,37905.845,37220.9925,39960.402500000004,1369.7050000000004,2021-07-27 00:00:00+00:00,2021-07-27 08:00:00+00:00,2021-07-28 00:00:00+00:00,WIN,3.0
LONG,39390.0,39939.32,39664.66,38769.21000000001,42351.01,1790.900000000001,2021-07-30 08:00:00+00:00,2021-07-30 16:00:00+00:00,2021-07-31 00:00:00+00:00,WIN,3.0
LONG,41120.0,41461.84,41290.92,40580.85071428571,43421.127857142856,1420.1385714285716,2021-08-01 16:00:00+00:00,2021-08-05 16:00:00+00:00,2021-08-06 00:00:00+00:00,LOSS,-1.0
SHORT,38207.04,38566.82,38386.93,39014.55892857143,36504.04321428571,1255.2578571428583,2021-08-04 16:00:00+00:00,2021-08-05 08:00:00+00:00,2021-08-05 16:00:00+00:00,LOSS,-1.0
LONG,45800.0,46349.26,46074.630000000005,45340.07678571429,48278.28964285715,1469.1064285714278,2021-08-12 00:00:00+00:00,2021-08-13 00:00:00+00:00,2021-08-17 00:00:00+00:00,LOSS,-1.0
LONG,46331.28,46944.47,46637.875,45990.66678571429,48579.49964285714,1294.4164285714282,2021-08-15 08:00:00+00:00,2021-08-15 16:00:00+00:00,2021-08-16 08:00:00+00:00,LOSS,-1.0
SHORT,46082.9,46779.0,46430.95,47383.87821428571,43572.165357142854,1905.856428571429,2021-09-09 08:00:00+00:00,2021-09-09 16:00:00+00:00,2021-09-13 08:00:00+00:00,WIN,3.0
SHORT,44470.62,46880.0,45675.31,46386.94821428571,43540.39535714286,1423.2764285714272,2021-09-14 16:00:00+00:00,2021-09-20 00:00:00+00:00,2021-09-20 08:00:00+00:00,WIN,3.0
LONG,54446.54,54984.2,54715.369999999995,53938.640714285706,57045.55785714285,1553.4585714285713,2021-10-07 08:00:00+00:00,2021-10-08 00:00:00+00:00,2021-10-08 16:00:00+00:00,LOSS,-1.0
SHORT,58819.15,59587.35,59203.25,60040.19678571429,56692.40964285714,1673.893571428571,2021-10-28 08:00:00+00:00,2021-10-28 16:00:00+00:00,2021-10-29 00:00:00+00:00,LOSS,-1.0
SHORT,60575.9,62100.0,61337.95,62285.76107142857,58494.51678571428,1895.6221428571419,2021-10-29 16:00:00+00:00,2021-10-30 00:00:00+00:00,2021-10-31 00:00:00+00:00,LOSS,-1.0
LONG,62722.4,63220.57,62971.485,62151.49285714286,65431.46142857143,1639.984285714285,2021-11-04 00:00:00+00:00,2021-11-07 16:00:00+00:00,2021-11-08 00:00:00+00:00,WIN,3.0
LONG,60820.0,61395.01,61107.505000000005,60345.963571428576,63392.12928571429,1523.0828571428563,2021-11-06 00:00:00+00:00,2021-11-06 08:00:00+00:00,2021-11-08 00:00:00+00:00,WIN,3.0
LONG,67015.2,67525.82,67270.51000000001,66543.87892857144,69450.40321428572,1453.2621428571422,2021-11-09 16:00:00+00:00,2021-11-10 00:00:00+00:00,2021-11-10 08:00:00+00:00,LOSS,-1.0
LONG,65888.0,66426.42,66157.20999999999,65181.07785714285,69085.60642857142,1952.264285714285,2021-11-11 00:00:00+00:00,2021-11-15 00:00:00+00:00,2021-11-15 08:00:00+00:00,LOSS,-1.0
SHORT,56891.62,57517.14,57204.380000000005,58207.59285714286,54194.74142857143,2006.4257142857148,2021-11-19 16:00:00+00:00,2021-11-22 00:00:00+00:00,2021-11-22 08:00:00+00:00,LOSS,-1.0
SHORT,58380.06,58834.98,58607.520000000004,59485.298928571436,55974.18321428572,1755.557857142857,2021-11-21 00:00:00+00:00,2021-11-21 08:00:00+00:00,2021-11-21 16:00:00+00:00,LOSS,-1.0
SHORT,56243.83,57258.56,56751.195,57615.45071428571,54158.42785714286,1728.5114285714287,2021-11-23 16:00:00+00:00,2021-11-24 00:00:00+00:00,2021-11-25 00:00:00+00:00,LOSS,-1.0
LONG,50600.0,50819.99,50709.994999999995,50191.612499999996,52265.142499999994,1036.7649999999999,2021-12-25 16:00:00+00:00,2021-12-26 16:00:00+00:00,2021-12-28 00:00:00+00:00,LOSS,-1.0
SHORT,41791.5,41990.0,41890.75,42592.33392857143,39785.99821428571,1403.167857142858,2022-01-10 00:00:00+00:00,2022-01-10 08:00:00+00:00,2022-01-11 08:00:00+00:00,LOSS,-1.0
SHORT,42212.21,42627.66,42419.935,43008.46214285714,40654.35357142857,1177.0542857142864,2022-01-12 08:00:00+00:00,2022-01-13 16:00:00+00:00,2022-01-14 08:00:00+00:00,LOSS,-1.0
SHORT,42729.29,42965.0,42847.145000000004,43446.980357142864,41047.63892857143,1199.6707142857147,2022-01-12 16:00:00+00:00,2022-01-13 16:00:00+00:00,2022-01-14 16:00:00+00:00,LOSS,-1.0
LONG,43174.01,44092.43,43633.22,42846.55714285714,45993.20857142857,1573.3257142857135,2022-02-11 16:00:00+00:00,2022-02-15 00:00:00+00:00,2022-02-17 08:00:00+00:00,LOSS,-1.0
LONG,42851.0,43359.24,43105.119999999995,42349.31964285714,45372.521071428564,1511.600714285714,2022-02-12 00:00:00+00:00,2022-02-15 00:00:00+00:00,2022-02-17 08:00:00+00:00,LOSS,-1.0
SHORT,37008.16,37468.35,37238.255000000005,37841.44464285715,35428.68607142857,1206.3792857142867,2022-02-22 16:00:00+00:00,2022-02-23 16:00:00+00:00,2022-02-24 00:00:00+00:00,WIN,3.0
LONG,46898.12,47067.99,46983.055,46468.940357142856,48525.39892857143,1028.2292857142852,2022-03-31 16:00:00+00:00,2022-04-02 00:00:00+00:00,2022-04-02 08:00:00+00:00,LOSS,-1.0
SHORT,42481.08,42540.0,42510.54,42950.31785714286,41191.20642857143,879.5557142857142,2022-04-10 00:00:00+00:00,2022-04-10 08:00:00+00:00,2022-04-10 16:00:00+00:00,LOSS,-1.0
SHORT,39964.01,40069.0,40016.505000000005,40526.7675,38485.717500000006,1020.5249999999999,2022-04-15 08:00:00+00:00,2022-04-16 08:00:00+00:00,2022-04-16 16:00:00+00:00,LOSS,-1.0
SHORT,18970.79,19198.0,19084.395,19778.031071428573,17003.486785714285,1387.2721428571429,2022-06-19 16:00:00+00:00,2022-06-30 08:00:00+00:00,2022-06-30 16:00:00+00:00,LOSS,-1.0
LONG,21403.24,21594.75,21498.995000000003,21176.984642857144,22465.026071428576,644.0207142857146,2022-07-10 00:00:00+00:00,2022-07-16 16:00:00+00:00,2022-07-17 00:00:00+00:00,LOSS,-1.0
LONG,21517.87,21545.89,21531.879999999997,21234.21,22424.89,595.3400000000001,2022-07-10 08:00:00+00:00,2022-07-16 16:00:00+00:00,2022-07-17 00:00:00+00:00,LOSS,-1.0
LONG,19558.12,19731.0,19644.559999999998,19351.4475,20523.8975,586.2249999999998,2022-07-13 08:00:00+00:00,2022-07-13 16:00:00+00:00,2022-07-14 16:00:00+00:00,WIN,3.0
SHORT,21400.75,21468.51,21434.629999999997,21684.737499999996,20684.3075,500.21499999999986,2022-08-23 16:00:00+00:00,2022-08-24 00:00:00+00:00,2022-08-24 16:00:00+00:00,LOSS,-1.0
SHORT,21529.11,21555.84,21542.475,21771.626428571428,20855.020714285714,458.302857142857,2022-08-25 00:00:00+00:00,2022-08-25 08:00:00+00:00,2022-08-26 08:00:00+00:00,LOSS,-1.0
SHORT,19078.1,19238.28,19158.19,19439.23107142857,18315.066785714283,562.0821428571425,2022-09-28 16:00:00+00:00,2022-09-29 08:00:00+00:00,2022-09-29 16:00:00+00:00,LOSS,-1.0
SHORT,19360.4,19550.0,19455.2,19763.119285714285,18531.442142857144,615.8385714285713,2022-09-30 00:00:00+00:00,2022-09-30 08:00:00+00:00,2022-09-30 16:00:00+00:00,LOSS,-1.0
LONG,20140.38,20158.26,20149.32,19943.930357142857,20765.488928571427,410.7792857142857,2022-10-06 16:00:00+00:00,2022-10-25 16:00:00+00:00,2022-10-26 08:00:00+00:00,WIN,3.0
LONG,19041.74,19137.36,19089.550000000003,18949.83535714286,19508.693928571432,279.4292857142856,2022-10-13 08:00:00+00:00,2022-10-13 16:00:00+00:00,2022-10-14 00:00:00+00:00,WIN,3.0
SHORT,16579.49,16621.23,16600.36,16908.216428571428,15676.790714285715,615.7128571428569,2022-11-15 00:00:00+00:00,2022-11-16 08:00:00+00:00,2022-11-18 00:00:00+00:00,LOSS,-1.0
SHORT,16611.9,16717.49,16664.695,16893.24785714286,15979.03642857143,457.105714285714,2022-11-18 00:00:00+00:00,2022-11-18 08:00:00+00:00,2022-11-21 00:00:00+00:00,WIN,3.0
LONG,17076.85,17106.65,17091.75,16972.54357142857,17449.369285714285,238.41285714285783,2022-12-05 16:00:00+00:00,2022-12-06 00:00:00+00:00,2022-12-06 08:00:00+00:00,LOSS,-1.0
LONG,16912.24,16985.27,16948.755,16835.628571428573,17288.134285714288,226.2528571428572,2022-12-07 08:00:00+00:00,2022-12-08 08:00:00+00:00,2022-12-08 16:00:00+00:00,WIN,3.0
SHORT,16668.23,16702.83,16685.53,16817.939285714285,16288.302142857141,264.8185714285719,2022-12-20 08:00:00+00:00,2022-12-22 08:00:00+00:00,2022-12-22 16:00:00+00:00,LOSS,-1.0
SHORT,21652.75,21799.0,21725.875,21914.58642857143,21159.740714285712,377.4228571428578,2023-02-11 16:00:00+00:00,2023-02-12 16:00:00+00:00,2023-02-14 08:00:00+00:00,LOSS,-1.0
SHORT,21774.63,21816.62,21795.625,21960.615714285716,21300.652857142857,329.9814285714287,2023-02-14 16:00:00+00:00,2023-03-08 16:00:00+00:00,2023-03-09 16:00:00+00:00,WIN,3.0
SHORT,22199.84,22200.88,22200.36,22427.327857142856,21519.45642857143,453.9357142857144,2023-02-15 16:00:00+00:00,2023-03-03 00:00:00+00:00,2023-03-03 08:00:00+00:00,LOSS,-1.0
LONG,24283.35,24611.51,24447.43,24114.114642857145,25447.37607142857,666.6307142857147,2023-02-17 00:00:00+00:00,2023-02-17 16:00:00+00:00,2023-02-20 00:00:00+00:00,LOSS,-1.0
LONG,24560.47,24582.62,24571.545,24187.830714285712,25722.687857142857,767.4285714285717,2023-02-20 00:00:00+00:00,2023-02-20 08:00:00+00:00,2023-02-21 16:00:00+00:00,LOSS,-1.0
LONG,24781.5,24843.89,24812.695,24520.216785714285,25690.129642857144,584.9564285714283,2023-02-21 16:00:00+00:00,2023-03-14 00:00:00+00:00,2023-03-14 08:00:00+00:00,LOSS,-1.0
LONG,24124.33,24182.21,24153.27,23845.668214285713,25076.075357142858,615.2035714285705,2023-02-23 16:00:00+00:00,2023-03-13 08:00:00+00:00,2023-03-13 16:00:00+00:00,LOSS,-1.0
LONG,28000.0,28103.68,28051.84,27627.207142857143,29325.73857142857,849.2657142857141,2023-03-23 00:00:00+00:00,2023-03-23 08:00:00+00:00,2023-03-24 16:00:00+00:00,LOSS,-1.0
SHORT,26795.01,26983.98,26889.495,27179.958214285714,26018.105357142857,580.9264285714283,2023-05-14 08:00:00+00:00,2023-05-14 16:00:00+00:00,2023-05-15 00:00:00+00:00,LOSS,-1.0
SHORT,26816.25,27045.45,26930.85,27221.313214285714,26059.460357142856,580.9264285714283,2023-05-14 08:00:00+00:00,2023-05-14 16:00:00+00:00,2023-05-15 00:00:00+00:00,LOSS,-1.0
SHORT,27082.01,27135.04,27108.525,27354.199642857144,26371.501071428575,491.34928571428566,2023-05-15 08:00:00+00:00,2023-05-16 00:00:00+00:00,2023-05-17 16:00:00+00:00,LOSS,-1.0
SHORT,26845.14,26914.3,26879.72,27098.033571428572,26224.77928571429,436.62714285714276,2023-05-18 00:00:00+00:00,2023-05-18 16:00:00+00:00,2023-05-19 08:00:00+00:00,LOSS,-1.0
LONG,27554.0,27673.08,27613.54,27396.141785714288,28265.734642857144,434.7964285714282,2023-05-31 08:00:00+00:00,2023-06-20 16:00:00+00:00,2023-06-21 00:00:00+00:00,WIN,3.0
LONG,26839.01,26911.55,26875.28,26631.18,27607.579999999998,488.19999999999993,2023-06-01 16:00:00+00:00,2023-06-02 00:00:00+00:00,2023-06-05 08:00:00+00:00,LOSS,-1.0
LONG,27112.73,27174.42,27143.574999999997,26955.46357142857,27707.909285714282,376.2228571428573,2023-06-05 00:00:00+00:00,2023-06-06 16:00:00+00:00,2023-06-07 00:00:00+00:00,LOSS,-1.0
LONG,27123.81,27150.46,27137.135000000002,26949.023571428574,27701.469285714287,376.2228571428573,2023-06-05 00:00:00+00:00,2023-06-06 16:00:00+00:00,2023-06-07 00:00:00+00:00,LOSS,-1.0
SHORT,25728.2,25821.41,25774.805,26005.696428571428,25082.130714285715,461.7828571428568,2023-06-06 16:00:00+00:00,2023-06-10 00:00:00+00:00,2023-06-10 16:00:00+00:00,LOSS,-1.0
SHORT,26349.52,26553.78,26451.65,26725.686785714286,25629.539642857144,548.0735714285711,2023-06-08 08:00:00+00:00,2023-06-08 16:00:00+00:00,2023-06-09 08:00:00+00:00,LOSS,-1.0
SHORT,25651.08,25750.25,25700.665,25923.511071428573,25032.126785714285,445.69214285714304,2023-06-11 08:00:00+00:00,2023-06-12 00:00:00+00:00,2023-06-12 08:00:00+00:00,LOSS,-1.0
LONG,29891.15,29993.89,29942.52,29618.82892857143,30913.593214285713,647.3821428571425,2023-06-22 16:00:00+00:00,2023-06-23 00:00:00+00:00,2023-06-23 08:00:00+00:00,WIN,3.0
SHORT,29912.01,29964.99,29938.5,30100.547857142858,29452.356428571427,324.09571428571405,2023-07-20 00:00:00+00:00,2023-07-20 08:00:00+00:00,2023-07-23 16:00:00+00:00,LOSS,-1.0
SHORT,29900.23,29908.71,29904.47,30054.72357142857,29453.70928571429,300.50714285714247,2023-07-23 16:00:00+00:00,2023-07-24 00:00:00+00:00,2023-07-24 08:00:00+00:00,WIN,3.0
SHORT,29176.5,29183.34,29179.92,29325.625,28742.805,291.40999999999985,2023-07-25 16:00:00+00:00,2023-07-26 00:00:00+00:00,2023-07-26 08:00:00+00:00,LOSS,-1.0
LONG,25931.11,25940.77,25935.940000000002,25641.372142857144,26819.643571428573,589.1357142857139,2023-09-01 16:00:00+00:00,2023-09-02 08:00:00+00:00,2023-09-04 16:00:00+00:00,LOSS,-1.0
SHORT,25805.04,25853.03,25829.035,26109.639285714286,24987.222142857143,561.2085714285705,2023-09-02 16:00:00+00:00,2023-09-03 00:00:00+00:00,2023-09-03 16:00:00+00:00,LOSS,-1.0
SHORT,25894.77,25937.91,25916.34,26114.52357142857,25321.789285714287,396.367142857142,2023-09-03 16:00:00+00:00,2023-09-04 00:00:00+00:00,2023-09-07 16:00:00+00:00,LOSS,-1.0
LONG,25631.21,25814.24,25722.725,25608.465,26065.504999999997,228.51999999999992,2023-09-06 08:00:00+00:00,2023-09-06 16:00:00+00:00,2023-09-07 16:00:00+00:00,WIN,3.0
LONG,25675.0,25759.38,25717.190000000002,25602.930000000004,26059.97,228.51999999999992,2023-09-06 08:00:00+00:00,2023-09-06 16:00:00+00:00,2023-09-07 16:00:00+00:00,WIN,3.0
SHORT,25728.93,25778.0,25753.465,25886.43535714286,25354.55392857143,265.9407142857147,2023-09-07 08:00:00+00:00,2023-09-08 08:00:00+00:00,2023-09-08 16:00:00+00:00,LOSS,-1.0
SHORT,26996.29,27081.78,27039.035,27193.82214285714,26574.67357142857,309.5742857142858,2023-10-01 08:00:00+00:00,2023-10-01 16:00:00+00:00,2023-10-02 00:00:00+00:00,LOSS,-1.0
LONG,27850.0,27939.8,27894.9,27727.735,28396.395,334.3300000000002,2023-10-09 00:00:00+00:00,2023-10-16 00:00:00+00:00,2023-10-16 08:00:00+00:00,LOSS,-1.0
LONG,27800.0,27892.74,27846.370000000003,27678.186428571433,28350.920714285716,336.3671428571428,2023-10-09 08:00:00+00:00,2023-10-16 00:00:00+00:00,2023-10-16 08:00:00+00:00,LOSS,-1.0
LONG,27492.6,27590.12,27541.36,27382.99142857143,28016.465714285714,316.7371428571431,2023-10-10 16:00:00+00:00,2023-10-16 00:00:00+00:00,2023-10-16 08:00:00+00:00,WIN,3.0
SHORT,28461.72,28613.65,28537.685,28827.1325,27669.3425,578.8950000000004,2023-10-19 08:00:00+00:00,2023-10-19 16:00:00+00:00,2023-10-20 00:00:00+00:00,LOSS,-1.0
LONG,28320.29,28395.91,28358.1,28089.753214285713,29163.140357142856,536.6935714285719,2023-10-18 16:00:00+00:00,2023-10-19 00:00:00+00:00,2023-10-20 00:00:00+00:00,WIN,3.0
SHORT,41284.26,41509.69,41396.975000000006,41833.965000000004,40086.005000000005,873.9800000000001,2024-01-20 00:00:00+00:00,2024-01-22 00:00:00+00:00,2024-01-22 16:00:00+00:00,WIN,3.0
LONG,49724.33,49917.28,49820.805,49285.01678571429,51428.169642857145,1071.5764285714297,2024-02-13 16:00:00+00:00,2024-02-14 00:00:00+00:00,2024-02-14 08:00:00+00:00,WIN,3.0
SHORT,68448.28,68746.69,68597.485,69794.11107142858,65007.606785714284,2393.2521428571426,2024-03-16 00:00:00+00:00,2024-03-16 08:00:00+00:00,2024-03-16 16:00:00+00:00,WIN,3.0
SHORT,63877.04,64126.09,64001.565,65368.04035714286,59902.13892857143,2732.9507142857146,2024-03-23 08:00:00+00:00,2024-03-23 16:00:00+00:00,2024-03-24 08:00:00+00:00,LOSS,-1.0
SHORT,67210.0,67740.0,67475.0,68489.42857142857,64431.71428571428,2028.8571428571438,2024-03-25 16:00:00+00:00,2024-04-02 00:00:00+00:00,2024-04-04 16:00:00+00:00,LOSS,-1.0
LONG,69811.37,69852.18,69831.775,69281.17857142857,71483.56428571428,1101.192857142858,2024-04-01 00:00:00+00:00,2024-04-01 08:00:00+00:00,2024-04-01 16:00:00+00:00,LOSS,-1.0
LONG,70321.86,70381.13,70351.495,69778.04,72071.86,1146.9100000000003,2024-04-01 08:00:00+00:00,2024-04-08 00:00:00+00:00,2024-04-08 08:00:00+00:00,WIN,3.0
LONG,68062.86,68237.15,68150.005,67437.76250000001,70286.7325,1424.4849999999994,2024-04-02 08:00:00+00:00,2024-04-04 16:00:00+00:00,2024-04-05 00:00:00+00:00,LOSS,-1.0
SHORT,64464.3,64887.99,64676.145000000004,65870.24607142857,61093.84178571429,2388.202142857141,2024-04-15 00:00:00+00:00,2024-04-15 08:00:00+00:00,2024-04-17 08:00:00+00:00,WIN,3.0
SHORT,61277.38,62229.9,61753.64,62923.26,58244.78,2339.2399999999993,2024-04-18 16:00:00+00:00,2024-04-19 00:00:00+00:00,2024-04-19 08:00:00+00:00,LOSS,-1.0
SHORT,63498.69,63866.19,63682.44,64941.04714285715,59906.618571428575,2517.214285714286,2024-04-19 08:00:00+00:00,2024-04-19 16:00:00+00:00,2024-04-20 08:00:00+00:00,LOSS,-1.0
SHORT,65043.7,65167.19,65105.445,65985.75607142856,62464.51178571428,1760.6221428571432,2024-04-22 08:00:00+00:00,2024-04-24 08:00:00+00:00,2024-04-27 00:00:00+00:00,WIN,3.0
LONG,66837.39,66915.2,66876.295,66273.81214285715,68683.74357142857,1204.9657142857145,2024-05-19 16:00:00+00:00,2024-05-20 00:00:00+00:00,2024-05-20 16:00:00+00:00,WIN,3.0
LONG,69162.94,69827.0,69494.97,68766.27428571429,71681.05714285714,1457.3914285714293,2024-05-23 08:00:00+00:00,2024-05-25 08:00:00+00:00,2024-05-26 08:00:00+00:00,LOSS,-1.0
LONG,69435.3,69715.0,69575.15,68846.45428571428,71761.23714285714,1457.3914285714293,2024-05-23 08:00:00+00:00,2024-05-25 08:00:00+00:00,2024-05-26 00:00:00+00:00,LOSS,-1.0
LONG,69166.61,69166.62,69166.61499999999,68382.1482142857,71520.01535714285,1568.933571428572,2024-05-23 16:00:00+00:00,2024-05-24 16:00:00+00:00,2024-05-26 16:00:00+00:00,LOSS,-1.0
LONG,64932.31,65044.0,64988.155,64241.293928571424,67228.73821428571,1493.722142857143,2024-07-17 16:00:00+00:00,2024-07-18 00:00:00+00:00,2024-07-18 08:00:00+00:00,LOSS,-1.0
LONG,63910.0,64087.99,63998.994999999995,63238.589642857136,66280.21107142857,1520.8107142857148,2024-07-19 00:00:00+00:00,2024-07-19 08:00:00+00:00,2024-07-19 16:00:00+00:00,WIN,3.0
LONG,66798.36,67063.87,66931.11499999999,66263.20035714285,68934.85892857143,1335.8292857142862,2024-07-23 08:00:00+00:00,2024-07-24 08:00:00+00:00,2024-07-24 16:00:00+00:00,LOSS,-1.0
LONG,65962.0,66576.0,66269.0,65641.14964285714,68152.55107142858,1255.7007142857142,2024-07-24 16:00:00+00:00,2024-07-26 00:00:00+00:00,2024-07-26 16:00:00+00:00,WIN,3.0
LONG,66008.0,66078.0,66043.0,65370.091785714285,68061.72464285714,1345.816428571428,2024-07-25 00:00:00+00:00,2024-07-25 16:00:00+00:00,2024-07-26 16:00:00+00:00,WIN,3.0
SHORT,54321.08,55600.0,54960.54,56370.63214285715,50730.26357142857,2820.184285714285,2024-08-06 08:00:00+00:00,2024-08-07 16:00:00+00:00,2024-08-08 00:00:00+00:00,LOSS,-1.0
SHORT,56405.99,57040.99,56723.49,58114.40678571428,52550.73964285714,2781.8335714285713,2024-08-08 00:00:00+00:00,2024-08-08 08:00:00+00:00,2024-08-08 16:00:00+00:00,LOSS,-1.0
SHORT,56094.51,56300.0,56197.255000000005,57636.99321428572,51878.04035714286,2879.4764285714286,2024-08-08 08:00:00+00:00,2024-08-15 16:00:00+00:00,2024-08-16 00:00:00+00:00,LOSS,-1.0
SHORT,60842.01,61116.65,60979.33,61814.24964285715,58474.571071428574,1669.8392857142862,2024-08-11 00:00:00+00:00,2024-08-11 08:00:00+00:00,2024-08-11 16:00:00+00:00,WIN,3.0
LONG,64000.0,64132.17,64066.085,63488.90642857143,65797.62071428572,1154.3571428571424,2024-08-26 08:00:00+00:00,2024-09-20 00:00:00+00:00,2024-09-20 08:00:00+00:00,LOSS,-1.0
LONG,62657.0,62834.0,62745.5,62064.147142857146,64789.55857142857,1362.705714285714,2024-08-27 16:00:00+00:00,2024-09-19 08:00:00+00:00,2024-09-25 00:00:00+00:00,WIN,3.0
LONG,59374.0,59583.88,59478.94,58724.908214285715,61741.03535714286,1508.0635714285713,2024-08-30 00:00:00+00:00,2024-08-30 08:00:00+00:00,2024-08-30 16:00:00+00:00,LOSS,-1.0
SHORT,57487.74,57943.53,57715.634999999995,58324.12571428571,55890.16285714285,1216.9814285714278,2024-09-04 16:00:00+00:00,2024-09-05 00:00:00+00:00,2024-09-05 08:00:00+00:00,WIN,3.0
SHORT,54045.0,54435.0,54240.0,54994.6,51976.200000000004,1509.1999999999991,2024-09-07 08:00:00+00:00,2024-09-07 16:00:00+00:00,2024-09-08 16:00:00+00:00,LOSS,-1.0
LONG,59871.0,60195.99,60033.494999999995,59526.06785714285,61555.77642857142,1014.8542857142841,2024-09-16 00:00:00+00:00,2024-09-17 08:00:00+00:00,2024-09-18 08:00:00+00:00,LOSS,-1.0
SHORT,62086.0,62268.28,62177.14,62680.7675,60666.2575,1007.255,2024-10-06 08:00:00+00:00,2024-10-07 16:00:00+00:00,2024-10-08 00:00:00+00:00,LOSS,-1.0
SHORT,62058.01,62150.0,62104.005000000005,62588.590000000004,60650.25000000001,969.1699999999998,2024-10-06 16:00:00+00:00,2024-10-08 00:00:00+00:00,2024-10-08 08:00:00+00:00,LOSS,-1.0
LONG,68422.0,68625.99,68523.995,68099.71678571428,69796.82964285713,848.5564285714261,2024-10-21 08:00:00+00:00,2024-10-24 16:00:00+00:00,2024-10-25 00:00:00+00:00,LOSS,-1.0
LONG,66571.42,67377.5,66974.45999999999,66546.91178571427,68257.10464285713,855.096428571429,2024-10-23 08:00:00+00:00,2024-10-24 00:00:00+00:00,2024-10-24 16:00:00+00:00,WIN,3.0
LONG,66920.0,67282.27,67101.13500000001,66673.58678571429,68383.77964285715,855.096428571429,2024-10-23 08:00:00+00:00,2024-10-24 00:00:00+00:00,2024-10-24 16:00:00+00:00,WIN,3.0
SHORT,97700.59,97782.79,97741.69,99094.16214285715,93684.27357142858,2704.944285714286,2025-02-03 16:00:00+00:00,2025-02-04 16:00:00+00:00,2025-02-05 08:00:00+00:00,LOSS,-1.0
SHORT,98116.24,98277.02,98196.63,99766.10964285715,93488.19107142858,3138.959285714285,2025-02-07 08:00:00+00:00,2025-02-07 16:00:00+00:00,2025-02-18 16:00:00+00:00,WIN,3.0
SHORT,96209.92,96517.52,96363.72,97375.74035714286,93327.65892857143,2024.040714285716,2025-02-09 00:00:00+00:00,2025-02-09 08:00:00+00:00,2025-02-10 00:00:00+00:00,LOSS,-1.0
SHORT,96488.14,96760.0,96624.07,97531.1942857143,93902.69714285714,1814.2485714285733,2025-02-10 08:00:00+00:00,2025-02-11 08:00:00+00:00,2025-02-12 16:00:00+00:00,LOSS,-1.0
LONG,87030.56,87392.88,87211.72,86549.80392857143,89197.46821428572,1323.8321428571423,2025-03-26 16:00:00+00:00,2025-03-27 00:00:00+00:00,2025-03-27 08:00:00+00:00,LOSS,-1.0
LONG,86796.0,86974.07,86885.035,86094.50571428571,89256.62285714287,1581.058571428573,2025-03-28 08:00:00+00:00,2025-04-02 08:00:00+00:00,2025-04-02 16:00:00+00:00,LOSS,-1.0
SHORT,78430.0,79347.46,78888.73000000001,80134.07321428573,75152.70035714286,2490.6864285714278,2025-04-08 00:00:00+00:00,2025-04-08 08:00:00+00:00,2025-04-09 00:00:00+00:00,WIN,3.0
SHORT,83849.66,84990.22,84419.94,85329.84535714285,81690.22392857143,1819.8107142857157,2025-04-15 00:00:00+00:00,2025-04-15 16:00:00+00:00,2025-04-16 16:00:00+00:00,LOSS,-1.0
LONG,92580.18,93442.99,93011.58499999999,92112.5407142857,95708.71785714285,1798.0885714285719,2025-04-24 00:00:00+00:00,2025-04-24 08:00:00+00:00,2025-04-25 08:00:00+00:00,WIN,3.0
LONG,94041.0,94373.24,94207.12,93473.97571428571,96406.55285714284,1466.2885714285699,2025-04-27 08:00:00+00:00,2025-04-27 16:00:00+00:00,2025-04-28 00:00:00+00:00,LOSS,-1.0
SHORT,103985.47,104292.69,104139.08,104941.26642857143,101732.52071428571,1604.3728571428571,2025-05-31 16:00:00+00:00,2025-06-01 00:00:00+00:00,2025-06-01 16:00:00+00:00,LOSS,-1.0
SHORT,104591.88,104729.99,104660.935,105412.32071428571,102406.77785714285,1502.7714285714287,2025-06-01 16:00:00+00:00,2025-06-02 00:00:00+00:00,2025-06-02 08:00:00+00:00,LOSS,-1.0
SHORT,105387.67,105935.63,105661.65,106394.74142857142,103462.3757142857,1466.182857142857,2025-06-03 08:00:00+00:00,2025-06-03 16:00:00+00:00,2025-06-05 16:00:00+00:00,WIN,3.0
LONG,109008.82,109446.74,109227.78,108533.61035714285,111310.28892857142,1388.3392857142846,2025-06-12 00:00:00+00:00,2025-07-02 16:00:00+00:00,2025-07-03 00:00:00+00:00,LOSS,-1.0
LONG,106495.09,107061.8,106778.445,105968.48071428572,109208.33785714286,1619.9285714285725,2025-06-17 08:00:00+00:00,2025-06-25 00:00:00+00:00,2025-07-01 08:00:00+00:00,LOSS,-1.0
SHORT,104642.85,105073.53,104858.19,105646.16642857144,102494.26071428572,1575.9528571428568,2025-06-20 00:00:00+00:00,2025-06-20 08:00:00+00:00,2025-06-20 16:00:00+00:00,WIN,3.0
LONG,107105.43,107340.59,107223.01,106229.87071428572,110202.42785714284,1986.278571428569,2025-06-26 16:00:00+00:00,2025-06-27 00:00:00+00:00,2025-07-01 08:00:00+00:00,LOSS,-1.0
SHORT,107308.25,107709.22,107508.735,108023.155,105965.475,1028.8400000000006,2025-06-29 08:00:00+00:00,2025-06-29 16:00:00+00:00,2025-06-30 00:00:00+00:00,LOSS,-1.0
LONG,107250.0,107750.72,107500.36,106999.41392857143,109003.19821428572,1001.8921428571442,2025-06-30 16:00:00+00:00,2025-07-01 00:00:00+00:00,2025-07-01 08:00:00+00:00,LOSS,-1.0
LONG,106615.97,107146.51,106881.23999999999,106399.6382142857,108326.04535714285,963.2035714285729,2025-07-01 16:00:00+00:00,2025-07-02 00:00:00+00:00,2025-07-02 08:00:00+00:00,WIN,3.0
LONG,109020.8,109127.85,109074.32500000001,108422.1917857143,111030.72464285715,1304.2664285714272,2025-07-04 08:00:00+00:00,2025-07-06 08:00:00+00:00,2025-07-06 16:00:00+00:00,LOSS,-1.0
SHORT,112840.7,113420.0,113130.35,113949.94321428573,110671.57035714286,1639.1864285714287,2025-08-03 08:00:00+00:00,2025-08-05 08:00:00+00:00,2025-08-05 16:00:00+00:00,LOSS,-1.0
SHORT,113969.7,115096.73,114533.215,115200.15892857143,112532.38321428571,1333.8878571428565,2025-08-06 08:00:00+00:00,2025-08-07 00:00:00+00:00,2025-08-07 08:00:00+00:00,LOSS,-1.0
SHORT,114992.27,115185.58,115088.925,115775.1075,113030.3775,1372.365,2025-08-07 16:00:00+00:00,2025-08-18 00:00:00+00:00,2025-08-18 08:00:00+00:00,LOSS,-1.0
SHORT,116892.48,117021.16,116956.82,117629.87071428572,114937.66785714286,1346.1014285714296,2025-08-10 08:00:00+00:00,2025-08-15 08:00:00+00:00,2025-08-15 16:00:00+00:00,LOSS,-1.0
LONG,118032.32,118295.09,118163.705,117120.12571428572,121294.44285714286,2087.1585714285716,2025-08-15 16:00:00+00:00,2025-08-17 00:00:00+00:00,2025-08-18 00:00:00+00:00,LOSS,-1.0
SHORT,112792.08,112969.47,112880.775,113814.1975,110080.50749999999,1866.8450000000012,2025-08-22 08:00:00+00:00,2025-08-24 16:00:00+00:00,2025-08-25 16:00:00+00:00,WIN,3.0
SHORT,110303.2,110818.6,110560.9,111530.85071428571,107651.04785714285,1939.9014285714281,2025-08-27 08:00:00+00:00,2025-08-29 00:00:00+00:00,2025-08-29 16:00:00+00:00,WIN,3.0
SHORT,111763.22,111825.16,111794.19,112810.6475,108744.8175,2032.9149999999997,2025-08-28 00:00:00+00:00,2025-08-29 00:00:00+00:00,2025-08-29 08:00:00+00:00,WIN,3.0
LONG,116977.59,117086.01,117031.79999999999,116355.70999999999,119060.06999999999,1352.1800000000014,2025-09-19 00:00:00+00:00,2025-09-19 08:00:00+00:00,2025-09-19 16:00:00+00:00,LOSS,-1.0
SHORT,112815.5,112977.41,112896.455,113463.6875,111194.7575,1134.4649999999997,2025-09-24 08:00:00+00:00,2025-09-25 00:00:00+00:00,2025-09-25 08:00:00+00:00,WIN,3.0
SHORT,109411.19,109477.69,109444.44,110067.76785714286,107574.45642857143,1246.6557142857139,2025-09-28 00:00:00+00:00,2025-09-28 08:00:00+00:00,2025-09-28 16:00:00+00:00,LOSS,-1.0
SHORT,109635.85,109787.75,109711.8,110333.44357142858,107846.86928571429,1243.287142857142,2025-09-28 16:00:00+00:00,2025-10-10 16:00:00+00:00,2025-10-11 00:00:00+00:00,LOSS,-1.0
SHORT,112163.96,112310.0,112236.98000000001,112849.4892857143,110399.45214285716,1225.018571428571,2025-09-29 16:00:00+00:00,2025-10-10 16:00:00+00:00,2025-10-11 00:00:00+00:00,LOSS,-1.0
SHORT,113699.24,113741.37,113720.305,114269.0107142857,112074.18785714285,1097.4114285714281,2025-10-01 00:00:00+00:00,2025-10-10 16:00:00+00:00,2025-10-11 00:00:00+00:00,WIN,3.0
LONG,122110.08,122189.72,122149.9,121101.97321428571,125293.68035714285,2095.8535714285713,2025-10-09 08:00:00+00:00,2025-10-10 08:00:00+00:00,2025-10-10 16:00:00+00:00,LOSS,-1.0
SHORT,102009.99,102050.0,102029.995,103272.24607142857,98303.24178571429,2484.502142857144,2025-11-08 00:00:00+00:00,2025-11-08 08:00:00+00:00,2025-11-09 08:00:00+00:00,LOSS,-1.0
SHORT,102312.95,102337.89,102325.42,103300.42142857143,99400.41571428571,1950.0028571428577,2025-11-09 16:00:00+00:00,2025-11-12 08:00:00+00:00,2025-11-13 00:00:00+00:00,LOSS,-1.0
LONG,91813.37,92078.06,91945.715,90778.705,95446.745,2334.019999999999,2025-12-05 16:00:00+00:00,2025-12-08 08:00:00+00:00,2025-12-08 16:00:00+00:00,LOSS,-1.0
LONG,91976.0,92678.81,92327.405,91345.49607142857,95273.13178571429,1963.817857142858,2025-12-11 00:00:00+00:00,2025-12-11 16:00:00+00:00,2025-12-12 08:00:00+00:00,LOSS,-1.0
SHORT,86432.08,86615.38,86523.73000000001,87290.4392857143,84223.60214285715,1533.4185714285704,2025-12-16 16:00:00+00:00,2025-12-17 00:00:00+00:00,2025-12-17 08:00:00+00:00,LOSS,-1.0
SHORT,88275.41,88428.0,88351.705,89289.5425,85538.1925,1875.6750000000018,2025-12-21 16:00:00+00:00,2025-12-22 00:00:00+00:00,2025-12-22 08:00:00+00:00,LOSS,-1.0
SHORT,88174.79,89081.77,88628.28,89480.41392857143,86071.87821428571,1704.2678571428592,2025-12-22 00:00:00+00:00,2025-12-22 16:00:00+00:00,2025-12-26 00:00:00+00:00,LOSS,-1.0
LONG,91262.94,93649.0,92455.97,91744.44214285714,94590.55357142858,1423.0557142857153,2026-01-08 00:00:00+00:00,2026-01-12 00:00:00+00:00,2026-01-12 08:00:00+00:00,LOSS,-1.0
SHORT,88000.64,88860.0,88430.32,89045.79142857144,86583.90571428572,1230.9428571428568,2026-01-27 16:00:00+00:00,2026-01-29 00:00:00+00:00,2026-01-29 08:00:00+00:00,WIN,3.0
SHORT,88320.41,88474.23,88397.32,88990.31964285715,86618.32107142858,1185.999285714286,2026-01-28 00:00:00+00:00,2026-01-29 00:00:00+00:00,2026-01-29 08:00:00+00:00,WIN,3.0
LONG,70143.19,70891.02,70517.10500000001,69461.17357142858,73684.8992857143,2111.862857142859,2026-03-06 16:00:00+00:00,2026-03-10 00:00:00+00:00,2026-03-10 08:00:00+00:00,LOSS,-1.0
LONG,67609.44,67842.67,67726.055,66877.5607142857,70271.53785714284,1696.9885714285722,2026-03-08 00:00:00+00:00,2026-03-08 08:00:00+00:00,2026-03-08 16:00:00+00:00,LOSS,-1.0
LONG,66547.15,67262.91,66905.03,66069.57142857142,69411.40571428572,1670.9171428571437,2026-03-08 16:00:00+00:00,2026-03-09 00:00:00+00:00,2026-03-09 08:00:00+00:00,WIN,3.0
LONG,71385.28,71612.23,71498.755,70683.2692857143,73945.21214285714,1630.971428571427,2026-03-14 00:00:00+00:00,2026-03-15 00:00:00+00:00,2026-03-16 00:00:00+00:00,WIN,3.0
SHORT,66523.01,66793.83,66658.42,67305.48928571428,64717.21214285713,1294.1385714285748,2026-03-30 08:00:00+00:00,2026-03-30 16:00:00+00:00,2026-03-31 00:00:00+00:00,LOSS,-1.0
SHORT,67367.7,67767.87,67567.785,68228.58892857144,65585.37321428572,1321.6078571428577,2026-04-01 00:00:00+00:00,2026-04-02 00:00:00+00:00,2026-04-05 16:00:00+00:00,LOSS,-1.0
LONG,69081.88,69115.91,69098.895,68634.21,70492.95000000001,929.3700000000006,2026-04-07 00:00:00+00:00,2026-04-07 08:00:00+00:00,2026-04-07 16:00:00+00:00,LOSS,-1.0
LONG,72812.94,72858.18,72835.56,72227.10357142857,74660.92928571429,1216.912857142857,2026-04-12 08:00:00+00:00,2026-04-13 16:00:00+00:00,2026-04-14 00:00:00+00:00,WIN,3.0
LONG,74277.19,74545.99,74411.59,73746.56714285714,76406.65857142856,1330.0457142857122,2026-04-15 00:00:00+00:00,2026-04-15 08:00:00+00:00,2026-04-16 08:00:00+00:00,LOSS,-1.0
