signal_time,exit_time,sym,direction,gross_R,risk_pct
2023-06-28 14:20:00,2023-06-28 17:09:00,BTCUSDT,LONG,-1.0,0.481084
2023-06-30 05:40:00,2023-06-30 12:32:00,BTCUSDT,SHORT,-1.0,0.976632
2023-07-23 09:30:00,2023-07-23 13:04:00,BTCUSDT,SHORT,2.2,0.071014
2023-07-24 07:40:00,2023-07-24 09:01:00,BTCUSDT,LONG,-1.0,0.19016
2023-08-02 02:00:00,2023-08-02 04:12:00,BTCUSDT,SHORT,2.2,0.414253
2023-08-04 21:15:00,2023-08-07 15:32:00,BTCUSDT,LONG,-1.0,0.539628
2023-08-08 00:30:00,2023-08-08 00:56:00,BTCUSDT,SHORT,-1.0,0.139926
2023-08-06 21:45:00,2023-08-07 00:31:00,BTCUSDT,SHORT,2.2,0.144654
2023-08-14 09:00:00,2023-08-14 13:32:00,BTCUSDT,SHORT,2.2,0.147409
2023-08-24 19:15:00,2023-08-24 20:51:00,BTCUSDT,LONG,-1.0,0.283898
2023-09-08 17:40:00,2023-09-10 04:22:00,BTCUSDT,LONG,-1.0,0.253505
2023-09-27 04:30:00,2023-09-27 09:17:00,BTCUSDT,SHORT,-1.0,0.071315
2023-10-06 00:30:00,2023-10-06 01:12:00,BTCUSDT,LONG,2.2,0.124878
2023-10-06 11:00:00,2023-10-06 12:31:00,BTCUSDT,SHORT,2.2,0.281386
2023-10-09 13:40:00,2023-10-09 16:01:00,BTCUSDT,LONG,-1.0,0.261585
2023-11-01 06:40:00,2023-11-01 12:49:00,BTCUSDT,LONG,2.2,0.15025
2023-12-20 16:15:00,2023-12-20 16:56:00,BTCUSDT,SHORT,2.2,0.433478
2024-02-18 18:00:00,2024-02-18 20:20:00,BTCUSDT,SHORT,2.2,0.180257
2024-02-19 01:15:00,2024-02-19 06:14:00,BTCUSDT,SHORT,-1.0,0.38674
2024-02-20 02:00:00,2024-02-20 06:12:00,BTCUSDT,LONG,2.2,0.374247
2024-02-19 17:30:00,2024-02-19 20:07:00,BTCUSDT,LONG,-1.0,0.440122
2024-03-28 16:15:00,2024-03-29 06:06:00,BTCUSDT,SHORT,2.2,0.55891
2024-04-22 00:45:00,2024-04-22 01:21:00,BTCUSDT,SHORT,-1.0,0.713278
2024-04-18 17:40:00,2024-04-19 01:13:00,BTCUSDT,SHORT,2.2,0.827265
2024-05-07 10:15:00,2024-05-07 11:47:00,BTCUSDT,SHORT,2.2,0.425121
2024-05-13 10:15:00,2024-05-13 15:52:00,BTCUSDT,SHORT,-1.0,0.469378
2024-06-24 12:00:00,2024-06-24 13:20:00,BTCUSDT,LONG,-1.0,0.405532
2024-05-23 20:30:00,2024-05-24 08:27:00,BTCUSDT,LONG,-1.0,1.044336
2024-06-10 11:45:00,2024-06-10 12:06:00,BTCUSDT,LONG,-1.0,0.099616
2024-07-20 19:30:00,2024-07-20 21:02:00,BTCUSDT,SHORT,2.2,0.181018
2024-07-21 15:15:00,2024-07-21 16:53:00,BTCUSDT,SHORT,-1.0,0.478152
2024-06-30 12:40:00,2024-06-30 13:29:00,BTCUSDT,SHORT,-1.0,0.152983
2024-07-15 09:00:00,2024-07-15 11:18:00,BTCUSDT,SHORT,2.2,0.38144
2024-07-08 02:00:00,2024-07-08 06:26:00,BTCUSDT,LONG,2.2,0.724398
2024-07-07 15:20:00,2024-07-07 17:05:00,BTCUSDT,LONG,2.2,0.291873
2024-07-25 04:40:00,2024-07-25 08:06:00,BTCUSDT,LONG,-1.0,0.364605
2024-08-25 23:45:00,2024-08-26 06:50:00,BTCUSDT,SHORT,2.2,0.555061
2024-08-20 10:20:00,2024-08-20 11:22:00,BTCUSDT,SHORT,2.2,0.203994
2024-08-28 16:45:00,2024-08-28 19:02:00,BTCUSDT,LONG,2.2,0.880966
2024-08-28 02:00:00,2024-08-28 07:18:00,BTCUSDT,LONG,-1.0,0.370891
2024-09-09 22:40:00,2024-09-10 18:38:00,BTCUSDT,SHORT,-1.0,0.876382
2024-09-16 17:45:00,2024-09-16 23:46:00,BTCUSDT,LONG,2.2,0.413453
2024-09-24 09:15:00,2024-09-24 10:16:00,BTCUSDT,SHORT,-1.0,0.272961
2024-09-30 20:20:00,2024-09-30 23:33:00,BTCUSDT,LONG,-1.0,0.596801
2024-10-08 06:45:00,2024-10-08 07:19:00,BTCUSDT,LONG,-1.0,0.412938
2024-10-21 17:00:00,2024-10-21 19:49:00,BTCUSDT,LONG,2.2,0.359619
2026-02-06 05:15:00,2026-02-06 13:21:00,BTCUSDT,LONG,2.2,1.55134
2024-10-25 08:30:00,2024-10-25 11:47:00,BTCUSDT,LONG,2.2,0.337947
2024-11-14 16:40:00,2024-11-14 20:55:00,BTCUSDT,LONG,-1.0,0.742078
2024-11-15 00:15:00,2024-11-15 11:53:00,BTCUSDT,LONG,2.2,0.982365
2024-11-15 12:45:00,2024-11-15 14:34:00,BTCUSDT,SHORT,2.2,0.520958
2025-02-25 11:45:00,2025-02-25 14:50:00,BTCUSDT,LONG,-1.0,1.413264
2024-11-29 17:15:00,2024-12-02 08:19:00,BTCUSDT,SHORT,2.2,0.903165
2024-12-02 11:30:00,2024-12-02 12:52:00,BTCUSDT,LONG,-1.0,0.273512
2024-12-09 12:20:00,2024-12-09 13:18:00,BTCUSDT,LONG,2.2,0.258337
2024-12-29 20:45:00,2024-12-29 21:52:00,BTCUSDT,LONG,-1.0,0.461319
2024-12-27 18:00:00,2024-12-28 14:18:00,BTCUSDT,LONG,2.2,0.494626
2025-01-03 20:00:00,2025-01-03 23:30:00,BTCUSDT,SHORT,2.2,0.249879
2025-02-12 18:15:00,2025-02-12 20:24:00,BTCUSDT,SHORT,-1.0,0.394272
2025-02-13 09:15:00,2025-02-13 11:51:00,BTCUSDT,LONG,-1.0,0.316177
2025-02-20 15:00:00,2025-02-20 16:41:00,BTCUSDT,SHORT,-1.0,0.571081
2025-03-10 19:30:00,2025-03-11 00:23:00,BTCUSDT,LONG,-1.0,0.960522
2025-04-06 23:45:00,2025-04-07 03:45:00,BTCUSDT,LONG,-1.0,0.794277
2025-03-17 12:15:00,2025-03-17 12:30:00,BTCUSDT,SHORT,-1.0,0.507969
2025-03-29 23:15:00,2025-03-29 23:55:00,BTCUSDT,LONG,2.2,0.137949
2025-04-02 17:30:00,2025-04-02 20:11:00,BTCUSDT,SHORT,2.2,0.376727
2025-04-12 16:45:00,2025-04-12 19:00:00,BTCUSDT,SHORT,-1.0,0.480217
2025-04-21 03:40:00,2025-04-21 05:47:00,BTCUSDT,SHORT,-1.0,0.225099
2025-04-19 15:40:00,2025-04-19 16:49:00,BTCUSDT,SHORT,2.2,0.287538
2025-04-30 16:45:00,2025-04-30 18:07:00,BTCUSDT,LONG,2.2,0.243863
2025-05-12 16:15:00,2025-05-12 18:05:00,BTCUSDT,LONG,-1.0,0.264115
2025-05-31 03:40:00,2025-05-31 12:53:00,BTCUSDT,LONG,2.2,0.243775
2025-05-21 11:15:00,2025-05-21 13:42:00,BTCUSDT,LONG,2.2,0.227683
2025-06-25 15:15:00,2025-06-25 21:03:00,BTCUSDT,SHORT,-1.0,0.374348
2025-07-06 23:00:00,2025-07-07 00:53:00,BTCUSDT,SHORT,2.2,0.173024
2025-08-05 16:15:00,2025-08-05 17:32:00,BTCUSDT,LONG,2.2,0.19184
2025-08-13 07:00:00,2025-08-13 08:44:00,BTCUSDT,LONG,2.2,0.230382
2025-09-03 18:30:00,2025-09-04 02:26:00,BTCUSDT,SHORT,2.2,0.259615
2025-09-23 03:30:00,2025-09-23 09:08:00,BTCUSDT,LONG,2.2,0.442237
2025-09-19 15:45:00,2025-09-19 17:54:00,BTCUSDT,LONG,-1.0,0.194365
2025-09-25 07:30:00,2025-09-25 09:27:00,BTCUSDT,LONG,2.2,0.193979
2025-11-07 21:15:00,2025-11-07 22:00:00,BTCUSDT,SHORT,-1.0,0.320592
2025-12-01 06:15:00,2025-12-01 08:07:00,BTCUSDT,LONG,2.2,0.313958
2025-12-15 21:30:00,2025-12-16 03:28:00,BTCUSDT,LONG,-1.0,0.360185
2025-12-15 00:00:00,2025-12-15 01:33:00,BTCUSDT,LONG,2.2,0.396513
2025-12-30 16:45:00,2025-12-30 19:10:00,BTCUSDT,SHORT,2.2,0.447094
2025-12-31 21:00:00,2026-01-01 17:21:00,BTCUSDT,LONG,2.2,0.312632
2026-01-28 18:45:00,2026-01-29 02:31:00,BTCUSDT,SHORT,2.2,0.679516
2026-02-25 21:15:00,2026-02-25 21:36:00,BTCUSDT,SHORT,-1.0,0.867258
2026-03-03 14:15:00,2026-03-03 14:44:00,BTCUSDT,LONG,-1.0,0.835223
2026-03-06 21:00:00,2026-03-07 03:13:00,BTCUSDT,LONG,2.2,0.283902
2026-03-27 01:15:00,2026-03-27 04:01:00,BTCUSDT,LONG,-1.0,0.286385
2026-06-03 04:15:00,2026-06-03 16:26:00,BTCUSDT,LONG,-1.0,0.908198
2026-04-16 15:40:00,2026-04-17 09:28:00,BTCUSDT,LONG,2.2,1.003093
2026-05-01 16:30:00,2026-05-01 18:22:00,BTCUSDT,SHORT,-1.0,0.286853
2026-05-23 01:20:00,2026-05-23 07:07:00,BTCUSDT,LONG,-1.0,0.199702
2026-05-21 15:15:00,2026-05-21 17:15:00,BTCUSDT,LONG,2.2,0.284937
2026-05-31 17:30:00,2026-05-31 21:47:00,BTCUSDT,LONG,2.2,0.178025
2023-07-01 09:30:00,2023-07-01 10:19:00,BTCUSDT,LONG,-1.0,0.073943
2023-10-20 12:30:00,2023-10-21 17:42:00,BTCUSDT,SHORT,-1.0,1.155816
2023-08-13 20:15:00,2023-08-13 22:14:00,BTCUSDT,SHORT,2.2,0.118247
2023-08-21 15:15:00,2023-08-21 19:42:00,BTCUSDT,SHORT,-1.0,0.419354
2023-08-28 18:00:00,2023-08-28 19:18:00,BTCUSDT,SHORT,2.2,0.108546
2023-08-29 11:00:00,2023-08-29 13:42:00,BTCUSDT,LONG,2.2,0.141131
2023-09-18 16:30:00,2023-09-18 17:19:00,BTCUSDT,SHORT,2.2,0.247402
2023-09-03 13:00:00,2023-09-03 18:20:00,BTCUSDT,SHORT,-1.0,0.460465
2023-09-17 21:30:00,2023-09-18 00:05:00,BTCUSDT,LONG,2.2,0.138418
2023-09-26 16:15:00,2023-09-26 21:21:00,BTCUSDT,LONG,-1.0,0.240048
2023-09-27 18:30:00,2023-09-28 00:14:00,BTCUSDT,LONG,2.2,0.29854
2023-10-08 15:30:00,2023-10-08 18:19:00,BTCUSDT,SHORT,2.2,0.156312
2023-10-29 19:15:00,2023-10-29 21:58:00,BTCUSDT,SHORT,2.2,0.26456
2023-10-28 13:30:00,2023-10-29 01:23:00,BTCUSDT,LONG,-1.0,0.302613
2023-11-01 13:40:00,2023-11-01 20:46:00,BTCUSDT,SHORT,-1.0,1.151833
2023-11-11 23:40:00,2023-11-12 00:49:00,BTCUSDT,LONG,-1.0,0.41978
2023-11-21 08:30:00,2023-11-21 11:18:00,BTCUSDT,LONG,-1.0,0.165295
2023-12-23 17:45:00,2023-12-23 18:33:00,BTCUSDT,SHORT,-1.0,0.12461
2023-12-28 19:15:00,2023-12-28 20:10:00,BTCUSDT,LONG,-1.0,0.293615
2023-12-31 11:40:00,2023-12-31 22:52:00,BTCUSDT,SHORT,2.2,0.475472
2024-01-16 15:20:00,2024-01-17 16:44:00,BTCUSDT,LONG,-1.0,1.263206
2024-01-29 22:15:00,2024-01-29 23:38:00,BTCUSDT,SHORT,-1.0,0.140389
2024-01-28 23:30:00,2024-01-29 03:11:00,BTCUSDT,LONG,2.2,0.47821
2024-02-03 16:45:00,2024-02-03 17:45:00,BTCUSDT,SHORT,-1.0,0.223825
2024-02-06 01:30:00,2024-02-06 02:09:00,BTCUSDT,LONG,2.2,0.141324
2024-02-18 21:00:00,2024-02-18 22:11:00,BTCUSDT,LONG,2.2,0.238999
2024-03-01 14:40:00,2024-03-01 20:30:00,BTCUSDT,SHORT,-1.0,0.75688
2024-03-06 15:40:00,2024-03-07 01:10:00,BTCUSDT,LONG,-1.0,0.94447
2024-04-07 06:20:00,2024-04-07 07:28:00,BTCUSDT,SHORT,-1.0,0.155677
2024-04-17 13:40:00,2024-04-17 14:05:00,BTCUSDT,LONG,-1.0,0.572596
2024-04-25 14:00:00,2024-04-25 15:51:00,BTCUSDT,LONG,2.2,0.560311
2024-05-16 00:40:00,2024-05-16 11:59:00,BTCUSDT,SHORT,-1.0,0.4837
2024-04-26 05:40:00,2024-04-26 10:51:00,BTCUSDT,LONG,-1.0,0.335332
2024-05-06 01:40:00,2024-05-06 02:59:00,BTCUSDT,SHORT,2.2,0.266097
2024-05-17 11:15:00,2024-05-17 12:52:00,BTCUSDT,SHORT,-1.0,0.224047
2024-05-30 05:15:00,2024-05-30 07:52:00,BTCUSDT,SHORT,2.2,0.301769
2024-06-07 12:40:00,2024-06-07 17:13:00,BTCUSDT,SHORT,2.2,0.537627
2024-10-29 07:15:00,2024-10-29 09:25:00,BTCUSDT,SHORT,-1.0,0.25251
2024-06-09 10:15:00,2024-06-09 11:41:00,BTCUSDT,SHORT,-1.0,0.041072
2024-06-16 23:30:00,2024-06-17 00:37:00,BTCUSDT,SHORT,-1.0,0.319112
2024-06-17 04:30:00,2024-06-17 06:15:00,BTCUSDT,LONG,-1.0,0.180331
2024-06-20 11:45:00,2024-06-20 12:23:00,BTCUSDT,SHORT,2.2,0.24736
2024-07-02 10:40:00,2024-07-02 12:46:00,BTCUSDT,LONG,2.2,0.22591
2024-07-21 17:00:00,2024-07-21 18:08:00,BTCUSDT,LONG,-1.0,1.534285
2024-07-22 15:40:00,2024-07-22 18:01:00,BTCUSDT,LONG,2.2,0.377937
2024-07-26 20:40:00,2024-07-26 21:27:00,BTCUSDT,SHORT,-1.0,0.464693
2024-08-08 13:40:00,2024-08-08 14:28:00,BTCUSDT,SHORT,-1.0,1.096093
2024-08-15 00:30:00,2024-08-15 01:56:00,BTCUSDT,LONG,-1.0,0.229701
2024-08-25 04:45:00,2024-08-25 06:41:00,BTCUSDT,LONG,-1.0,0.130695
2024-08-29 08:15:00,2024-08-29 09:02:00,BTCUSDT,SHORT,-1.0,0.131731
2024-09-02 14:30:00,2024-09-02 20:52:00,BTCUSDT,LONG,2.2,0.351778
2024-10-10 19:40:00,2024-10-11 01:56:00,BTCUSDT,LONG,2.2,0.74461
2024-09-22 03:15:00,2024-09-22 06:38:00,BTCUSDT,LONG,-1.0,0.302599
2024-09-24 15:00:00,2024-09-24 17:26:00,BTCUSDT,LONG,2.2,0.373065
2024-10-08 14:30:00,2024-10-09 18:11:00,BTCUSDT,SHORT,2.2,0.72338
2024-10-23 04:00:00,2024-10-23 06:20:00,BTCUSDT,LONG,2.2,0.150778
2024-11-04 05:30:00,2024-11-04 14:33:00,BTCUSDT,SHORT,2.2,0.444394
2024-12-03 16:40:00,2024-12-03 21:20:00,BTCUSDT,SHORT,-1.0,0.604331
2024-12-04 01:40:00,2024-12-04 02:12:00,BTCUSDT,LONG,-1.0,0.522716
2024-12-15 06:00:00,2024-12-15 11:56:00,BTCUSDT,SHORT,-1.0,0.44006
2024-12-11 07:40:00,2024-12-11 08:08:00,BTCUSDT,SHORT,-1.0,0.192602
2024-12-18 09:15:00,2024-12-18 11:35:00,BTCUSDT,LONG,2.2,0.313414
2025-01-06 21:40:00,2025-01-06 23:46:00,BTCUSDT,SHORT,-1.0,0.30387
2024-12-23 01:45:00,2024-12-23 02:16:00,BTCUSDT,LONG,-1.0,0.468578
2025-01-02 15:30:00,2025-01-02 16:25:00,BTCUSDT,SHORT,-1.0,0.478484
2025-01-05 12:15:00,2025-01-05 12:47:00,BTCUSDT,LONG,2.2,0.074422
2025-01-05 23:20:00,2025-01-06 00:25:00,BTCUSDT,SHORT,-1.0,0.221036
2025-01-19 09:45:00,2025-01-19 19:52:00,BTCUSDT,LONG,2.2,0.583851
2025-01-27 03:15:00,2025-01-27 04:18:00,BTCUSDT,LONG,-1.0,0.410421
2025-01-30 06:30:00,2025-01-30 07:13:00,BTCUSDT,SHORT,2.2,0.186369
2025-02-06 11:15:00,2025-02-06 11:47:00,BTCUSDT,SHORT,-1.0,0.253316
2025-02-07 15:15:00,2025-02-07 20:04:00,BTCUSDT,SHORT,2.2,1.068902
2025-02-07 03:30:00,2025-02-07 04:24:00,BTCUSDT,SHORT,-1.0,0.303246
2025-02-11 02:20:00,2025-02-11 04:46:00,BTCUSDT,SHORT,-1.0,0.211531
2025-05-01 13:40:00,2025-05-01 14:37:00,BTCUSDT,SHORT,-1.0,0.323098
2025-03-16 19:00:00,2025-03-17 19:46:00,BTCUSDT,SHORT,-1.0,1.079976
2025-04-04 22:45:00,2025-04-05 00:40:00,BTCUSDT,SHORT,2.2,0.286315
2025-04-05 20:15:00,2025-04-05 21:23:00,BTCUSDT,LONG,2.2,0.146176
2025-04-16 02:00:00,2025-04-16 05:24:00,BTCUSDT,LONG,-1.0,0.377616
2025-04-26 23:40:00,2025-04-27 01:13:00,BTCUSDT,SHORT,-1.0,0.497473
2025-04-27 20:15:00,2025-04-27 20:58:00,BTCUSDT,SHORT,2.2,0.044777
2025-04-28 17:40:00,2025-04-28 19:02:00,BTCUSDT,LONG,2.2,0.246708
2025-11-15 00:15:00,2025-11-15 03:25:00,BTCUSDT,LONG,2.2,0.763007
2025-11-14 14:40:00,2025-11-14 18:59:00,BTCUSDT,LONG,-1.0,0.944844
2025-05-30 01:30:00,2025-05-30 07:45:00,BTCUSDT,LONG,-1.0,0.606465
2025-05-25 01:30:00,2025-05-25 08:32:00,BTCUSDT,LONG,-1.0,0.319814
2025-06-04 15:00:00,2025-06-05 06:51:00,BTCUSDT,LONG,-1.0,0.471777
2025-06-07 14:15:00,2025-06-07 18:04:00,BTCUSDT,SHORT,-1.0,0.1433
2025-06-11 12:45:00,2025-06-11 14:22:00,BTCUSDT,LONG,2.2,0.339727
2025-06-14 08:45:00,2025-06-14 09:48:00,BTCUSDT,LONG,-1.0,0.142521
2025-06-25 03:45:00,2025-06-25 07:43:00,BTCUSDT,SHORT,-1.0,0.274006
2025-06-23 14:30:00,2025-06-23 16:14:00,BTCUSDT,SHORT,2.2,0.411004
2025-07-01 20:30:00,2025-07-02 01:16:00,BTCUSDT,LONG,-1.0,0.236984
2025-08-29 21:30:00,2025-08-30 01:56:00,BTCUSDT,LONG,-1.0,0.303463
2025-08-25 14:15:00,2025-08-25 19:56:00,BTCUSDT,LONG,-1.0,0.722648
2025-07-13 08:20:00,2025-07-13 11:25:00,BTCUSDT,SHORT,-1.0,0.119054
2025-07-18 19:30:00,2025-07-18 20:23:00,BTCUSDT,LONG,-1.0,0.340612
2025-07-22 01:40:00,2025-07-22 11:06:00,BTCUSDT,LONG,2.2,0.690097
2025-07-23 15:45:00,2025-07-23 16:34:00,BTCUSDT,LONG,-1.0,0.45105
2025-07-24 18:45:00,2025-07-24 19:11:00,BTCUSDT,SHORT,-1.0,0.155383
2025-07-24 02:15:00,2025-07-24 03:26:00,BTCUSDT,SHORT,-1.0,0.180024
2025-08-10 16:30:00,2025-08-10 20:12:00,BTCUSDT,SHORT,2.2,0.187499
2025-08-09 20:30:00,2025-08-09 21:25:00,BTCUSDT,LONG,-1.0,0.120117
2025-10-02 04:30:00,2025-10-02 10:01:00,BTCUSDT,SHORT,-1.0,0.250248
2025-08-31 19:15:00,2025-08-31 22:25:00,BTCUSDT,SHORT,-1.0,0.097335
2025-09-08 00:00:00,2025-09-08 07:26:00,BTCUSDT,SHORT,-1.0,0.254243
2025-09-09 21:00:00,2025-09-10 00:26:00,BTCUSDT,LONG,-1.0,0.2003
2025-09-15 01:30:00,2025-09-15 03:20:00,BTCUSDT,LONG,2.2,0.177631
2025-09-13 17:40:00,2025-09-14 02:08:00,BTCUSDT,LONG,2.2,0.21055
2025-09-17 19:20:00,2025-09-17 22:53:00,BTCUSDT,LONG,2.2,0.435601
2025-09-23 21:00:00,2025-09-24 04:03:00,BTCUSDT,LONG,-1.0,0.252616
2025-10-20 09:20:00,2025-10-20 15:07:00,BTCUSDT,SHORT,-1.0,0.487085
2025-10-22 12:30:00,2025-10-22 21:01:00,BTCUSDT,LONG,-1.0,0.742264
2025-11-03 09:00:00,2025-11-03 10:59:00,BTCUSDT,LONG,-1.0,0.50192
2025-11-13 07:45:00,2025-11-13 09:08:00,BTCUSDT,SHORT,2.2,0.328402
2025-11-25 15:45:00,2025-11-25 17:34:00,BTCUSDT,LONG,2.2,0.577096
2025-12-07 04:30:00,2025-12-07 07:19:00,BTCUSDT,SHORT,2.2,0.121699
2025-12-11 04:20:00,2025-12-11 14:53:00,BTCUSDT,LONG,-1.0,0.413929
2025-12-13 02:15:00,2025-12-13 08:16:00,BTCUSDT,LONG,2.2,0.112004
2025-12-19 12:20:00,2025-12-19 14:16:00,BTCUSDT,SHORT,-1.0,0.217494
2025-12-21 18:45:00,2025-12-21 23:02:00,BTCUSDT,LONG,2.2,0.244108
2025-12-26 17:30:00,2025-12-26 20:45:00,BTCUSDT,LONG,2.2,0.294089
2026-01-08 10:30:00,2026-01-08 12:11:00,BTCUSDT,LONG,-1.0,0.263828
2026-01-11 06:20:00,2026-01-11 12:18:00,BTCUSDT,SHORT,-1.0,0.114029
2026-01-12 17:30:00,2026-01-13 05:20:00,BTCUSDT,SHORT,-1.0,0.422701
2026-01-20 10:15:00,2026-01-20 13:11:00,BTCUSDT,LONG,-1.0,0.192841
2026-01-24 01:15:00,2026-01-24 02:06:00,BTCUSDT,LONG,2.2,0.054429
2026-01-29 12:15:00,2026-01-29 14:31:00,BTCUSDT,LONG,-1.0,0.146096
2026-02-02 18:15:00,2026-02-02 20:49:00,BTCUSDT,SHORT,2.2,0.392708
2026-02-17 12:15:00,2026-02-17 13:03:00,BTCUSDT,LONG,-1.0,0.322503
2026-03-09 10:30:00,2026-03-09 12:37:00,BTCUSDT,SHORT,-1.0,0.593698
2026-03-12 15:30:00,2026-03-13 00:15:00,BTCUSDT,LONG,2.2,0.756884
2026-03-18 20:40:00,2026-03-19 04:25:00,BTCUSDT,LONG,-1.0,0.579859
2026-04-06 01:15:00,2026-04-06 02:33:00,BTCUSDT,SHORT,-1.0,0.567151
2026-04-05 06:45:00,2026-04-05 10:36:00,BTCUSDT,LONG,2.2,0.184946
2026-04-30 00:40:00,2026-04-30 02:31:00,BTCUSDT,LONG,-1.0,0.335611
2026-04-24 05:40:00,2026-04-24 09:08:00,BTCUSDT,LONG,-1.0,0.216643
2026-04-27 09:00:00,2026-04-27 14:36:00,BTCUSDT,LONG,2.2,0.273794
2026-05-03 05:15:00,2026-05-03 06:05:00,BTCUSDT,LONG,-1.0,0.087649
2026-05-21 21:45:00,2026-05-21 22:37:00,BTCUSDT,SHORT,2.2,0.078885
2023-06-26 05:45:00,2023-06-26 06:44:00,ETHUSDT,LONG,2.2,0.193197
2023-06-30 13:40:00,2023-06-30 17:01:00,ETHUSDT,SHORT,-1.0,1.470948
2023-06-27 15:15:00,2023-06-27 16:42:00,ETHUSDT,SHORT,-1.0,0.646084
2023-06-27 13:15:00,2023-06-27 14:04:00,ETHUSDT,SHORT,-1.0,0.320778
2023-06-29 12:40:00,2023-06-29 13:17:00,ETHUSDT,SHORT,-1.0,0.4023
2023-07-05 20:30:00,2023-07-06 00:33:00,ETHUSDT,LONG,-1.0,0.192647
2023-07-11 14:40:00,2023-07-12 01:06:00,ETHUSDT,LONG,2.2,0.324684
2023-07-26 21:30:00,2023-07-27 09:45:00,ETHUSDT,SHORT,-1.0,0.347413
2023-08-08 22:15:00,2023-08-09 13:00:00,ETHUSDT,SHORT,-1.0,0.557989
2023-08-03 13:15:00,2023-08-03 14:04:00,ETHUSDT,LONG,2.2,0.107112
2023-08-06 11:00:00,2023-08-06 12:42:00,ETHUSDT,LONG,-1.0,0.094887
2023-09-01 11:40:00,2023-09-01 13:41:00,ETHUSDT,LONG,-1.0,0.196958
2023-09-01 00:15:00,2023-09-01 06:38:00,ETHUSDT,LONG,-1.0,0.221205
2023-09-21 02:00:00,2023-09-21 03:43:00,ETHUSDT,LONG,2.2,0.152663
2023-09-25 20:30:00,2023-09-26 06:12:00,ETHUSDT,SHORT,-1.0,0.249389
2023-10-28 11:40:00,2023-10-28 22:33:00,ETHUSDT,SHORT,2.2,0.482697
2023-11-08 20:30:00,2023-11-08 21:03:00,ETHUSDT,SHORT,-1.0,0.28511
2023-11-20 18:30:00,2023-11-20 21:19:00,ETHUSDT,SHORT,2.2,0.676005
2023-12-07 06:00:00,2023-12-07 06:46:00,ETHUSDT,SHORT,2.2,0.090959
2023-12-10 21:30:00,2023-12-10 23:17:00,ETHUSDT,SHORT,2.2,0.327938
2023-12-22 16:45:00,2023-12-22 18:11:00,ETHUSDT,SHORT,-1.0,0.714541
2023-12-18 06:30:00,2023-12-18 08:11:00,ETHUSDT,LONG,-1.0,0.279076
2023-12-20 15:45:00,2023-12-20 16:53:00,ETHUSDT,SHORT,2.2,0.306805
2024-01-23 15:15:00,2024-01-25 17:08:00,ETHUSDT,LONG,-1.0,1.234097
2024-02-13 01:00:00,2024-02-13 03:11:00,ETHUSDT,SHORT,2.2,0.403312
2024-02-02 01:40:00,2024-02-02 07:32:00,ETHUSDT,SHORT,-1.0,0.322676
2024-02-04 14:40:00,2024-02-04 17:44:00,ETHUSDT,SHORT,-1.0,0.133433
2024-03-17 00:15:00,2024-03-17 06:39:00,ETHUSDT,LONG,-1.0,1.495021
2024-03-14 16:45:00,2024-03-14 18:20:00,ETHUSDT,LONG,-1.0,0.809289
2024-03-26 10:30:00,2024-03-26 13:35:00,ETHUSDT,SHORT,2.2,0.373915
2024-04-08 13:40:00,2024-04-08 16:54:00,ETHUSDT,SHORT,-1.0,0.535419
2024-04-12 06:15:00,2024-04-12 07:41:00,ETHUSDT,SHORT,2.2,0.313733
2024-04-30 14:40:00,2024-04-30 15:11:00,ETHUSDT,LONG,-1.0,0.525002
2024-06-15 15:45:00,2024-06-15 20:19:00,ETHUSDT,SHORT,2.2,0.4219
2024-06-20 08:40:00,2024-06-20 11:05:00,ETHUSDT,SHORT,-1.0,0.426664
2024-06-24 04:45:00,2024-06-24 05:19:00,ETHUSDT,LONG,-1.0,0.402149
2024-06-28 20:15:00,2024-06-28 22:19:00,ETHUSDT,LONG,-1.0,0.411616
2024-07-16 00:30:00,2024-07-16 05:23:00,ETHUSDT,SHORT,2.2,0.443229
2024-07-08 02:00:00,2024-07-08 02:32:00,ETHUSDT,LONG,2.2,0.652703
2024-07-07 20:15:00,2024-07-07 21:10:00,ETHUSDT,LONG,-1.0,0.220782
2024-11-23 16:20:00,2024-11-24 11:06:00,ETHUSDT,SHORT,2.2,1.103107
2024-08-08 13:40:00,2024-08-08 14:47:00,ETHUSDT,SHORT,-1.0,1.968066
2024-08-28 02:00:00,2024-08-28 03:15:00,ETHUSDT,LONG,2.2,0.580903
2024-08-16 16:15:00,2024-08-16 17:59:00,ETHUSDT,LONG,2.2,0.664623
2024-08-21 20:45:00,2024-08-22 02:51:00,ETHUSDT,SHORT,2.2,0.636346
2024-09-20 08:15:00,2024-09-20 13:15:00,ETHUSDT,SHORT,2.2,0.411399
2024-09-04 17:30:00,2024-09-05 03:07:00,ETHUSDT,SHORT,2.2,0.707192
2024-09-19 13:45:00,2024-09-19 16:08:00,ETHUSDT,SHORT,-1.0,0.510349
2024-09-26 00:00:00,2024-09-26 00:48:00,ETHUSDT,LONG,-1.0,0.63413
2024-09-27 09:30:00,2024-09-27 14:11:00,ETHUSDT,SHORT,-1.0,0.372685
2024-10-10 19:40:00,2024-10-11 01:55:00,ETHUSDT,LONG,2.2,0.86619
2024-10-12 02:20:00,2024-10-12 04:31:00,ETHUSDT,SHORT,-1.0,0.271251
2024-10-23 19:00:00,2024-10-24 00:56:00,ETHUSDT,LONG,2.2,1.057771
2024-10-27 22:45:00,2024-10-28 00:19:00,ETHUSDT,SHORT,2.2,0.249801
2024-11-18 07:30:00,2024-11-18 09:26:00,ETHUSDT,SHORT,2.2,0.358028
2024-11-20 03:45:00,2024-11-20 08:15:00,ETHUSDT,LONG,2.2,0.38683
2024-11-24 18:15:00,2024-11-24 20:28:00,ETHUSDT,LONG,2.2,0.346606
2024-12-04 10:45:00,2024-12-04 11:31:00,ETHUSDT,SHORT,-1.0,0.513791
2024-12-19 03:00:00,2024-12-19 17:23:00,ETHUSDT,LONG,-1.0,1.878718
2024-12-18 07:15:00,2024-12-18 12:15:00,ETHUSDT,LONG,2.2,0.627812
2024-12-24 16:45:00,2024-12-24 18:12:00,ETHUSDT,SHORT,-1.0,0.953161
2025-01-02 15:30:00,2025-01-03 14:10:00,ETHUSDT,SHORT,-1.0,0.719982
2024-12-29 23:40:00,2024-12-30 01:02:00,ETHUSDT,LONG,2.2,0.553184
2025-01-18 11:40:00,2025-01-19 02:38:00,ETHUSDT,LONG,2.2,1.204644
2025-01-23 17:00:00,2025-01-23 19:54:00,ETHUSDT,SHORT,2.2,0.872895
2025-05-09 09:15:00,2025-05-10 16:16:00,ETHUSDT,SHORT,-1.0,3.715871
2025-05-09 03:45:00,2025-05-09 06:17:00,ETHUSDT,SHORT,-1.0,0.598849
2026-06-05 20:15:00,2026-06-06 04:05:00,ETHUSDT,LONG,-1.0,1.665898
2025-05-04 02:40:00,2025-05-04 05:25:00,ETHUSDT,SHORT,-1.0,0.480548
2025-05-23 13:30:00,2025-05-23 23:36:00,ETHUSDT,LONG,-1.0,1.499698
2025-05-24 12:15:00,2025-05-24 21:21:00,ETHUSDT,SHORT,2.2,0.38489
2025-06-13 07:00:00,2025-06-13 12:04:00,ETHUSDT,LONG,2.2,0.641177
2026-01-31 19:15:00,2026-02-01 15:31:00,ETHUSDT,LONG,-1.0,4.166174
2025-07-08 14:15:00,2025-07-08 17:05:00,ETHUSDT,SHORT,-1.0,0.532736
2025-11-18 03:40:00,2025-11-18 04:47:00,ETHUSDT,LONG,-1.0,1.390661
2025-07-27 19:40:00,2025-07-27 22:15:00,ETHUSDT,SHORT,-1.0,0.484895
2025-07-26 11:30:00,2025-07-26 22:22:00,ETHUSDT,SHORT,-1.0,0.59175
2025-08-01 02:15:00,2025-08-01 06:43:00,ETHUSDT,LONG,-1.0,1.55251
2025-09-02 13:40:00,2025-09-02 16:24:00,ETHUSDT,LONG,-1.0,0.854312
2025-09-04 01:15:00,2025-09-04 01:32:00,ETHUSDT,SHORT,-1.0,0.327511
2025-09-11 08:15:00,2025-09-11 09:32:00,ETHUSDT,SHORT,2.2,0.245101
2025-09-19 20:30:00,2025-09-20 14:48:00,ETHUSDT,LONG,2.2,0.375185
2025-10-17 09:30:00,2025-10-17 10:21:00,ETHUSDT,LONG,-1.0,1.188718
2025-10-16 21:30:00,2025-10-17 00:40:00,ETHUSDT,LONG,2.2,0.677888
2025-11-08 14:45:00,2025-11-08 16:04:00,ETHUSDT,LONG,-1.0,0.852855
2025-11-12 17:40:00,2025-11-12 19:28:00,ETHUSDT,LONG,-1.0,1.002323
2025-12-04 03:30:00,2025-12-04 04:42:00,ETHUSDT,SHORT,2.2,0.254791
2025-11-20 05:30:00,2025-11-20 06:51:00,ETHUSDT,SHORT,2.2,0.517792
2026-01-14 04:45:00,2026-01-14 10:36:00,ETHUSDT,SHORT,2.2,0.480895
2026-01-25 21:00:00,2026-01-25 22:33:00,ETHUSDT,LONG,-1.0,0.480581
2025-12-22 02:45:00,2025-12-22 11:48:00,ETHUSDT,LONG,2.2,0.761509
2026-01-02 11:15:00,2026-01-02 14:18:00,ETHUSDT,SHORT,2.2,0.302421
2026-01-12 15:30:00,2026-01-13 15:58:00,ETHUSDT,LONG,2.2,1.045829
2026-02-04 05:40:00,2026-02-04 07:39:00,ETHUSDT,SHORT,-1.0,0.778423
2026-02-22 21:40:00,2026-02-22 23:05:00,ETHUSDT,LONG,2.2,0.317569
2026-03-03 14:15:00,2026-03-03 14:42:00,ETHUSDT,LONG,-1.0,0.96842
2026-03-06 18:15:00,2026-03-07 19:27:00,ETHUSDT,LONG,-1.0,0.612951
2026-03-29 23:15:00,2026-03-30 02:47:00,ETHUSDT,LONG,2.2,1.410787
2026-03-27 04:45:00,2026-03-27 05:15:00,ETHUSDT,LONG,2.2,0.283153
2026-04-01 22:15:00,2026-04-02 01:05:00,ETHUSDT,SHORT,2.2,0.434633
2026-04-06 17:00:00,2026-04-06 23:00:00,ETHUSDT,SHORT,2.2,0.903251
2026-05-28 07:00:00,2026-05-28 14:05:00,ETHUSDT,LONG,-1.0,0.516034
2026-04-18 14:40:00,2026-04-18 18:32:00,ETHUSDT,LONG,-1.0,0.38186
2023-06-25 16:45:00,2023-06-25 18:11:00,ETHUSDT,LONG,-1.0,0.354759
2023-07-02 15:30:00,2023-07-02 17:23:00,ETHUSDT,SHORT,2.2,0.238861
2023-07-08 17:15:00,2023-07-08 19:16:00,ETHUSDT,SHORT,2.2,0.116604
2023-07-10 17:30:00,2023-07-10 18:26:00,ETHUSDT,SHORT,-1.0,0.11204
2023-07-10 12:40:00,2023-07-10 13:35:00,ETHUSDT,SHORT,-1.0,0.118705
2023-07-20 11:00:00,2023-07-20 14:17:00,ETHUSDT,SHORT,2.2,0.243863
2023-07-22 14:00:00,2023-07-22 16:37:00,ETHUSDT,LONG,2.2,0.068311
2023-07-26 16:30:00,2023-07-26 17:58:00,ETHUSDT,SHORT,2.2,0.12571
2023-07-28 17:15:00,2023-07-29 19:07:00,ETHUSDT,SHORT,-1.0,0.207461
2023-07-30 08:45:00,2023-07-30 09:15:00,ETHUSDT,LONG,-1.0,0.081985
2023-08-06 21:45:00,2023-08-07 00:35:00,ETHUSDT,SHORT,2.2,0.166172
2023-08-10 14:40:00,2023-08-11 16:44:00,ETHUSDT,SHORT,2.2,0.416545
2023-08-10 03:00:00,2023-08-10 12:30:00,ETHUSDT,SHORT,-1.0,0.15267
2023-08-21 11:20:00,2023-08-21 14:09:00,ETHUSDT,LONG,2.2,0.321961
2023-08-21 15:15:00,2023-08-22 15:52:00,ETHUSDT,SHORT,2.2,0.5805
2023-08-28 18:00:00,2023-08-28 19:23:00,ETHUSDT,SHORT,2.2,0.178193
2023-09-03 21:30:00,2023-09-04 11:28:00,ETHUSDT,SHORT,2.2,0.264247
2023-09-03 15:40:00,2023-09-03 16:39:00,ETHUSDT,SHORT,2.2,0.195786
2023-09-05 12:20:00,2023-09-05 12:51:00,ETHUSDT,SHORT,-1.0,0.261618
2023-09-05 13:00:00,2023-09-05 14:33:00,ETHUSDT,LONG,-1.0,0.312114
2023-10-10 21:15:00,2023-10-11 02:34:00,ETHUSDT,LONG,-1.0,0.534126
2023-09-17 18:40:00,2023-09-17 20:41:00,ETHUSDT,LONG,-1.0,0.288386
2023-09-23 16:45:00,2023-09-23 18:19:00,ETHUSDT,LONG,2.2,0.130171
2023-10-15 01:20:00,2023-10-15 01:43:00,ETHUSDT,LONG,-1.0,0.142936
2023-11-01 13:30:00,2023-11-01 18:34:00,ETHUSDT,SHORT,-1.0,0.669267
2023-11-02 17:45:00,2023-11-03 00:34:00,ETHUSDT,LONG,-1.0,0.562277
2025-02-28 09:30:00,2025-02-28 15:25:00,ETHUSDT,LONG,2.2,1.826486
2023-12-07 11:15:00,2023-12-07 11:46:00,ETHUSDT,LONG,-1.0,0.249779
2023-12-26 10:30:00,2023-12-26 16:12:00,ETHUSDT,LONG,-1.0,0.515887
2024-01-02 05:45:00,2024-01-02 08:14:00,ETHUSDT,SHORT,-1.0,0.312757
2024-01-07 14:20:00,2024-01-07 15:27:00,ETHUSDT,SHORT,2.2,0.277611
2024-02-04 17:00:00,2024-02-04 17:21:00,ETHUSDT,LONG,-1.0,0.157791
2024-02-21 12:30:00,2024-02-21 13:53:00,ETHUSDT,LONG,-1.0,0.721893
2024-03-15 05:15:00,2024-03-15 05:43:00,ETHUSDT,LONG,-1.0,0.563895
2024-03-20 17:15:00,2024-03-20 20:37:00,ETHUSDT,LONG,2.2,2.791458
2024-03-22 00:45:00,2024-03-22 01:50:00,ETHUSDT,SHORT,2.2,0.305537
2024-03-24 03:15:00,2024-03-24 08:13:00,ETHUSDT,SHORT,-1.0,0.748206
2024-03-29 18:30:00,2024-03-30 11:34:00,ETHUSDT,LONG,2.2,0.777941
2024-04-03 14:15:00,2024-04-03 18:18:00,ETHUSDT,LONG,-1.0,1.044379
2024-04-05 03:15:00,2024-04-05 05:19:00,ETHUSDT,LONG,-1.0,0.579162
2024-04-15 09:00:00,2024-04-15 11:04:00,ETHUSDT,SHORT,-1.0,0.54742
2024-04-26 21:45:00,2024-04-26 22:25:00,ETHUSDT,LONG,-1.0,0.245075
2024-05-06 09:00:00,2024-05-06 10:31:00,ETHUSDT,SHORT,2.2,0.361967
2024-05-08 10:00:00,2024-05-08 11:10:00,ETHUSDT,LONG,-1.0,0.383239
2024-06-03 22:45:00,2024-06-04 00:19:00,ETHUSDT,LONG,-1.0,0.753187
2024-06-13 14:00:00,2024-06-13 15:38:00,ETHUSDT,SHORT,2.2,0.63922
2024-06-30 16:15:00,2024-06-30 17:18:00,ETHUSDT,SHORT,-1.0,0.097097
2024-08-03 21:30:00,2024-08-04 14:33:00,ETHUSDT,LONG,-1.0,0.83989
2024-07-12 02:00:00,2024-07-12 04:32:00,ETHUSDT,LONG,-1.0,0.636399
2024-07-18 13:45:00,2024-07-18 14:35:00,ETHUSDT,SHORT,2.2,0.400579
2024-07-23 00:40:00,2024-07-23 05:22:00,ETHUSDT,LONG,-1.0,0.657598
2024-07-22 11:45:00,2024-07-22 13:29:00,ETHUSDT,LONG,-1.0,0.180801
2024-07-23 18:40:00,2024-07-24 16:09:00,ETHUSDT,LONG,-1.0,0.968727
2024-07-28 14:15:00,2024-07-28 18:30:00,ETHUSDT,SHORT,-1.0,0.225281
2024-07-31 14:30:00,2024-07-31 16:46:00,ETHUSDT,SHORT,2.2,0.527291
2024-11-08 02:30:00,2024-11-08 05:52:00,ETHUSDT,SHORT,-1.0,0.520608
2024-08-13 22:15:00,2024-08-13 23:40:00,ETHUSDT,SHORT,2.2,0.3607
2024-09-05 07:15:00,2024-09-05 10:22:00,ETHUSDT,LONG,-1.0,0.90831
2024-09-05 15:00:00,2024-09-06 07:21:00,ETHUSDT,SHORT,2.2,0.832818
2024-09-11 13:40:00,2024-09-11 16:54:00,ETHUSDT,SHORT,-1.0,1.0313
2024-10-14 16:15:00,2024-10-14 22:42:00,ETHUSDT,SHORT,-1.0,0.430472
2024-10-12 15:45:00,2024-10-12 16:14:00,ETHUSDT,SHORT,-1.0,0.3638
2024-11-02 18:45:00,2024-11-02 22:09:00,ETHUSDT,LONG,2.2,0.19744
2024-11-05 15:20:00,2024-11-05 17:07:00,ETHUSDT,SHORT,-1.0,0.768327
2024-12-12 16:40:00,2024-12-12 18:39:00,ETHUSDT,SHORT,2.2,0.473643
2025-01-06 06:15:00,2025-01-06 07:18:00,ETHUSDT,SHORT,2.2,0.389325
2024-12-22 03:30:00,2024-12-22 04:44:00,ETHUSDT,LONG,-1.0,0.476992
2024-12-23 13:15:00,2024-12-23 13:38:00,ETHUSDT,SHORT,2.2,0.38044
2025-01-02 13:15:00,2025-01-02 14:04:00,ETHUSDT,SHORT,2.2,0.294328
2025-01-12 18:45:00,2025-01-12 21:16:00,ETHUSDT,SHORT,2.2,0.279665
2025-02-02 00:15:00,2025-02-02 03:01:00,ETHUSDT,LONG,-1.0,0.674193
2025-02-05 17:00:00,2025-02-05 18:13:00,ETHUSDT,LONG,-1.0,1.195776
2025-02-14 11:00:00,2025-02-14 11:41:00,ETHUSDT,SHORT,2.2,0.270386
2025-02-09 22:30:00,2025-02-10 13:46:00,ETHUSDT,LONG,2.2,1.527801
2025-02-16 14:45:00,2025-02-16 18:11:00,ETHUSDT,LONG,-1.0,0.327341
2025-03-24 16:30:00,2025-03-24 17:29:00,ETHUSDT,SHORT,-1.0,0.550643
2025-03-23 18:45:00,2025-03-23 21:14:00,ETHUSDT,LONG,-1.0,0.253276
2025-04-04 23:15:00,2025-04-05 00:56:00,ETHUSDT,SHORT,-1.0,0.432724
2025-05-03 22:00:00,2025-05-03 23:28:00,ETHUSDT,SHORT,2.2,0.223214
2025-05-06 03:40:00,2025-05-06 08:17:00,ETHUSDT,LONG,-1.0,0.452149
2025-05-18 20:45:00,2025-05-18 23:52:00,ETHUSDT,LONG,2.2,1.727547
2025-05-31 04:30:00,2025-05-31 10:14:00,ETHUSDT,LONG,2.2,0.344417
2025-06-02 18:45:00,2025-06-02 21:50:00,ETHUSDT,SHORT,-1.0,0.50382
2025-06-04 15:00:00,2025-06-04 20:23:00,ETHUSDT,LONG,-1.0,0.999733
2025-07-10 07:45:00,2025-07-10 17:06:00,ETHUSDT,SHORT,-1.0,0.649178
2025-07-03 12:45:00,2025-07-03 13:37:00,ETHUSDT,SHORT,-1.0,1.145548
2025-06-20 01:15:00,2025-06-20 01:48:00,ETHUSDT,SHORT,-1.0,0.202814
2025-06-30 01:15:00,2025-06-30 04:58:00,ETHUSDT,SHORT,2.2,0.330341
2025-06-26 00:15:00,2025-06-26 01:28:00,ETHUSDT,LONG,2.2,0.334383
2025-06-26 14:40:00,2025-06-26 15:29:00,ETHUSDT,LONG,-1.0,0.634733
2025-06-27 05:20:00,2025-06-27 07:13:00,ETHUSDT,SHORT,-1.0,0.342641
2025-07-07 19:00:00,2025-07-08 11:05:00,ETHUSDT,LONG,2.2,0.727091
2025-07-30 04:40:00,2025-07-30 05:16:00,ETHUSDT,SHORT,2.2,0.303622
2025-09-09 22:15:00,2025-09-10 00:26:00,ETHUSDT,LONG,-1.0,0.220683
2025-09-17 14:30:00,2025-09-17 17:40:00,ETHUSDT,SHORT,-1.0,0.35034
2025-09-30 18:15:00,2025-09-30 19:22:00,ETHUSDT,LONG,2.2,0.21869
2025-10-04 13:15:00,2025-10-04 14:54:00,ETHUSDT,LONG,-1.0,0.316572
2025-10-19 19:15:00,2025-10-19 20:58:00,ETHUSDT,SHORT,-1.0,0.241517
2025-10-30 05:40:00,2025-10-30 12:24:00,ETHUSDT,LONG,-1.0,0.972954
2025-10-28 14:40:00,2025-10-28 19:18:00,ETHUSDT,SHORT,2.2,0.631106
2025-12-01 20:15:00,2025-12-01 21:08:00,ETHUSDT,LONG,2.2,0.421326
2025-12-15 01:40:00,2025-12-15 14:56:00,ETHUSDT,LONG,-1.0,1.631498
2026-01-04 05:00:00,2026-01-04 06:06:00,ETHUSDT,SHORT,-1.0,0.282296
2025-12-21 18:45:00,2025-12-21 21:51:00,ETHUSDT,LONG,-1.0,0.355009
2025-12-26 17:30:00,2025-12-27 22:14:00,ETHUSDT,LONG,2.2,0.367607
2026-01-24 01:15:00,2026-01-24 02:16:00,ETHUSDT,LONG,2.2,0.094244
2026-01-25 01:30:00,2026-01-25 03:16:00,ETHUSDT,SHORT,2.2,0.095178
2026-01-27 17:15:00,2026-01-27 20:11:00,ETHUSDT,SHORT,-1.0,0.865122
2026-03-02 17:40:00,2026-03-03 08:30:00,ETHUSDT,SHORT,2.2,1.448002
2026-03-02 02:00:00,2026-03-02 05:44:00,ETHUSDT,SHORT,-1.0,0.765227
2026-03-13 02:30:00,2026-03-13 06:28:00,ETHUSDT,SHORT,2.2,0.402391
2026-04-04 07:15:00,2026-04-04 10:12:00,ETHUSDT,SHORT,2.2,0.121818
2026-04-05 19:45:00,2026-04-05 20:37:00,ETHUSDT,SHORT,-1.0,0.239295
2026-05-23 09:00:00,2026-05-23 13:06:00,ETHUSDT,LONG,2.2,0.232791
2026-04-12 16:00:00,2026-04-12 17:51:00,ETHUSDT,LONG,2.2,0.285369
2026-04-15 23:00:00,2026-04-16 07:53:00,ETHUSDT,SHORT,2.2,0.471104
2026-04-26 04:15:00,2026-04-26 04:48:00,ETHUSDT,LONG,2.2,0.106125
2023-09-06 17:40:00,2023-09-07 21:09:00,SOLUSDT,LONG,2.2,1.008542
2023-08-11 03:45:00,2023-08-11 09:40:00,SOLUSDT,SHORT,2.2,0.588473
2023-08-16 16:45:00,2023-08-16 18:20:00,SOLUSDT,LONG,2.2,0.799758
2023-08-13 17:20:00,2023-08-13 22:11:00,SOLUSDT,LONG,-1.0,0.534389
2023-08-21 11:30:00,2023-08-21 13:28:00,SOLUSDT,LONG,-1.0,0.525394
2023-09-18 16:15:00,2023-09-18 17:31:00,SOLUSDT,SHORT,2.2,0.686958
2023-09-25 01:00:00,2023-09-26 15:30:00,SOLUSDT,LONG,-1.0,1.174436
2023-09-25 14:30:00,2023-09-25 16:04:00,SOLUSDT,SHORT,-1.0,0.437206
2023-10-07 20:15:00,2023-10-07 21:55:00,SOLUSDT,LONG,2.2,0.286997
2023-10-13 22:45:00,2023-10-14 08:00:00,SOLUSDT,SHORT,-1.0,0.899977
2023-10-28 06:45:00,2023-10-28 11:20:00,SOLUSDT,SHORT,-1.0,0.485377
2023-11-15 05:00:00,2023-11-15 07:26:00,SOLUSDT,LONG,2.2,1.370186
2023-11-21 16:00:00,2023-11-21 17:45:00,SOLUSDT,LONG,-1.0,2.019347
2023-11-29 20:40:00,2023-11-30 03:24:00,SOLUSDT,SHORT,-1.0,0.875959
2023-11-25 20:45:00,2023-11-26 01:35:00,SOLUSDT,SHORT,2.2,0.778457
2023-11-27 21:15:00,2023-11-28 09:40:00,SOLUSDT,LONG,2.2,1.095563
2026-06-05 07:30:00,2026-06-05 13:59:00,SOLUSDT,LONG,-1.0,1.444812
2023-12-19 11:15:00,2023-12-19 14:13:00,SOLUSDT,SHORT,2.2,0.523218
2024-01-30 03:15:00,2024-01-30 08:22:00,SOLUSDT,SHORT,-1.0,0.58923
2024-02-20 10:15:00,2024-02-20 14:13:00,SOLUSDT,LONG,-1.0,0.706895
2025-04-06 23:45:00,2025-04-07 00:22:00,SOLUSDT,LONG,-1.0,1.420099
2024-03-28 15:30:00,2024-03-28 21:10:00,SOLUSDT,SHORT,-1.0,0.858902
2024-05-03 04:40:00,2024-05-03 06:19:00,SOLUSDT,SHORT,2.2,0.702672
2024-05-08 06:45:00,2024-05-08 07:51:00,SOLUSDT,LONG,-1.0,0.688745
2024-05-11 11:45:00,2024-05-11 13:10:00,SOLUSDT,LONG,2.2,0.397002
2024-05-15 07:45:00,2024-05-15 09:10:00,SOLUSDT,LONG,-1.0,0.33648
2024-05-15 11:15:00,2024-05-15 12:30:00,SOLUSDT,SHORT,-1.0,0.831855
2024-06-14 19:30:00,2024-06-15 04:52:00,SOLUSDT,LONG,2.2,1.06878
2024-06-02 20:45:00,2024-06-03 00:38:00,SOLUSDT,LONG,-1.0,0.352917
2024-06-03 09:00:00,2024-06-03 12:57:00,SOLUSDT,SHORT,-1.0,0.400453
2024-07-21 00:45:00,2024-07-21 02:36:00,SOLUSDT,SHORT,-1.0,0.794612
2024-06-07 09:15:00,2024-06-07 10:33:00,SOLUSDT,SHORT,2.2,0.187231
2024-07-02 23:40:00,2024-07-03 01:03:00,SOLUSDT,SHORT,2.2,0.311613
2024-06-27 14:45:00,2024-06-27 22:22:00,SOLUSDT,SHORT,-1.0,1.098602
2024-07-14 06:40:00,2024-07-14 09:26:00,SOLUSDT,SHORT,-1.0,0.472928
2024-07-18 13:45:00,2024-07-18 14:23:00,SOLUSDT,SHORT,2.2,0.353139
2025-03-10 23:00:00,2025-03-11 00:34:00,SOLUSDT,LONG,-1.0,3.826732
2024-09-01 11:40:00,2024-09-01 13:44:00,SOLUSDT,LONG,-1.0,0.498829
2024-08-23 03:40:00,2024-08-23 05:15:00,SOLUSDT,SHORT,-1.0,0.483803
2024-09-13 13:45:00,2024-09-13 14:09:00,SOLUSDT,LONG,2.2,0.327583
2024-09-13 10:45:00,2024-09-13 11:41:00,SOLUSDT,LONG,-1.0,0.294674
2024-10-01 11:20:00,2024-10-01 12:30:00,SOLUSDT,SHORT,2.2,0.179388
2024-10-15 14:30:00,2024-10-17 18:03:00,SOLUSDT,SHORT,2.2,1.882689
2025-02-25 05:15:00,2025-02-25 07:06:00,SOLUSDT,LONG,-1.0,1.623754
2025-02-25 02:45:00,2025-02-25 03:35:00,SOLUSDT,LONG,-1.0,1.353077
2024-10-23 06:15:00,2024-10-23 08:57:00,SOLUSDT,LONG,-1.0,0.519946
2025-02-24 11:30:00,2025-02-24 14:50:00,SOLUSDT,LONG,-1.0,1.191539
2024-12-10 00:30:00,2024-12-10 03:14:00,SOLUSDT,LONG,-1.0,4.101389
2024-11-16 17:30:00,2024-11-17 00:26:00,SOLUSDT,LONG,2.2,0.580638
2025-01-18 16:30:00,2025-01-19 04:15:00,SOLUSDT,SHORT,-1.0,3.852973
2024-12-01 11:20:00,2024-12-01 13:16:00,SOLUSDT,LONG,2.2,0.24325
2024-12-29 14:30:00,2024-12-29 22:10:00,SOLUSDT,SHORT,2.2,1.115686
2025-01-09 15:20:00,2025-01-09 17:52:00,SOLUSDT,LONG,-1.0,1.498481
2025-01-07 08:40:00,2025-01-07 09:34:00,SOLUSDT,LONG,-1.0,0.276804
2025-02-06 00:15:00,2025-02-06 02:15:00,SOLUSDT,LONG,2.2,0.838977
2025-05-09 23:40:00,2025-05-10 00:11:00,SOLUSDT,SHORT,-1.0,0.851946
2025-03-07 19:40:00,2025-03-07 21:06:00,SOLUSDT,SHORT,2.2,1.606217
2025-03-14 03:15:00,2025-03-14 05:54:00,SOLUSDT,SHORT,-1.0,0.38509
2025-03-29 23:30:00,2025-03-30 01:04:00,SOLUSDT,LONG,2.2,0.578056
2025-04-19 10:45:00,2025-04-19 15:04:00,SOLUSDT,SHORT,-1.0,0.361562
2025-04-13 01:45:00,2025-04-13 04:52:00,SOLUSDT,SHORT,2.2,0.643727
2025-04-05 16:15:00,2025-04-05 17:32:00,SOLUSDT,LONG,2.2,0.302567
2026-01-31 21:40:00,2026-02-01 23:07:00,SOLUSDT,LONG,-1.0,4.206466
2025-04-16 20:45:00,2025-04-16 21:56:00,SOLUSDT,SHORT,-1.0,0.485221
2025-06-22 20:45:00,2025-06-22 22:08:00,SOLUSDT,LONG,2.2,1.177468
2025-04-26 08:00:00,2025-04-26 08:28:00,SOLUSDT,SHORT,-1.0,0.289061
2025-07-11 06:40:00,2025-07-11 13:03:00,SOLUSDT,SHORT,-1.0,0.760676
2025-06-18 20:30:00,2025-06-19 13:48:00,SOLUSDT,LONG,-1.0,0.848641
2025-06-24 07:40:00,2025-06-24 16:59:00,SOLUSDT,SHORT,-1.0,0.798876
2025-06-25 08:20:00,2025-06-25 13:15:00,SOLUSDT,SHORT,-1.0,0.470217
2025-11-04 22:00:00,2025-11-05 01:39:00,SOLUSDT,LONG,-1.0,2.018932
2025-07-25 04:40:00,2025-07-25 07:41:00,SOLUSDT,LONG,-1.0,0.869939
2025-08-19 19:30:00,2025-08-19 20:13:00,SOLUSDT,LONG,-1.0,0.654308
2025-08-22 00:15:00,2025-08-22 01:09:00,SOLUSDT,LONG,-1.0,0.335676
2025-09-06 20:15:00,2025-09-06 21:43:00,SOLUSDT,LONG,2.2,0.248422
2025-09-25 18:30:00,2025-09-25 22:46:00,SOLUSDT,LONG,-1.0,1.19353
2025-10-17 09:30:00,2025-10-17 10:21:00,SOLUSDT,LONG,-1.0,1.317969
2025-10-16 21:45:00,2025-10-16 23:00:00,SOLUSDT,LONG,-1.0,0.928614
2025-10-22 11:15:00,2025-10-22 14:27:00,SOLUSDT,LONG,-1.0,0.939112
2025-11-12 03:30:00,2025-11-12 05:20:00,SOLUSDT,LONG,2.2,0.309178
2025-12-01 07:40:00,2025-12-01 12:33:00,SOLUSDT,LONG,-1.0,0.540843
2025-12-15 03:00:00,2025-12-15 09:51:00,SOLUSDT,SHORT,-1.0,0.782584
2026-01-21 00:40:00,2026-01-21 15:06:00,SOLUSDT,LONG,2.2,1.155679
2026-01-09 01:40:00,2026-01-09 02:10:00,SOLUSDT,SHORT,-1.0,0.56737
2026-01-16 22:00:00,2026-01-17 00:30:00,SOLUSDT,SHORT,2.2,0.188788
2026-02-23 05:15:00,2026-02-23 06:11:00,SOLUSDT,LONG,2.2,0.398453
2026-02-21 16:15:00,2026-02-21 18:48:00,SOLUSDT,SHORT,-1.0,0.356068
2026-03-03 14:15:00,2026-03-03 14:45:00,SOLUSDT,LONG,-1.0,0.958012
2026-03-27 21:00:00,2026-03-28 01:11:00,SOLUSDT,LONG,-1.0,0.314272
2026-03-22 02:15:00,2026-03-22 18:36:00,SOLUSDT,LONG,-1.0,0.937596
2026-03-26 20:15:00,2026-03-27 08:31:00,SOLUSDT,LONG,-1.0,0.762248
2026-04-06 01:00:00,2026-04-06 02:11:00,SOLUSDT,SHORT,-1.0,0.435526
2026-05-06 04:30:00,2026-05-06 05:56:00,SOLUSDT,SHORT,-1.0,0.347784
2026-05-20 13:30:00,2026-05-20 14:16:00,SOLUSDT,SHORT,-1.0,0.3883
2026-06-09 17:15:00,2026-06-10 08:24:00,SOLUSDT,LONG,-1.0,1.03514
2023-07-15 17:15:00,2023-07-15 18:37:00,SOLUSDT,LONG,2.2,1.189349
2023-08-05 02:15:00,2023-08-05 05:58:00,SOLUSDT,LONG,2.2,0.375823
2023-09-04 23:00:00,2023-09-05 02:37:00,SOLUSDT,LONG,-1.0,0.616006
2023-09-26 23:40:00,2023-09-27 04:31:00,SOLUSDT,LONG,-1.0,0.347295
2023-09-22 19:15:00,2023-09-22 21:06:00,SOLUSDT,LONG,-1.0,0.779516
2023-09-24 12:30:00,2023-09-24 12:53:00,SOLUSDT,SHORT,-1.0,0.201603
2023-10-26 23:45:00,2023-10-27 01:05:00,SOLUSDT,SHORT,2.2,0.867501
2023-10-27 19:45:00,2023-10-27 22:56:00,SOLUSDT,LONG,-1.0,0.823433
2023-11-04 10:00:00,2023-11-04 11:58:00,SOLUSDT,SHORT,2.2,0.915886
2023-11-13 09:30:00,2023-11-13 10:29:00,SOLUSDT,SHORT,2.2,0.941246
2023-11-21 09:00:00,2023-11-21 13:51:00,SOLUSDT,LONG,-1.0,1.024667
2023-11-24 17:00:00,2023-11-25 00:02:00,SOLUSDT,SHORT,2.2,1.019294
2023-11-30 18:30:00,2023-11-30 20:00:00,SOLUSDT,LONG,2.2,0.48408
2023-12-04 14:45:00,2023-12-05 02:06:00,SOLUSDT,LONG,-1.0,1.063952
2023-12-26 08:45:00,2023-12-26 12:49:00,SOLUSDT,LONG,2.2,1.164582
2024-01-01 14:15:00,2024-01-01 15:25:00,SOLUSDT,SHORT,-1.0,0.54922
2024-02-13 22:15:00,2024-02-14 08:51:00,SOLUSDT,SHORT,-1.0,0.840209
2024-01-14 17:15:00,2024-01-14 18:23:00,SOLUSDT,SHORT,2.2,0.942773
2024-01-15 05:30:00,2024-01-15 09:02:00,SOLUSDT,SHORT,2.2,0.594395
2024-01-16 15:20:00,2024-01-17 01:18:00,SOLUSDT,LONG,2.2,1.551441
2024-02-07 09:40:00,2024-02-07 10:51:00,SOLUSDT,LONG,-1.0,0.553789
2024-02-12 01:45:00,2024-02-12 02:37:00,SOLUSDT,SHORT,2.2,0.741292
2024-02-16 10:30:00,2024-02-16 14:46:00,SOLUSDT,LONG,-1.0,0.826902
2024-02-24 10:40:00,2024-02-24 12:27:00,SOLUSDT,SHORT,2.2,0.282287
2024-03-03 03:15:00,2024-03-03 06:08:00,SOLUSDT,LONG,-1.0,0.737381
2024-03-05 04:00:00,2024-03-05 05:03:00,SOLUSDT,LONG,-1.0,1.137492
2024-03-10 03:15:00,2024-03-10 05:20:00,SOLUSDT,SHORT,-1.0,0.491138
2024-04-17 22:00:00,2024-04-17 23:55:00,SOLUSDT,SHORT,2.2,1.224282
2024-04-18 14:15:00,2024-04-19 01:38:00,SOLUSDT,LONG,-1.0,2.755715
2024-04-26 12:15:00,2024-04-26 13:13:00,SOLUSDT,LONG,-1.0,0.972138
2024-04-22 00:45:00,2024-04-22 01:21:00,SOLUSDT,SHORT,-1.0,0.998834
2024-04-26 14:45:00,2024-04-26 22:25:00,SOLUSDT,SHORT,2.2,1.016276
2024-06-01 21:00:00,2024-06-01 22:42:00,SOLUSDT,SHORT,2.2,0.183439
2024-06-13 14:00:00,2024-06-13 15:18:00,SOLUSDT,SHORT,2.2,0.683548
2024-07-10 19:30:00,2024-07-10 21:14:00,SOLUSDT,LONG,-1.0,0.273622
2024-07-25 14:30:00,2024-07-25 20:10:00,SOLUSDT,LONG,-1.0,1.341274
2024-07-23 14:15:00,2024-07-23 16:53:00,SOLUSDT,LONG,-1.0,0.997903
2024-10-29 04:45:00,2024-10-29 05:17:00,SOLUSDT,SHORT,2.2,0.287366
2024-08-06 17:40:00,2024-08-06 20:38:00,SOLUSDT,SHORT,-1.0,0.811387
2024-08-12 00:15:00,2024-08-12 00:33:00,SOLUSDT,LONG,-1.0,0.494628
2024-08-28 18:30:00,2024-08-29 11:36:00,SOLUSDT,LONG,2.2,1.125365
2024-08-25 22:40:00,2024-08-25 23:47:00,SOLUSDT,SHORT,2.2,0.514643
2024-09-08 12:00:00,2024-09-08 12:50:00,SOLUSDT,SHORT,2.2,0.42692
2024-09-30 14:15:00,2024-09-30 14:37:00,SOLUSDT,SHORT,-1.0,0.348683
2024-10-06 19:45:00,2024-10-06 21:48:00,SOLUSDT,SHORT,2.2,0.343281
2024-10-09 02:30:00,2024-10-09 05:09:00,SOLUSDT,SHORT,2.2,0.416771
2024-11-03 16:00:00,2024-11-03 18:47:00,SOLUSDT,LONG,-1.0,0.747621
2024-10-22 18:15:00,2024-10-23 00:20:00,SOLUSDT,LONG,-1.0,0.541299
2025-01-03 07:00:00,2025-01-03 08:23:00,SOLUSDT,SHORT,-1.0,0.635581
2024-12-28 20:15:00,2024-12-28 21:52:00,SOLUSDT,SHORT,-1.0,0.362688
2025-01-06 04:45:00,2025-01-06 05:35:00,SOLUSDT,SHORT,-1.0,0.284288
2025-01-12 20:45:00,2025-01-12 21:11:00,SOLUSDT,SHORT,2.2,0.202753
2025-02-02 00:40:00,2025-02-02 03:01:00,SOLUSDT,LONG,-1.0,1.175534
2025-01-20 09:40:00,2025-01-20 12:18:00,SOLUSDT,SHORT,2.2,2.21339
2025-01-22 08:15:00,2025-01-22 12:17:00,SOLUSDT,SHORT,-1.0,1.038035
2025-02-07 15:15:00,2025-02-07 20:06:00,SOLUSDT,SHORT,2.2,1.461406
2025-02-22 04:40:00,2025-02-22 07:18:00,SOLUSDT,LONG,2.2,0.469945
2025-03-03 00:45:00,2025-03-03 02:28:00,SOLUSDT,SHORT,2.2,1.598827
2025-02-26 09:40:00,2025-02-26 11:26:00,SOLUSDT,LONG,-1.0,1.03396
2025-03-24 14:30:00,2025-03-24 22:11:00,SOLUSDT,SHORT,2.2,0.787144
2025-03-29 13:15:00,2025-03-29 17:09:00,SOLUSDT,LONG,-1.0,0.915256
2025-04-08 20:40:00,2025-04-09 01:07:00,SOLUSDT,LONG,-1.0,1.185372
2025-04-14 22:45:00,2025-04-15 00:15:00,SOLUSDT,LONG,-1.0,0.842249
2025-04-22 08:30:00,2025-04-22 11:25:00,SOLUSDT,SHORT,-1.0,0.434148
2025-04-27 13:40:00,2025-04-28 00:07:00,SOLUSDT,LONG,-1.0,0.670004
2025-04-27 16:30:00,2025-04-27 18:10:00,SOLUSDT,SHORT,-1.0,0.363762
2025-05-01 13:40:00,2025-05-01 14:16:00,SOLUSDT,SHORT,-1.0,0.429128
2025-05-12 20:30:00,2025-05-13 02:16:00,SOLUSDT,LONG,-1.0,1.350596
2025-05-17 02:30:00,2025-05-17 04:37:00,SOLUSDT,LONG,2.2,0.850348
2025-06-01 04:00:00,2025-06-01 08:23:00,SOLUSDT,LONG,-1.0,0.497498
2025-06-09 12:00:00,2025-06-09 13:38:00,SOLUSDT,SHORT,2.2,0.399394
2025-06-09 06:45:00,2025-06-09 08:55:00,SOLUSDT,LONG,2.2,0.386842
2025-06-12 17:15:00,2025-06-12 18:46:00,SOLUSDT,LONG,-1.0,0.927263
2025-06-11 23:20:00,2025-06-12 01:33:00,SOLUSDT,LONG,-1.0,0.547978
2025-06-20 05:40:00,2025-06-20 07:21:00,SOLUSDT,LONG,2.2,0.365645
2025-07-06 05:45:00,2025-07-06 06:11:00,SOLUSDT,SHORT,-1.0,0.258103
2025-08-01 23:15:00,2025-08-02 17:47:00,SOLUSDT,LONG,-1.0,1.099468
2025-07-18 21:00:00,2025-07-19 19:42:00,SOLUSDT,LONG,2.2,0.755771
2025-07-29 01:15:00,2025-07-29 02:16:00,SOLUSDT,LONG,-1.0,0.960735
2025-08-06 18:30:00,2025-08-06 21:37:00,SOLUSDT,SHORT,2.2,0.365322
2025-08-11 13:45:00,2025-08-11 16:01:00,SOLUSDT,LONG,2.2,0.617947
2025-09-19 20:30:00,2025-09-20 00:43:00,SOLUSDT,LONG,2.2,0.400427
2025-09-21 18:00:00,2025-09-21 22:08:00,SOLUSDT,LONG,-1.0,0.346651
2025-09-30 06:30:00,2025-09-30 07:37:00,SOLUSDT,LONG,-1.0,0.410951
2025-10-05 08:40:00,2025-10-05 09:39:00,SOLUSDT,SHORT,2.2,0.40377
2025-10-14 08:30:00,2025-10-14 10:07:00,SOLUSDT,LONG,-1.0,0.806625
2025-10-20 10:45:00,2025-10-20 15:57:00,SOLUSDT,SHORT,2.2,0.507523
2025-10-20 22:15:00,2025-10-21 00:03:00,SOLUSDT,LONG,-1.0,0.403273
2025-10-26 03:20:00,2025-10-26 06:28:00,SOLUSDT,LONG,2.2,0.293619
2025-11-13 07:40:00,2025-11-13 09:09:00,SOLUSDT,SHORT,2.2,0.500618
2025-11-18 21:00:00,2025-11-18 21:43:00,SOLUSDT,SHORT,2.2,0.400767
2025-11-27 03:45:00,2025-11-27 06:39:00,SOLUSDT,SHORT,-1.0,0.600344
2025-11-29 20:45:00,2025-11-30 12:43:00,SOLUSDT,LONG,2.2,0.508048
2025-11-28 22:45:00,2025-11-29 03:33:00,SOLUSDT,LONG,-1.0,0.447786
2025-12-19 17:40:00,2025-12-19 19:36:00,SOLUSDT,SHORT,-1.0,1.127759
2026-01-05 15:40:00,2026-01-05 20:06:00,SOLUSDT,LONG,2.2,1.214276
2026-01-11 08:40:00,2026-01-11 12:46:00,SOLUSDT,LONG,2.2,0.242024
2026-01-09 15:30:00,2026-01-09 18:27:00,SOLUSDT,LONG,-1.0,1.269841
2026-01-29 06:30:00,2026-01-29 07:35:00,SOLUSDT,LONG,2.2,0.194026
2026-02-17 06:00:00,2026-02-17 09:40:00,SOLUSDT,LONG,-1.0,0.586495
2026-03-12 19:30:00,2026-03-13 00:13:00,SOLUSDT,LONG,2.2,0.615433
2026-05-10 10:15:00,2026-05-10 15:36:00,SOLUSDT,SHORT,-1.0,0.664432
2026-04-29 09:15:00,2026-04-29 09:57:00,SOLUSDT,LONG,-1.0,1.072497
