time,pattern,side,breakout_price,height_pct,duration_bars,ult_move_pct,bars_to_extreme,busted,period
2020-02-06 00:00:00+00:00,db_eve_eve,long,9698.89,5.782243723475512,5,8.259811174268403,15,True,train
2020-02-09 00:00:00+00:00,hs_bottom,long,10109.52,8.709877147391236,12,3.862497922750037,9,True,train
2020-02-11 12:00:00+00:00,db_eve_eve,long,10223.08,5.388270124163265,6,2.708772698638767,4,True,train
2020-02-19 12:00:00+00:00,v_top,short,9593.79,8.24742268041237,20,60.5773109480195,45,False,train
2020-02-23 12:00:00+00:00,v_bottom,long,9936.4,10.952380952380953,20,0.5394307797592727,1,True,train
2020-02-25 12:00:00+00:00,diamond_top,short,9315.84,13.513513513513514,40,59.40108460428689,33,False,train
2020-02-26 00:00:00+00:00,diamond_top,short,9158.37,15.359261700725115,40,58.7030224810747,32,False,train
2020-02-26 12:00:00+00:00,hs_top,short,8785.25,10.952380952380953,23,56.94909080561168,31,False,train
2020-02-26 12:00:00+00:00,diamond_top,short,8785.25,21.617442489427983,40,56.94909080561168,31,False,train
2020-03-02 12:00:00+00:00,big_w,long,8915.24,4.613006776839853,4,3.059480171032975,10,True,train
2020-03-02 12:00:00+00:00,barr_bottom,long,8915.24,16.6238550417291,40,3.059480171032975,10,True,train
2020-03-05 00:00:00+00:00,big_w,long,9100.89,6.595529663535846,4,0.9571591349857057,5,True,train
2020-03-08 00:00:00+00:00,big_m,short,8741.53,3.9954725523486134,3,56.733775437480624,10,False,train
2020-03-19 12:00:00+00:00,v_bottom,long,6162.37,53.58780218431709,20,63.362472555201975,98,False,train
2020-03-27 12:00:00+00:00,big_m,short,6359.11,7.8753488372093035,4,7.883964894458494,5,True,train
2020-04-07 12:00:00+00:00,barr_top,short,7197.32,36.86176998501773,40,10.129464856363192,17,False,train
2020-04-13 00:00:00+00:00,hs_top,short,6771.01,11.49632223322952,20,4.471120261231334,6,True,train
2020-04-18 12:00:00+00:00,big_w,long,7248.6,10.497551895638235,6,67.2524349529564,211,False,train
2020-04-18 12:00:00+00:00,db_eve_eve,long,7248.6,10.497551895638235,6,67.2524349529564,211,False,train
2020-04-20 12:00:00+00:00,big_m,short,6826.83,5.239249639249638,4,0.9496354823541809,1,True,train
2020-04-21 12:00:00+00:00,v_bottom,long,6841.37,9.875017416747939,20,82.24419962668297,236,False,train
2020-04-29 00:00:00+00:00,hs_bottom,long,8126.98,12.75163219840853,15,53.41492165601491,221,False,train
2020-05-13 12:00:00+00:00,v_bottom,long,9309.37,19.370219529154664,20,33.929578478457714,192,False,train
2020-05-14 00:00:00+00:00,big_w,long,9686.71,17.960206973019588,3,28.712431775081544,191,False,train
2020-05-21 12:00:00+00:00,big_m,short,9068.65,8.743169398907105,8,4.6967299432660905,7,True,train
2020-05-24 12:00:00+00:00,diamond_top,short,8720.34,15.71264367816092,40,0.8901029088315455,1,True,train
2020-05-27 00:00:00+00:00,big_w,long,9150.74,4.3383333024788575,3,36.25127585310041,165,False,train
2020-05-28 12:00:00+00:00,v_bottom,long,9575.89,12.675188260125832,20,30.201996890106308,162,False,train
2020-06-10 12:00:00+00:00,big_w,long,9885.0,5.383218493330469,3,26.13050075872534,136,True,train
2020-06-11 12:00:00+00:00,big_m,short,9280.4,4.417136886102396,3,4.820912891685699,32,True,train
2020-06-22 12:00:00+00:00,big_w,long,9685.69,3.2938790419749306,4,28.72598648108704,112,True,train
2020-06-26 12:00:00+00:00,big_m,short,9162.21,6.641078623261485,12,3.5931287320417145,2,True,train
2020-07-06 12:00:00+00:00,big_w,long,9344.2,4.1008520155672326,6,33.430363219965315,84,False,train
2020-07-06 12:00:00+00:00,db_eve_eve,long,9344.2,4.1008520155672326,6,33.430363219965315,84,False,train
2020-07-08 00:00:00+00:00,big_w,long,9309.83,4.1008520155672326,6,33.92296099928785,81,False,train
2020-07-08 00:00:00+00:00,db_eve_eve,long,9309.83,4.1008520155672326,6,33.92296099928785,81,False,train
2020-07-16 00:00:00+00:00,big_m,short,9081.61,3.780821917808219,8,0.13543854008266254,1,True,train
2020-08-11 12:00:00+00:00,big_m,short,11392.08,5.391703056768562,3,13.755872500895357,50,True,train
2020-08-30 12:00:00+00:00,big_w,long,11711.16,4.468574265761449,4,142.69158648673573,237,True,train
2020-09-12 12:00:00+00:00,big_w,long,10440.92,6.239185750636132,6,86.61391907992781,148,False,train
2020-09-12 12:00:00+00:00,db_eve_eve,long,10440.92,6.239185750636132,6,86.61391907992781,148,False,train
2020-09-21 00:00:00+00:00,big_m,short,10636.47,4.038403734285773,6,4.697517127392826,5,True,train
2020-09-24 12:00:00+00:00,big_w,long,10736.32,4.945140586495574,4,81.47940821436023,124,False,train
2020-09-25 12:00:00+00:00,big_w,long,10686.67,4.945140586495574,4,82.32255697986369,122,False,train
2020-09-27 12:00:00+00:00,big_w,long,10774.25,4.945140586495574,4,80.8405225421723,118,False,train
2020-09-27 12:00:00+00:00,v_bottom,long,10774.25,9.32906610947076,20,80.8405225421723,118,False,train
2020-09-28 00:00:00+00:00,hs_bottom,long,10877.91,6.74886206916963,12,79.11722012776352,117,False,train
2020-10-01 12:00:00+00:00,big_m,short,10619.13,3.0491247882552233,6,2.308381195069645,1,True,train
2020-10-02 00:00:00+00:00,v_top,short,10436.63,8.022042415668821,20,0.051261757866270484,1,True,train
2020-10-19 12:00:00+00:00,big_w,long,11751.47,3.0459821428571394,3,195.94689004864924,151,False,train
2020-10-27 00:00:00+00:00,db_eve_eve,long,13449.8,4.952170112137661,6,211.900548707044,147,False,train
2020-11-04 12:00:00+00:00,db_eve_eve,long,14144.01,9.404096834264433,10,196.5919848755763,130,False,train
2020-11-26 00:00:00+00:00,big_m,short,17100.0,10.637470288219873,9,5.333333333333334,1,True,train
2020-11-26 00:00:00+00:00,barr_top,short,17100.0,23.819061465314174,40,5.333333333333334,1,True,train
2020-12-04 00:00:00+00:00,hs_top,short,18833.25,18.60418342719228,16,6.69518006716843,14,True,train
2020-12-08 12:00:00+00:00,big_m,short,18324.11,5.935135135135136,7,4.102682203937865,5,True,train
2020-12-10 00:00:00+00:00,big_m,short,18192.49,5.935135135135136,7,3.408879158377989,2,True,train
2020-12-11 00:00:00+00:00,triple_top,short,17647.71,10.482014452434077,12,0.17401691210927156,1,True,train
2020-12-11 00:00:00+00:00,diamond_top,short,17647.71,13.17793371738408,40,0.17401691210927156,1,True,train
2020-12-12 12:00:00+00:00,big_w,long,18808.69,6.073412006262106,4,123.03520340863719,54,False,train
2021-01-11 00:00:00+00:00,barr_top,short,34198.56,78.57957877945351,40,11.048886268895526,1,False,train
2021-01-18 00:00:00+00:00,v_bottom,long,36442.08,27.485101311084627,20,60.12477882711414,69,True,train
2021-01-21 00:00:00+00:00,v_top,short,32208.62,31.821170282708742,20,10.42770537824967,2,False,train
2021-01-28 12:00:00+00:00,v_bottom,long,33364.86,23.778071334214,20,74.89298621363915,48,False,train
2021-01-28 12:00:00+00:00,barr_bottom,long,33364.86,25.174846197195304,40,74.89298621363915,48,False,train
2021-03-01 12:00:00+00:00,big_w,long,49587.03,12.614209302325582,5,30.788232326073977,87,False,train
2021-03-01 12:00:00+00:00,db_eve_eve,long,49587.03,12.614209302325582,5,30.788232326073977,87,False,train
2021-03-05 12:00:00+00:00,v_bottom,long,48751.71,17.373999672954767,20,33.02917989953583,79,False,train
2021-03-09 00:00:00+00:00,big_w,long,54233.32,13.693304535637148,5,19.583311514028644,72,False,train
2021-03-09 00:00:00+00:00,db_eve_eve,long,54233.32,13.693304535637148,5,19.583311514028644,72,False,train
2021-03-21 00:00:00+00:00,big_m,short,56267.65,6.858324592852348,4,10.379125483292805,9,False,train
2021-03-22 00:00:00+00:00,v_bottom,long,57713.79,13.861748916628944,20,12.371757252469468,46,True,train
2021-03-22 12:00:00+00:00,big_m,short,54083.25,6.858324592852348,4,6.759375592258237,6,True,train
2021-03-24 12:00:00+00:00,big_m,short,52303.65,6.858324592852348,4,3.5869198421142765,2,True,train
2021-03-24 12:00:00+00:00,diamond_top,short,52303.65,19.620889748549324,40,3.5869198421142765,2,True,train
2021-04-07 00:00:00+00:00,big_m,short,56320.47,6.760303610697312,8,48.85518533492352,153,True,train
2021-04-07 00:00:00+00:00,v_top,short,56320.47,10.07126474442989,20,48.85518533492352,153,True,train
2021-04-10 00:00:00+00:00,big_w,long,60575.94,7.250806698754346,7,7.062308896898665,8,True,train
2021-04-10 00:00:00+00:00,db_eve_eve,long,60575.94,7.250806698754346,7,7.062308896898665,8,True,train
2021-04-16 00:00:00+00:00,barr_top,short,60853.81,18.49336065737877,40,52.66524807567513,135,False,train
2021-04-26 00:00:00+00:00,big_w,long,53598.39,11.08427445131046,5,11.01079715267567,25,False,train
2021-04-26 00:00:00+00:00,db_eve_eve,long,53598.39,11.08427445131046,5,11.01079715267567,25,False,train
2021-05-04 12:00:00+00:00,big_m,short,53200.01,5.257744009351261,4,45.85527333547494,98,False,train
2021-05-10 12:00:00+00:00,big_m,short,55816.14,5.8047509356162905,3,48.39306336840921,86,False,train
2021-05-11 12:00:00+00:00,v_bottom,long,56670.02,10.310768946977223,20,2.3469022950759597,1,True,train
2021-05-12 12:00:00+00:00,big_m,short,49631.32,11.423220973782772,4,41.96205138207084,82,False,train
2021-05-12 12:00:00+00:00,v_top,short,49631.32,12.476370510396976,20,41.96205138207084,82,False,train
2021-05-28 00:00:00+00:00,big_m,short,35351.65,9.981965445934453,3,12.30960931102226,23,False,train
2021-06-01 00:00:00+00:00,big_m,short,36596.62,9.981965445934453,3,15.29272375427021,15,False,train
2021-06-02 12:00:00+00:00,hs_bottom,long,37568.68,22.355373138799845,14,10.011850296576828,26,True,train
2021-06-07 12:00:00+00:00,hs_top,short,33552.79,11.845171749924004,12,7.608279371104462,2,True,train
2021-06-20 00:00:00+00:00,diamond_top,short,33872.9,22.551926671664013,40,14.961517909597353,5,False,train
2021-06-27 12:00:00+00:00,v_bottom,long,34700.34,26.51017070663003,20,52.505710318688536,143,False,train
2021-07-05 00:00:00+00:00,hs_top,short,33379.96,17.620218579234972,19,12.288690579617228,30,False,train
2021-07-07 12:00:00+00:00,hs_top,short,33862.12,17.620218579234972,19,13.537604851674976,25,False,train
2021-07-08 00:00:00+00:00,big_m,short,32696.44,8.580385835103101,6,10.455083183367972,24,False,train
2021-07-11 12:00:00+00:00,v_bottom,long,34258.99,10.81757736422944,20,54.47040324306117,115,True,train
2021-07-13 12:00:00+00:00,big_m,short,32729.77,5.070932149828,4,10.546270260988697,13,False,train
2021-07-19 12:00:00+00:00,big_m,short,30839.65,4.401941196938401,3,5.063773421553103,1,True,train
2021-08-05 00:00:00+00:00,v_top,short,38008.38,21.000017610744603,20,1.7777132306086192,1,True,train
2021-08-06 12:00:00+00:00,big_w,long,42836.87,10.760807549413794,3,23.53843779902686,63,False,train
2021-08-12 12:00:00+00:00,big_m,short,44399.0,4.830760453255102,3,10.808802000045047,80,True,train
2021-08-16 12:00:00+00:00,hs_top,short,45901.29,9.085244267198405,9,13.727914836380418,72,True,train
2021-08-17 12:00:00+00:00,big_m,short,44695.95,5.810989010989011,4,11.401368580374726,70,True,train
2021-08-17 12:00:00+00:00,hs_top,short,44695.95,9.085244267198405,9,11.401368580374726,70,True,train
2021-08-17 12:00:00+00:00,v_top,short,44695.95,13.42301975596993,20,11.401368580374726,70,True,train
2021-08-21 00:00:00+00:00,hs_top,short,48501.87,9.085244267198405,9,18.35366347730511,63,True,train
2021-08-23 00:00:00+00:00,hs_bottom,long,50394.85,13.270305524760012,14,5.0107302631122055,30,True,train
2021-08-24 12:00:00+00:00,big_m,short,47674.01,5.098855359001041,3,16.93587344551046,56,True,train
2021-08-26 00:00:00+00:00,big_m,short,46835.89,5.098855359001041,3,15.449455535060824,53,True,train
2021-08-30 00:00:00+00:00,v_top,short,47902.76,8.315661436557377,20,17.33252948264359,45,True,train
2021-09-01 12:00:00+00:00,v_bottom,long,48810.52,8.415841584158416,20,8.419250604173042,11,True,train
2021-09-02 00:00:00+00:00,big_w,long,50072.61,7.313016216216209,11,5.686522032704106,10,True,train
2021-09-02 00:00:00+00:00,db_eve_eve,long,50072.61,7.313016216216209,11,5.686522032704106,10,True,train
2021-09-02 00:00:00+00:00,hs_bottom,long,50072.61,9.18918918918919,19,5.686522032704106,10,True,train
2021-09-03 00:00:00+00:00,big_w,long,50168.54,7.313016216216209,11,5.484433072997538,8,True,train
2021-09-03 00:00:00+00:00,db_eve_eve,long,50168.54,7.313016216216209,11,5.484433072997538,8,True,train
2021-09-07 00:00:00+00:00,barr_top,short,50941.48,17.693661125909273,40,22.26374263174137,29,False,train
2021-09-07 12:00:00+00:00,barr_top,short,46863.73,17.802389829033658,40,15.49968387066075,28,False,train
2021-09-14 12:00:00+00:00,big_w,long,47111.52,8.093151948351395,6,46.46099298006094,114,True,train
2021-09-14 12:00:00+00:00,db_eve_eve,long,47111.52,8.093151948351395,6,46.46099298006094,114,True,train
2021-09-20 00:00:00+00:00,big_m,short,43739.75,4.590278794917981,4,9.464503112157706,3,True,train
2021-10-01 00:00:00+00:00,big_w,long,47488.08,8.83435582822086,6,45.29962045212187,81,False,train
2021-10-05 00:00:00+00:00,big_w,long,49877.06,5.640997206286926,3,38.34015076269532,73,False,train
2021-10-25 00:00:00+00:00,big_w,long,62759.19,3.759009104759943,3,9.944057595389612,33,True,train
2021-10-27 00:00:00+00:00,hs_top,short,58564.0,11.995522388059701,20,43.79282494365139,179,True,train
2021-11-02 12:00:00+00:00,big_w,long,63219.99,8.924247665167762,7,9.142693632188177,16,True,train
2021-11-02 12:00:00+00:00,db_eve_eve,long,63219.99,8.924247665167762,7,9.142693632188177,16,True,train
2021-11-08 00:00:00+00:00,big_w,long,66037.21,5.467110741049126,6,4.48654629715579,5,True,train
2021-11-08 00:00:00+00:00,db_eve_eve,long,66037.21,5.467110741049126,6,4.48654629715579,5,True,train
2021-11-15 12:00:00+00:00,v_top,short,63606.74,14.904246461282264,20,48.248927707975604,140,False,train
2021-11-16 00:00:00+00:00,hs_top,short,60574.49,9.742028985507247,12,45.65836212570672,139,False,train
2021-11-25 12:00:00+00:00,big_w,long,58960.36,4.868286421895616,3,0.36741634549042335,10,True,train
2021-11-26 00:00:00+00:00,triple_top,short,53719.3,10.23012817036354,15,38.72375477714714,119,False,train
2021-11-26 00:00:00+00:00,diamond_top,short,53719.3,28.538415754711455,40,38.72375477714714,119,False,train
2021-11-29 12:00:00+00:00,big_w,long,57776.25,7.864578013182964,4,2.42442179961489,2,True,train
2021-12-02 12:00:00+00:00,v_bottom,long,56480.34,10.408720812865893,20,1.9823889162140376,2,True,train
2021-12-07 00:00:00+00:00,v_bottom,long,51456.2,29.02596093515401,20,1.2278403768642125,41,True,train
2021-12-07 00:00:00+00:00,barr_bottom,long,51456.2,23.489952656912134,40,1.2278403768642125,41,True,train
2021-12-13 12:00:00+00:00,big_m,short,46702.75,8.61158050095185,4,29.517705060194533,84,True,train
2021-12-21 00:00:00+00:00,big_w,long,48866.92,6.256621788102786,6,6.591534723285204,13,True,train
2021-12-21 00:00:00+00:00,db_eve_eve,long,48866.92,6.256621788102786,6,6.591534723285204,13,True,train
2021-12-21 00:00:00+00:00,hs_bottom,long,48866.92,8.896515311510033,14,6.591534723285204,13,True,train
2021-12-21 00:00:00+00:00,v_bottom,long,48866.92,10.479153947653465,20,6.591534723285204,13,True,train
2021-12-28 00:00:00+00:00,big_m,short,49200.39,5.415688496721445,6,33.09571326568753,55,False,train
2022-01-05 12:00:00+00:00,big_m,short,43451.13,6.283681422128819,5,24.243236021709908,38,False,train
2022-01-12 00:00:00+00:00,big_w,long,42935.92,7.91097099621689,4,12.236654064941426,151,True,train
2022-01-14 12:00:00+00:00,big_w,long,43059.96,7.91097099621689,4,11.913341303614768,146,True,train
2022-01-17 00:00:00+00:00,hs_top,short,42671.31,10.89887640449438,12,22.85877794705623,15,False,train
2022-01-19 12:00:00+00:00,big_m,short,41660.01,6.648260854456287,4,20.98616875031956,10,False,train
2022-01-20 12:00:00+00:00,big_m,short,40680.91,6.648260854456287,4,19.08447967363563,8,False,train
2022-01-20 12:00:00+00:00,v_top,short,40680.91,12.23203026481715,20,19.08447967363563,8,False,train
2022-01-21 00:00:00+00:00,big_m,short,38898.18,8.005980276332567,10,15.376066438069858,7,False,train
2022-02-04 12:00:00+00:00,big_w,long,41574.25,8.317793103448267,7,10.214856551831964,12,False,train
2022-02-04 12:00:00+00:00,db_eve_eve,long,41574.25,8.317793103448267,7,10.214856551831964,12,False,train
2022-02-11 12:00:00+00:00,big_m,short,42373.73,7.394646791356115,5,19.001041447141905,25,False,train
2022-02-15 00:00:00+00:00,big_w,long,44233.6,3.6796856648863465,4,8.943970194603192,83,True,train
2022-02-17 00:00:00+00:00,v_top,short,43164.05,10.025368674189629,20,20.484106565533132,14,False,train
2022-02-17 12:00:00+00:00,big_m,short,40515.7,10.27769541493545,10,15.28646919589196,13,False,train
2022-02-17 12:00:00+00:00,hs_top,short,40515.7,9.319831518299475,15,15.28646919589196,13,False,train
2022-02-17 12:00:00+00:00,triple_top,short,40515.7,10.27769541493545,15,15.28646919589196,13,False,train
2022-02-17 12:00:00+00:00,diamond_top,short,40515.7,14.34322331552676,40,15.28646919589196,13,False,train
2022-02-18 12:00:00+00:00,diamond_top,short,39974.44,16.14955640050697,40,14.139435099028287,11,False,train
2022-02-20 00:00:00+00:00,diamond_top,short,38343.99,20.58157894736842,40,10.48850158786292,8,False,train
2022-02-27 00:00:00+00:00,v_bottom,long,39479.8,22.285734469896894,20,22.06201652490639,59,False,train
2022-02-28 12:00:00+00:00,hs_bottom,long,43160.0,17.557603982019838,11,11.653938832252077,56,False,train
2022-03-14 12:00:00+00:00,v_bottom,long,39671.37,11.18255922357947,20,21.47258841829761,28,False,train
2022-03-16 00:00:00+00:00,big_w,long,40521.6,7.139555318865669,6,18.923833214877988,25,False,train
2022-03-16 00:00:00+00:00,db_eve_eve,long,40521.6,7.139555318865669,6,18.923833214877988,25,False,train
2022-03-22 00:00:00+00:00,big_w,long,42983.0,5.643348056959701,6,12.113719377428279,13,False,train
2022-03-22 00:00:00+00:00,db_eve_eve,long,42983.0,5.643348056959701,6,12.113719377428279,13,False,train
2022-03-23 12:00:00+00:00,big_w,long,42882.76,5.643348056959701,6,12.375789244908663,10,False,train
2022-03-23 12:00:00+00:00,db_eve_eve,long,42882.76,5.643348056959701,6,12.375789244908663,10,False,train
2022-03-31 12:00:00+00:00,barr_top,short,45510.34,23.66803969163613,40,61.27912909461893,158,False,train
2022-04-05 12:00:00+00:00,big_m,short,45497.55,4.201957702589806,3,61.26824411424352,148,False,train
2022-04-06 00:00:00+00:00,big_m,short,44819.19,5.155614167294651,4,60.682020357797626,147,False,train
2022-04-06 00:00:00+00:00,triple_top,short,44819.19,5.155614167294651,7,60.682020357797626,147,False,train
2022-04-06 12:00:00+00:00,hs_top,short,43170.47,4.902842523550343,7,59.18043051187536,146,False,train
2022-04-06 12:00:00+00:00,diamond_top,short,43170.47,11.75492219568191,40,59.18043051187536,146,False,train
2022-04-11 00:00:00+00:00,big_m,short,41067.63,5.022021591669061,5,57.090292281293074,137,False,train
2022-04-11 00:00:00+00:00,diamond_top,short,41067.63,17.62768651031252,40,57.090292281293074,137,False,train
2022-04-11 12:00:00+00:00,diamond_top,short,39530.45,22.93326530612244,40,55.421706557856034,136,False,train
2022-04-19 12:00:00+00:00,big_w,long,41493.18,7.171095670054184,7,3.5736475247257498,4,True,train
2022-05-04 00:00:00+00:00,hs_bottom,long,39002.3,7.987534497857242,14,2.6189993923435124,1,True,train
2022-05-04 12:00:00+00:00,big_w,long,39690.0,4.763659921072859,5,0.3918115394305922,1,True,train
2022-05-04 12:00:00+00:00,v_bottom,long,39690.0,8.36067377971734,20,0.3918115394305922,1,True,train
2022-05-27 12:00:00+00:00,big_m,short,28629.8,6.98144337088841,4,38.448749205373424,44,True,train
2022-05-27 12:00:00+00:00,triple_top,short,28629.8,7.354040950155226,10,38.448749205373424,44,True,train
2022-05-29 12:00:00+00:00,v_bottom,long,29468.1,8.96039390031559,20,9.946009413569255,4,True,train
2022-05-30 00:00:00+00:00,big_w,long,30665.37,7.866576063292929,4,5.653380344016724,3,True,train
2022-06-03 12:00:00+00:00,hs_top,short,29700.21,13.517207321213615,18,40.66708619231985,30,False,train
2022-06-07 00:00:00+00:00,v_top,short,29521.5,13.8804920913884,20,40.30791118337483,23,False,train
2022-06-23 12:00:00+00:00,v_bottom,long,21110.13,27.707848141354912,20,19.427592345475837,105,False,train
2022-06-30 00:00:00+00:00,big_m,short,19101.36,10.710345863612025,10,2.488618611449659,1,True,train
2022-07-01 00:00:00+00:00,big_m,short,19191.03,10.710345863612025,10,2.1365710959755617,4,True,train
2022-07-04 00:00:00+00:00,barr_bottom,long,19806.49,13.20672020717851,40,27.288176754185105,84,False,train
2022-07-04 12:00:00+00:00,hs_bottom,long,20236.71,17.513153656179533,21,24.582108455376396,83,False,train
2022-07-04 12:00:00+00:00,barr_bottom,long,20236.71,13.762891092096687,40,24.582108455376396,83,False,train
2022-07-05 12:00:00+00:00,hs_bottom,long,20175.83,17.513153656179533,21,24.958031466363455,81,False,train
2022-07-06 12:00:00+00:00,v_bottom,long,20564.51,14.9031432748538,20,22.59625928359101,79,False,train
2022-07-07 12:00:00+00:00,big_w,long,21624.98,10.483999787018796,5,16.58424655190433,77,False,train
2022-07-07 12:00:00+00:00,db_eve_eve,long,21624.98,10.483999787018796,5,16.58424655190433,77,False,train
2022-07-09 00:00:00+00:00,barr_top,short,21447.29,9.813279167195631,40,11.825969621336785,9,False,train
2022-07-16 12:00:00+00:00,v_bottom,long,21195.6,16.053494038585065,20,18.946007661967585,59,False,train
2022-07-19 12:00:00+00:00,db_eve_eve,long,23396.62,19.12348090576143,16,7.756248552141296,53,True,train
2022-07-23 00:00:00+00:00,big_m,short,22227.53,8.662280799911924,4,29.870750371273818,219,True,train
2022-07-25 00:00:00+00:00,v_top,short,21941.25,19.107028699915467,20,29.46618811599157,239,True,train
2022-07-31 12:00:00+00:00,big_m,short,23293.32,5.355635061542166,3,33.5603512079858,226,False,train
2022-08-08 00:00:00+00:00,big_w,long,24166.12,4.7895535714285735,5,4.325063353157233,14,True,train
2022-08-08 00:00:00+00:00,db_eve_eve,long,24166.12,4.7895535714285735,5,4.325063353157233,14,True,train
2022-08-08 00:00:00+00:00,hs_bottom,long,24166.12,5.570000000000001,10,4.325063353157233,14,True,train
2022-08-08 00:00:00+00:00,v_bottom,long,24166.12,9.194097616345061,20,4.325063353157233,14,True,train
2022-08-11 00:00:00+00:00,big_w,long,24559.37,6.972563930942807,6,2.6545876380379494,8,True,train
2022-08-11 00:00:00+00:00,db_eve_eve,long,24559.37,6.972563930942807,6,2.6545876380379494,8,True,train
2022-08-26 12:00:00+00:00,big_m,short,20241.05,4.8341466356855465,6,23.541515879858007,174,True,train
2022-09-06 12:00:00+00:00,big_m,short,18790.61,4.382145829822653,7,17.639714729857094,152,True,train
2022-09-06 12:00:00+00:00,triple_top,short,18790.61,5.303224155578301,14,17.639714729857094,152,True,train
2022-09-18 12:00:00+00:00,hs_top,short,19416.18,18.808851265406375,23,20.29328117065252,128,False,train
2022-09-19 00:00:00+00:00,diamond_top,short,18684.87,25.045522954538463,40,17.173627646325606,127,False,train
2022-09-26 12:00:00+00:00,v_bottom,long,19227.82,10.21853484570806,20,11.716512844409827,79,False,train
2022-09-27 00:00:00+00:00,big_w,long,20229.26,4.723383313313288,4,6.186039430013768,78,True,train
2022-09-28 12:00:00+00:00,v_bottom,long,19412.82,9.504982823102175,20,10.651878500908172,75,False,train
2022-10-03 12:00:00+00:00,v_bottom,long,19629.08,9.39170581962204,20,9.432790533229268,65,True,train
2022-10-04 12:00:00+00:00,big_w,long,20337.82,7.121951323063574,6,5.619235493282966,63,True,train
2022-10-04 12:00:00+00:00,db_eve_eve,long,20337.82,7.121951323063574,6,5.619235493282966,63,True,train
2022-10-06 12:00:00+00:00,hs_top,short,19960.67,7.5929181929182,11,22.467532402469452,92,True,train
2022-10-07 12:00:00+00:00,big_m,short,19530.09,3.775975671566143,3,20.758173669450578,90,True,train
2022-10-13 00:00:00+00:00,triple_top,short,18753.2,8.216814170985218,11,17.475417528741765,79,True,train
2022-10-16 12:00:00+00:00,v_bottom,long,19262.98,10.504040848337063,20,11.51260085407347,39,False,train
2022-10-25 12:00:00+00:00,big_w,long,20080.07,5.603217158176943,4,6.974975684845728,21,True,train
2022-11-04 12:00:00+00:00,big_w,long,21148.52,3.8378053480463437,6,1.5704645053176345,1,True,train
2022-11-04 12:00:00+00:00,db_eve_eve,long,21148.52,3.8378053480463437,6,1.5704645053176345,1,True,train
2022-11-30 00:00:00+00:00,big_w,long,16879.32,4.284391573258841,4,49.59133424806213,157,False,train
2022-12-07 00:00:00+00:00,big_m,short,16793.29,3.3544025235575035,4,3.1976462027393175,25,True,train
2022-12-13 00:00:00+00:00,big_w,long,17444.63,4.084039467996246,10,44.743683299674444,131,True,train
2022-12-13 00:00:00+00:00,db_eve_eve,long,17444.63,4.084039467996246,10,44.743683299674444,131,True,train
2022-12-13 00:00:00+00:00,hs_bottom,long,17444.63,3.550368940747042,13,44.743683299674444,131,True,train
2022-12-25 12:00:00+00:00,hs_top,short,16832.11,4.71811301268898,10,2.965225393607816,10,True,train
2022-12-28 12:00:00+00:00,triple_top,short,16547.31,3.0279259775903884,13,1.2951349796432248,4,True,train
2022-12-30 00:00:00+00:00,triple_top,short,16496.27,3.0279259775903884,13,0.9897388924890319,1,True,train
2023-01-30 12:00:00+00:00,big_m,short,22826.15,4.900576546143184,4,14.356604157950425,77,True,train
2023-02-02 00:00:00+00:00,big_w,long,23820.49,5.8340444444444435,4,6.00117797744714,29,True,train
2023-02-09 00:00:00+00:00,hs_top,short,22685.79,7.235621521335807,19,13.826717077077769,58,True,train
2023-02-14 12:00:00+00:00,big_w,long,22199.84,3.460856996862454,6,13.739558483304384,4,False,train
2023-02-14 12:00:00+00:00,db_eve_eve,long,22199.84,3.460856996862454,6,13.739558483304384,4,False,train
2023-02-23 00:00:00+00:00,big_m,short,23780.2,5.910742201508916,3,17.792575335783553,30,False,train
2023-02-24 12:00:00+00:00,big_m,short,23185.29,7.1063924912692435,4,15.68321983464516,27,False,train
2023-02-24 12:00:00+00:00,hs_top,short,23185.29,6.6348910891089155,7,15.68321983464516,27,False,train
2023-02-24 12:00:00+00:00,triple_top,short,23185.29,7.1063924912692435,7,15.68321983464516,27,False,train
2023-03-02 12:00:00+00:00,hs_bottom,long,23465.32,8.263313088636565,13,32.109854031396125,85,True,train
2023-03-03 00:00:00+00:00,big_m,short,22342.92,4.257031810992432,3,12.504319041557677,14,False,train
2023-03-12 12:00:00+00:00,barr_bottom,long,21997.11,20.454790638510286,40,40.927603671573216,65,False,train
2023-03-27 12:00:00+00:00,hs_top,short,27124.91,7.850374375823792,13,8.571125212950015,159,True,train
2023-03-27 12:00:00+00:00,v_top,short,27124.91,10.528524373243325,20,8.571125212950015,159,True,train
2023-03-29 00:00:00+00:00,big_w,long,28353.99,6.582393181867905,6,9.33205520633956,32,True,train
2023-03-29 00:00:00+00:00,db_eve_eve,long,28353.99,6.582393181867905,6,9.33205520633956,32,True,train
2023-04-02 12:00:00+00:00,hs_top,short,28171.87,9.171044534324176,11,11.968925030535777,147,True,train
2023-04-10 12:00:00+00:00,big_w,long,29637.34,5.789507739637585,5,7.311249929986971,188,True,train
2023-04-10 12:00:00+00:00,db_eve_eve,long,29637.34,5.789507739637585,5,7.311249929986971,188,True,train
2023-04-10 12:00:00+00:00,hs_bottom,long,29637.34,5.953881289282732,12,7.311249929986971,188,True,train
2023-04-17 00:00:00+00:00,big_m,short,29570.81,3.4505773209637587,5,16.133511391808344,118,False,train
2023-04-17 00:00:00+00:00,hs_top,short,29570.81,4.3954838709677375,10,16.133511391808344,118,False,train
2023-04-17 00:00:00+00:00,triple_top,short,29570.81,4.59756928745436,10,16.133511391808344,118,False,train
2023-04-19 12:00:00+00:00,big_m,short,28797.1,4.994401442358924,4,13.880217105194617,113,False,train
2023-04-26 00:00:00+00:00,big_w,long,28952.32,5.068623106267276,6,9.850264158450864,157,True,train
2023-04-26 00:00:00+00:00,db_eve_eve,long,28952.32,5.068623106267276,6,9.850264158450864,157,True,train
2023-05-01 12:00:00+00:00,v_top,short,28068.26,11.48053544506477,20,11.643970805457831,89,False,train
2023-05-09 12:00:00+00:00,big_m,short,27628.27,8.321987063987894,11,10.23686969904377,73,False,train
2023-05-10 12:00:00+00:00,big_m,short,27598.75,8.321987063987894,11,10.14085782870601,71,False,train
2023-05-15 00:00:00+00:00,big_w,long,27336.12,4.780783419457875,3,16.344967756945763,119,True,train
2023-05-17 12:00:00+00:00,big_w,long,27405.61,4.780783419457875,3,16.049962033320917,114,True,train
2023-05-23 00:00:00+00:00,hs_bottom,long,27337.36,4.940556575573188,16,16.33969044560265,103,True,train
2023-05-24 12:00:00+00:00,big_m,short,26329.01,3.608457390306289,4,5.807320518318002,43,True,train
2023-05-24 12:00:00+00:00,triple_top,short,26329.01,4.319985433136576,11,5.807320518318002,43,True,train
2023-05-28 12:00:00+00:00,big_w,long,28065.0,6.276851053401983,6,13.323356493853558,92,True,train
2023-05-28 12:00:00+00:00,db_eve_eve,long,28065.0,6.276851053401983,6,13.323356493853558,92,True,train
2023-06-01 00:00:00+00:00,v_top,short,26892.96,9.953853390687732,20,7.782557219435864,28,True,train
2023-06-14 12:00:00+00:00,big_m,short,25128.6,3.2462168157233857,4,1.3076733283987114,1,True,train
2023-06-20 12:00:00+00:00,hs_bottom,long,28307.99,8.225766129032266,13,12.350611965031778,46,False,train
2023-07-03 12:00:00+00:00,big_w,long,31156.2,5.550372881355934,4,13.23588884395401,225,True,train
2023-07-06 12:00:00+00:00,big_m,short,29895.43,4.304635761589404,5,16.70633270703917,134,False,train
2023-07-09 12:00:00+00:00,big_m,short,30160.71,4.304635761589404,5,17.43894623170343,128,False,train
2023-07-13 12:00:00+00:00,big_w,long,31454.23,3.65869782971619,5,20.72220493078355,238,True,train
2023-07-13 12:00:00+00:00,db_eve_eve,long,31454.23,3.65869782971619,5,20.72220493078355,238,True,train
2023-07-24 00:00:00+00:00,triple_top,short,29269.99,3.149430740037948,14,14.926516886408233,99,False,train
2023-07-24 00:00:00+00:00,diamond_top,short,29269.99,9.669655172413796,40,14.926516886408233,99,False,train
2023-07-28 12:00:00+00:00,hs_bottom,long,29314.14,5.155932215134826,10,31.04256171253873,238,True,train
2023-08-16 12:00:00+00:00,big_m,short,28730.51,3.922521986980475,12,13.329070733516385,52,False,train
2023-08-16 12:00:00+00:00,hs_top,short,28730.51,4.749570162676892,25,13.329070733516385,52,False,train
2023-08-17 00:00:00+00:00,triple_top,short,28545.11,5.376009153678461,25,12.76614453403753,51,False,train
2023-09-11 12:00:00+00:00,big_m,short,25162.52,3.4216288491027003,5,0.12335807383362586,1,True,train
2023-09-11 12:00:00+00:00,triple_top,short,25162.52,4.22894699814879,14,0.12335807383362586,1,True,train
2023-09-14 00:00:00+00:00,big_w,long,26446.15,6.2025621460985505,10,85.16676340412499,239,False,train
2023-09-15 12:00:00+00:00,big_w,long,26600.0,6.2025621460985505,10,84.09578947368422,236,False,train
2023-09-18 00:00:00+00:00,hs_bottom,long,27196.98,6.69049435765632,18,80.05484432462724,231,False,train
2023-09-25 00:00:00+00:00,big_m,short,26075.41,5.212027526138799,10,0.3257858649202476,1,True,train
2023-09-25 00:00:00+00:00,diamond_top,short,26075.41,5.70603846153846,40,0.3257858649202476,1,True,train
2023-09-27 12:00:00+00:00,hs_top,short,26372.99,4.025022950075267,18,0.11598988207253005,1,True,train
2023-09-27 12:00:00+00:00,triple_top,short,26372.99,4.193825384278562,18,0.11598988207253005,1,True,train
2023-09-28 12:00:00+00:00,big_w,long,27021.39,3.0261873010327656,8,81.22487407198521,210,False,train
2023-09-28 12:00:00+00:00,db_eve_eve,long,27021.39,3.0261873010327656,8,81.22487407198521,210,False,train
2023-10-02 12:00:00+00:00,barr_top,short,27494.51,9.125119484831725,40,3.47651222007593,18,True,train
2023-10-11 12:00:00+00:00,big_m,short,26875.52,4.11783364255294,3,1.1926094825328046,2,True,train
2023-10-11 12:00:00+00:00,triple_top,short,26875.52,5.226339721286427,11,1.1926094825328046,2,True,train
2023-10-11 12:00:00+00:00,diamond_top,short,26875.52,7.6919482747056565,40,1.1926094825328046,2,True,train
2023-10-16 12:00:00+00:00,big_w,long,28500.78,4.56454847381141,4,71.81803445379391,174,False,train
2023-10-20 00:00:00+00:00,hs_bottom,long,29839.99,9.208076067141297,19,64.10689145673307,167,False,train
2023-10-23 12:00:00+00:00,hs_bottom,long,33069.99,9.208076067141297,19,48.07830301732781,160,False,train
2023-11-01 12:00:00+00:00,big_w,long,35421.43,4.38756609200997,7,38.24817349271331,142,False,train
2023-11-01 12:00:00+00:00,db_eve_eve,long,35421.43,4.38756609200997,7,38.24817349271331,142,False,train
2023-11-07 12:00:00+00:00,big_w,long,35399.12,3.69284876905041,5,38.33530325047628,130,False,train
2023-11-09 00:00:00+00:00,big_w,long,36805.71,4.180213655364608,4,33.04859490551875,127,False,train
2023-11-14 12:00:00+00:00,big_m,short,35551.19,6.663595505617972,7,0.5377879052712505,1,True,train
2023-11-14 12:00:00+00:00,v_top,short,35551.19,10.230608453320942,20,0.5377879052712505,1,True,train
2023-11-14 12:00:00+00:00,barr_top,short,35551.19,8.13304711698874,40,0.5377879052712505,1,True,train
2023-11-21 12:00:00+00:00,hs_top,short,35741.65,8.372827804107425,15,0.3067569628150894,1,True,train
2023-11-21 12:00:00+00:00,v_top,short,35741.65,9.137931034482758,20,0.3067569628150894,1,True,train
2023-11-25 12:00:00+00:00,big_w,long,37780.67,6.338028169014084,11,29.615170932648905,94,False,train
2023-12-01 00:00:00+00:00,db_eve_eve,long,38580.17,4.748413109216226,6,26.929145205943893,83,False,train
2023-12-11 12:00:00+00:00,big_m,short,41253.4,7.209670456180746,6,6.541036617587887,86,True,train
2023-12-13 12:00:00+00:00,big_w,long,42869.03,5.390880612600069,3,14.230436284655855,58,False,train
2023-12-18 12:00:00+00:00,v_bottom,long,42657.8,10.017897091722595,20,14.796074809296305,48,False,train
2023-12-19 00:00:00+00:00,big_w,long,42976.11,5.380716193920863,4,13.945817804356892,47,False,train
2023-12-20 00:00:00+00:00,big_w,long,42864.44,5.380716193920863,4,14.242668281680574,45,False,train
2023-12-23 00:00:00+00:00,barr_top,short,43547.78,11.371261686385672,40,11.465062053679887,63,True,train
2023-12-26 00:00:00+00:00,big_m,short,42685.55,3.837799001434146,3,9.676693869471057,57,True,train
2024-01-01 12:00:00+00:00,big_w,long,44179.55,6.023171912832929,6,10.841961948458053,20,False,train
2024-01-01 12:00:00+00:00,db_eve_eve,long,44179.55,6.023171912832929,6,10.841961948458053,20,False,train
2024-01-08 12:00:00+00:00,big_w,long,46951.04,5.27208480565371,6,57.13602936164992,131,True,train
2024-01-08 12:00:00+00:00,db_eve_eve,long,46951.04,5.27208480565371,6,57.13602936164992,131,True,train
2024-01-12 12:00:00+00:00,big_m,short,42782.73,10.539688616525922,4,9.88186120895044,22,True,train
2024-01-18 12:00:00+00:00,diamond_top,short,41327.5,20.367580981671104,40,6.708608069687254,10,True,train
2024-01-29 12:00:00+00:00,hs_bottom,long,43302.7,11.12094410582285,18,70.37505744445498,89,False,train
2024-02-07 12:00:00+00:00,big_w,long,44349.6,3.8289305677452283,7,66.35324783087108,71,False,train
2024-02-07 12:00:00+00:00,db_eve_eve,long,44349.6,3.8289305677452283,7,66.35324783087108,71,False,train
2024-03-19 00:00:00+00:00,hs_top,short,63081.34,12.529650161974597,19,10.349367974744982,86,False,train
2024-03-24 12:00:00+00:00,v_bottom,long,67209.99,16.80032461220943,20,8.314240189590862,30,True,train
2024-03-25 12:00:00+00:00,big_w,long,69880.01,12.283784450843276,5,4.175700604507656,28,True,train
2024-03-25 12:00:00+00:00,db_eve_eve,long,69880.01,12.283784450843276,5,4.175700604507656,28,True,train
2024-03-25 12:00:00+00:00,hs_bottom,long,69880.01,13.461127108185932,11,4.175700604507656,28,True,train
2024-04-01 00:00:00+00:00,hs_top,short,69460.01,4.751820897834932,11,18.582188513937727,60,True,train
2024-04-02 00:00:00+00:00,big_m,short,65622.69,4.988883716861438,8,13.821240793390215,58,True,train
2024-04-02 00:00:00+00:00,triple_top,short,65622.69,4.988883716861438,11,13.821240793390215,58,True,train
2024-04-02 00:00:00+00:00,v_top,short,65622.69,13.919904761904753,20,13.821240793390215,58,True,train
2024-04-06 12:00:00+00:00,hs_bottom,long,68896.0,10.656850418192217,14,5.663594403158391,4,True,train
2024-04-06 12:00:00+00:00,v_bottom,long,68896.0,10.138660495803643,20,5.663594403158391,4,True,train
2024-04-07 00:00:00+00:00,big_w,long,69357.0,7.468771450948146,5,4.9612728347535295,3,True,train
2024-04-07 00:00:00+00:00,db_eve_eve,long,69357.0,7.468771450948146,5,4.9612728347535295,3,True,train
2024-04-10 12:00:00+00:00,big_w,long,70631.08,7.468771450948146,5,1.9339078490658819,116,True,train
2024-04-10 12:00:00+00:00,db_eve_eve,long,70631.08,7.468771450948146,5,1.9339078490658819,116,True,train
2024-04-12 12:00:00+00:00,big_m,short,67116.52,7.820122041529674,5,15.739344054191134,37,False,train
2024-04-12 12:00:00+00:00,hs_top,short,67116.52,9.40332281152269,13,15.739344054191134,37,False,train
2024-04-12 12:00:00+00:00,v_top,short,67116.52,12.877228514629566,20,15.739344054191134,37,False,train
2024-04-22 00:00:00+00:00,big_w,long,65877.47,9.815417816205061,3,9.28929116433889,93,True,train
2024-04-22 00:00:00+00:00,v_bottom,long,65877.47,16.32439230600109,20,9.28929116433889,93,True,train
2024-04-27 00:00:00+00:00,v_top,short,62862.14,12.80593744866822,20,10.036756623302992,8,False,train
2024-04-30 00:00:00+00:00,hs_top,short,61204.42,7.200566394005278,18,7.600104698320806,2,True,train
2024-04-30 12:00:00+00:00,big_m,short,60672.0,6.121311475409836,4,6.789260284810126,1,True,train
2024-05-07 12:00:00+00:00,big_m,short,62312.08,4.731246031605174,4,14.164428470370435,117,True,train
2024-05-10 12:00:00+00:00,big_m,short,60799.99,4.731246031605174,4,12.02970592593847,111,True,train
2024-05-15 12:00:00+00:00,big_w,long,66206.5,5.453010544448704,8,8.746150302462755,46,True,train
2024-05-15 12:00:00+00:00,db_eve_eve,long,66206.5,5.453010544448704,8,8.746150302462755,46,True,train
2024-05-15 12:00:00+00:00,hs_bottom,long,66206.5,5.453010544448704,11,8.746150302462755,46,True,train
2024-05-15 12:00:00+00:00,v_bottom,long,66206.5,8.111267175572515,20,8.746150302462755,46,True,train
2024-05-28 00:00:00+00:00,v_top,short,68389.87,9.295483792596865,20,21.792613438218254,76,False,train
2024-05-29 00:00:00+00:00,big_m,short,67763.59,3.756971618575096,5,21.069810498528778,74,True,train
2024-06-03 00:00:00+00:00,big_w,long,69080.0,3.5609719514024385,4,4.222669368847718,9,True,train
2024-06-04 12:00:00+00:00,big_w,long,70537.84,3.5609719514024385,4,2.06864854381706,6,True,train
2024-06-11 00:00:00+00:00,big_m,short,66890.01,5.22803273896522,6,20.038986389746384,48,False,train
2024-06-11 00:00:00+00:00,triple_top,short,66890.01,5.22803273896522,10,20.038986389746384,48,False,train
2024-06-14 12:00:00+00:00,big_m,short,66043.99,6.275362977093462,4,19.014690057339063,41,False,train
2024-06-14 12:00:00+00:00,triple_top,short,66043.99,9.002164993716983,10,19.014690057339063,41,False,train
2024-06-17 00:00:00+00:00,big_m,short,65817.2,6.275362977093462,4,18.73563445421561,36,False,train
2024-06-17 00:00:00+00:00,triple_top,short,65817.2,9.002164993716983,10,18.73563445421561,36,False,train
2024-06-28 12:00:00+00:00,big_m,short,60427.84,3.103917838691906,3,11.487933376403983,13,True,train
2024-06-30 12:00:00+00:00,big_w,long,62772.01,3.8729667182791423,3,11.642099719285719,58,True,train
2024-06-30 12:00:00+00:00,v_bottom,long,62772.01,11.91318315849805,20,11.642099719285719,58,True,train
2024-07-04 00:00:00+00:00,big_m,short,57761.94,6.3246258095666255,8,7.40281576415197,2,True,train
2024-07-04 00:00:00+00:00,triple_top,short,57761.94,6.3246258095666255,11,7.40281576415197,2,True,train
2024-07-10 00:00:00+00:00,big_w,long,58492.0,9.327817614838144,6,19.811239143814547,39,False,train
2024-07-10 00:00:00+00:00,db_eve_eve,long,58492.0,9.327817614838144,6,19.811239143814547,39,False,train
2024-07-11 00:00:00+00:00,big_w,long,58777.99,9.327817614838144,6,19.228285962143328,37,False,train
2024-07-11 00:00:00+00:00,db_eve_eve,long,58777.99,9.327817614838144,6,19.228285962143328,37,False,train
2024-07-11 00:00:00+00:00,v_bottom,long,58777.99,16.24732860478634,20,19.228285962143328,37,False,train
2024-07-11 00:00:00+00:00,barr_bottom,long,58777.99,12.989650305786421,40,19.228285962143328,37,False,train
2024-07-30 12:00:00+00:00,big_m,short,66188.0,5.497666646594817,4,25.96845349610201,11,False,train
2024-08-02 12:00:00+00:00,triple_top,short,61498.33,10.437495173874483,15,20.32303966628037,5,False,train
2024-08-08 12:00:00+00:00,v_bottom,long,61685.99,30.079898698615686,20,68.73847692158301,237,False,train
2024-08-15 12:00:00+00:00,big_m,short,57541.06,7.313720275471744,7,8.673910421532028,44,True,train
2024-08-19 12:00:00+00:00,v_bottom,long,59438.5,9.343108409583238,20,82.29430419677482,240,True,train
2024-08-20 00:00:00+00:00,hs_bottom,long,60518.82,10.202583733456683,14,79.04017295776752,239,True,train
2024-08-21 00:00:00+00:00,hs_bottom,long,59361.14,10.202583733456683,14,82.53187186095145,237,True,train
2024-08-27 12:00:00+00:00,big_m,short,59415.0,7.010540373595198,4,11.554321299335186,20,False,train
2024-09-04 00:00:00+00:00,big_m,short,56573.0,7.070070718386777,9,7.111166103971859,5,True,train
2024-09-05 00:00:00+00:00,big_m,short,56698.01,7.070070718386777,9,7.3159710543632865,3,True,train
2024-09-09 12:00:00+00:00,big_w,long,57042.0,8.483349191246432,4,89.95301707513762,198,False,train
2024-09-09 12:00:00+00:00,v_bottom,long,57042.0,12.334948227572802,20,89.95301707513762,198,False,train
2024-09-11 12:00:00+00:00,big_w,long,57338.0,8.483349191246432,4,88.97240922250515,194,False,train
2024-09-26 12:00:00+00:00,db_eve_eve,long,65173.99,3.945063602977196,7,66.25190509281387,164,True,train
2024-10-14 00:00:00+00:00,hs_bottom,long,64920.06,7.691785702168086,20,66.90218708978396,129,False,train
2024-10-28 12:00:00+00:00,big_w,long,69962.21,5.5010726325467365,4,54.87360962439578,100,False,train
2024-10-28 12:00:00+00:00,hs_bottom,long,69962.21,5.730922463990193,16,54.87360962439578,100,False,train
2024-11-03 00:00:00+00:00,barr_top,short,68358.86,12.039976549621182,40,2.2292062799174834,3,True,train
2024-11-06 00:00:00+00:00,db_eve_eve,long,74272.01,7.178798533702397,6,47.549527742685314,150,False,train
2024-11-19 12:00:00+00:00,big_w,long,92310.79,5.978881991447606,6,18.716349410507707,123,False,train
2024-11-25 12:00:00+00:00,big_m,short,93010.01,4.024911743142006,5,17.636822101191036,211,True,train
2024-12-02 12:00:00+00:00,v_bottom,long,95840.62,8.833302322237376,20,14.34400153087491,97,False,train
2024-12-09 00:00:00+00:00,v_top,short,98088.47,11.231070237855691,20,24.040001847311924,238,True,train
2024-12-10 00:00:00+00:00,v_bottom,long,97722.52,13.054338636538313,20,12.142011892448124,82,False,train
2024-12-11 00:00:00+00:00,v_bottom,long,98292.61,13.054338636538313,20,11.491596367214177,80,False,train
2024-12-11 12:00:00+00:00,hs_bottom,long,101125.0,15.01436464088398,12,8.368850432632879,79,True,train
2024-12-18 12:00:00+00:00,barr_top,short,100204.01,11.67279947990454,40,25.643694299260076,219,False,train
2025-01-03 12:00:00+00:00,big_w,long,98174.18,6.014774318273324,6,11.62609150389645,33,True,oos
2025-01-03 12:00:00+00:00,db_eve_eve,long,98174.18,6.014774318273324,6,11.62609150389645,33,True,oos
2025-01-06 12:00:00+00:00,hs_bottom,long,102235.6,8.135500262480964,18,7.191624052678318,27,True,oos
2025-01-14 00:00:00+00:00,big_w,long,96548.04,7.487741255025251,8,13.506188214696028,12,False,oos
2025-01-26 12:00:00+00:00,v_top,short,102620.0,12.588332701666904,20,27.394270122783084,141,False,oos
2025-02-02 12:00:00+00:00,big_m,short,97700.59,8.87693593339263,9,23.73843392347989,127,False,oos
2025-02-02 12:00:00+00:00,diamond_top,short,97700.59,13.976079043161727,40,23.73843392347989,127,False,oos
2025-02-06 00:00:00+00:00,v_bottom,long,98877.99,14.302842525613993,20,1.2742977481641768,3,True,oos
2025-02-24 12:00:00+00:00,big_m,short,91552.88,6.517865393756317,14,18.6175246480504,83,False,oos
2025-02-24 12:00:00+00:00,triple_top,short,91552.88,6.517865393756317,21,18.6175246480504,83,False,oos
2025-03-05 00:00:00+00:00,v_bottom,long,89814.26,19.028949818934297,20,24.679533071919767,157,True,oos
2025-03-09 12:00:00+00:00,big_m,short,80734.37,16.56441717791411,7,7.712167692644403,57,True,oos
2025-03-10 12:00:00+00:00,big_m,short,78595.86,16.56441717791411,7,5.201113646443973,55,True,oos
2025-03-17 12:00:00+00:00,v_bottom,long,84010.03,15.90998902305159,20,46.67058207216448,237,True,oos
2025-03-19 12:00:00+00:00,big_w,long,86845.94,4.908358523964961,4,41.88112881269982,233,True,oos
2025-03-24 00:00:00+00:00,big_w,long,87689.52,7.788299106694961,6,40.51622132268485,224,True,oos
2025-03-24 00:00:00+00:00,db_eve_eve,long,87689.52,7.788299106694961,6,40.51622132268485,224,True,oos
2025-03-26 00:00:00+00:00,big_w,long,87954.96,7.788299106694961,6,40.09215625815757,220,True,oos
2025-03-26 00:00:00+00:00,db_eve_eve,long,87954.96,7.788299106694961,6,40.09215625815757,220,True,oos
2025-03-28 12:00:00+00:00,v_top,short,84424.38,9.405068068319986,20,11.745872460064266,19,False,oos
2025-03-29 00:00:00+00:00,big_m,short,82293.56,6.720965671879547,9,9.460716002564475,18,True,oos
2025-04-02 12:00:00+00:00,big_m,short,82516.29,6.720965671879547,9,9.705101865340763,9,True,oos
2025-04-09 12:00:00+00:00,big_w,long,82615.22,9.040076233424601,4,49.1468521175638,191,False,oos
2025-04-11 00:00:00+00:00,big_w,long,82129.67,9.040076233424601,4,50.02860720127087,188,False,oos
2025-04-11 00:00:00+00:00,v_bottom,long,82129.67,15.810169491525425,20,50.02860720127087,188,False,oos
2025-04-21 00:00:00+00:00,big_w,long,86971.92,3.0878346282181486,8,43.11975635354492,230,False,oos
2025-04-21 00:00:00+00:00,db_eve_eve,long,86971.92,3.0878346282181486,8,43.11975635354492,230,False,oos
2025-04-27 00:00:00+00:00,barr_top,short,93920.01,23.4112471151697,40,1.1925041319735807,2,True,oos
2025-05-01 00:00:00+00:00,big_w,long,96180.01,3.0495578610390295,5,29.417744913937945,210,False,oos
2025-05-07 00:00:00+00:00,big_w,long,97047.43,3.794992342868152,3,28.260995680153517,198,False,oos
2025-05-18 12:00:00+00:00,big_w,long,106454.26,3.1240521716298337,3,16.927213622075815,175,True,oos
2025-05-28 12:00:00+00:00,hs_top,short,107781.78,4.625826040364351,17,8.889981219460283,50,True,oos
2025-05-29 12:00:00+00:00,big_m,short,105589.75,5.0462736433852555,10,6.998548628062856,48,True,oos
2025-05-29 12:00:00+00:00,hs_top,short,105589.75,4.625826040364351,17,6.998548628062856,48,True,oos
2025-05-29 12:00:00+00:00,v_top,short,105589.75,9.64869334164723,20,6.998548628062856,48,True,oos
2025-05-30 12:00:00+00:00,diamond_top,short,103985.48,8.066897636579458,40,5.56373832192725,46,True,oos
2025-05-31 00:00:00+00:00,diamond_top,short,103498.18,8.646138904641615,40,5.119104509857076,45,True,oos
2025-06-20 12:00:00+00:00,big_m,short,103297.99,5.3993469349533365,7,4.9352267164153005,4,True,oos
2025-06-21 12:00:00+00:00,big_m,short,102120.01,5.3993469349533365,7,3.83863064643256,2,True,oos
2025-07-02 12:00:00+00:00,big_w,long,108849.6,3.510745318348143,9,15.939452235010506,192,False,oos
2025-07-02 12:00:00+00:00,db_eve_eve,long,108849.6,3.510745318348143,9,15.939452235010506,192,False,oos
2025-07-22 12:00:00+00:00,big_w,long,119954.42,3.0558779966933005,3,5.2063192002428975,152,True,oos
2025-07-31 12:00:00+00:00,big_m,short,115764.08,3.457599612698966,6,30.375639835776347,226,True,oos
2025-08-06 12:00:00+00:00,hs_bottom,long,114992.27,7.040743388134382,23,9.74618554795031,122,True,oos
2025-08-07 00:00:00+00:00,big_w,long,116519.53,3.3952823445318083,5,8.307706012889003,121,True,oos
2025-08-07 00:00:00+00:00,db_eve_eve,long,116519.53,3.3952823445318083,5,8.307706012889003,121,True,oos
2025-08-15 12:00:00+00:00,big_m,short,117342.05,5.441663713824578,6,31.3119210035959,196,True,oos
2025-08-17 12:00:00+00:00,big_m,short,117405.01,5.441663713824578,6,31.34875590062127,192,True,oos
2025-08-18 00:00:00+00:00,hs_top,short,114947.27,6.161937432716869,13,29.880892343071743,191,True,oos
2025-08-19 00:00:00+00:00,hs_top,short,115508.71,6.161937432716869,13,30.221712284727275,189,True,oos
2025-09-10 12:00:00+00:00,big_w,long,113960.0,3.0154395919146673,6,10.74028606528607,52,True,oos
2025-09-10 12:00:00+00:00,db_eve_eve,long,113960.0,3.0154395919146673,6,10.74028606528607,52,True,oos
2025-09-22 00:00:00+00:00,big_m,short,112876.97,3.0738564834242554,7,28.594823195555303,121,True,oos
2025-09-22 00:00:00+00:00,triple_top,short,112876.97,3.0738564834242554,12,28.594823195555303,121,True,oos
2025-09-25 12:00:00+00:00,hs_top,short,108994.49,5.816234096692109,19,26.051307731244034,114,True,oos
2025-09-29 12:00:00+00:00,big_w,long,114311.96,3.433923399239195,5,10.399323045462609,14,False,oos
2025-09-29 12:00:00+00:00,db_eve_eve,long,114311.96,3.433923399239195,5,10.399323045462609,14,False,oos
2025-10-07 12:00:00+00:00,big_m,short,121332.95,3.327135324556236,3,40.7514611653306,240,False,oos
2025-10-09 12:00:00+00:00,big_m,short,121662.4,3.327135324556236,3,50.683202041057875,239,False,oos
2025-10-10 12:00:00+00:00,v_top,short,112774.5,11.879104609929083,20,46.79648324754267,237,False,oos
2025-10-20 00:00:00+00:00,big_w,long,111016.75,5.517113544779047,4,4.849043049810051,14,True,oos
2025-10-23 12:00:00+00:00,v_bottom,long,110078.18,10.667815444299967,20,5.7430273647329635,7,True,oos
2025-10-26 12:00:00+00:00,big_w,long,114559.4,7.442403331996273,7,1.606677409274146,1,True,oos
2025-10-26 12:00:00+00:00,db_eve_eve,long,114559.4,7.442403331996273,7,1.606677409274146,1,True,oos
2025-10-29 12:00:00+00:00,big_m,short,110021.29,3.7331455917869016,3,45.46510043647006,199,False,oos
2025-11-09 12:00:00+00:00,big_w,long,104722.96,4.871507258752342,3,2.6517967024614215,3,True,oos
2025-11-10 00:00:00+00:00,v_bottom,long,106176.5,11.061257432695957,20,1.24650934999741,2,True,oos
2025-11-12 00:00:00+00:00,big_w,long,105020.83,4.871507258752342,3,0.2975600173794094,1,True,oos
2025-11-26 12:00:00+00:00,v_bottom,long,90484.02,16.079256166508753,20,8.222965778929806,98,True,oos
2025-12-01 00:00:00+00:00,big_m,short,86149.15,3.2571845058319795,4,30.35334649268158,134,True,oos
2025-12-08 00:00:00+00:00,big_w,long,91968.29,4.606421758135728,4,6.476362668045706,75,True,oos
2025-12-09 12:00:00+00:00,big_w,long,92678.8,5.207372883133554,3,5.660075443359217,72,True,oos
2025-12-11 12:00:00+00:00,big_w,long,92513.38,5.207372883133554,3,5.849002598326859,68,True,oos
2025-12-12 12:00:00+00:00,v_top,short,90268.42,8.682065084695136,20,33.53157172796422,111,True,oos
2025-12-14 00:00:00+00:00,big_m,short,89360.0,5.686022346368721,3,32.85586392121755,108,True,oos
2025-12-15 12:00:00+00:00,big_m,short,86432.08,5.686022346368721,3,30.58133045045312,105,True,oos
2025-12-15 12:00:00+00:00,triple_top,short,86432.08,7.831471028945981,12,30.58133045045312,105,True,oos
2025-12-17 00:00:00+00:00,triple_top,short,86983.26,7.831471028945981,12,31.021210288048522,102,True,oos
2025-12-29 00:00:00+00:00,hs_top,short,87567.66,6.775957538854663,17,31.48155380650802,78,True,oos
2026-01-13 12:00:00+00:00,big_w,long,95414.0,3.593006460570363,8,2.6311547571635243,2,True,oos
2026-01-13 12:00:00+00:00,db_eve_eve,long,95414.0,3.593006460570363,8,2.6311547571635243,2,True,oos
2026-02-23 00:00:00+00:00,big_m,short,66207.23,3.648902688887481,3,5.583906772719531,3,True,oos
2026-02-28 12:00:00+00:00,v_bottom,long,66973.26,9.008059832282122,20,23.706088071567677,133,False,oos
2026-03-01 12:00:00+00:00,v_top,short,65776.47,11.96371220861593,20,1.1804677265289565,56,True,oos
2026-03-04 00:00:00+00:00,big_w,long,71111.4,11.96371220861593,7,16.507339188934555,126,False,oos
2026-03-04 00:00:00+00:00,db_eve_eve,long,71111.4,11.96371220861593,7,16.507339188934555,126,False,oos
2026-03-04 12:00:00+00:00,hs_bottom,long,72666.77,11.96371220861593,17,14.01359933845965,125,False,oos
2026-03-16 12:00:00+00:00,big_w,long,74884.67,7.155667662299425,5,10.63679655662501,101,True,oos
2026-03-16 12:00:00+00:00,db_eve_eve,long,74884.67,7.155667662299425,5,10.63679655662501,101,True,oos
2026-03-17 00:00:00+00:00,barr_top,short,74033.11,14.449983524387264,40,12.201446082705427,25,False,oos
2026-03-18 00:00:00+00:00,barr_top,short,72952.85,10.041481934734248,40,10.901356149896824,23,False,oos
2026-03-18 12:00:00+00:00,barr_top,short,71246.54,10.964614749490194,40,8.767499446288893,22,True,oos
2026-03-19 00:00:00+00:00,big_m,short,69952.75,8.081971642703756,7,7.080136234815644,21,True,oos
2026-03-21 12:00:00+00:00,big_m,short,68918.12,8.081971642703756,7,5.685181197629877,16,True,oos
2026-03-22 12:00:00+00:00,hs_top,short,67859.0,9.482434210526309,16,4.213147850690402,14,True,oos
2026-03-26 12:00:00+00:00,big_m,short,68820.31,4.502150005796302,3,5.551137447651715,6,True,oos
2026-03-27 00:00:00+00:00,triple_top,short,66702.78,6.926045558342203,7,2.5527871551980272,5,True,oos
2026-03-30 00:00:00+00:00,big_w,long,67680.45,3.5214461538461577,4,22.413488681000203,74,False,oos
2026-03-31 12:00:00+00:00,big_w,long,68284.48,3.5214461538461577,4,21.33064497232754,71,False,oos
2026-04-13 12:00:00+00:00,big_w,long,74417.99,4.717168563562569,7,11.330607021232359,45,False,oos
2026-04-17 00:00:00+00:00,big_w,long,75589.7,3.0349400523940355,3,9.604880029951175,38,False,oos
2026-04-28 00:00:00+00:00,big_m,short,76229.0,3.281782744282749,9,4.875454223458258,63,True,oos
2026-04-29 12:00:00+00:00,hs_top,short,75780.0,3.1775039673822967,13,4.311836896278694,60,True,oos
2026-04-29 12:00:00+00:00,triple_top,short,75780.0,3.281782744282749,13,4.311836896278694,60,True,oos
2026-05-04 12:00:00+00:00,db_eve_eve,long,79861.01,6.06924275049401,8,3.742740042982183,3,True,oos
2026-05-12 00:00:00+00:00,hs_top,short,80784.87,9.550368135184064,23,10.240011526910907,35,False,oos
2026-05-16 00:00:00+00:00,big_m,short,78081.71,4.729460419162567,8,7.132553833669883,27,False,oos
2026-05-16 00:00:00+00:00,triple_top,short,78081.71,5.200137388712928,17,7.132553833669883,27,False,oos
