idx,chain,signal_time,year,direction,fvg_b,fvg_t,x1_b,x1_t,obh_b,obh_t,entry,sl,tp,risk_abs,risk_pct,outcome,R,entry_time,exit_time
0,F,2020-01-25 10:00:00+00:00,2020,LONG,8337.54,8345.19,8238.0,8404.52,8306.65,8330.0,8342.9,8259.47,8509.75,83.43,1.0,win,2.0,2020-01-25 10:14:00,2020-01-26 16:57:00
1,K,2020-02-21 22:00:00+00:00,2020,SHORT,9664.43,9670.0,9668.0,9699.0,9681.84,9720.0,9666.1,9762.76,9472.78,96.66,1.0,loss,-1.0,2020-02-21 23:10:00,2020-02-23 03:45:00
2,F,2020-03-07 02:00:00+00:00,2020,SHORT,9113.33,9117.37,9107.86,9170.0,9113.98,9143.55,9114.54,9205.69,8932.25,91.15,1.0,win,2.0,2020-03-07 03:30:00,2020-03-07 17:01:00
3,J,2020-03-21 22:00:00+00:00,2020,SHORT,6310.01,6325.0,6204.57,6380.0,6216.11,6456.98,6314.51,6377.65,6188.22,63.15,1.0,no_entry,0.0,,
4,B,2020-03-23 07:00:00+00:00,2020,LONG,5889.67,5890.12,5688.0,5911.11,5855.73,5901.05,5889.98,5758.58,6152.79,131.4,2.231,loss,-1.0,2020-03-23 07:25:00,2020-03-23 08:51:00
5,K,2020-03-23 07:00:00+00:00,2020,LONG,5894.72,5901.26,5688.0,5911.11,5855.73,5901.05,5899.3,5760.35,6177.19,138.95,2.355,loss,-1.0,2020-03-23 07:15:00,2020-03-23 08:51:00
6,B,2020-03-23 13:00:00+00:00,2020,LONG,5867.41,6037.21,5688.0,5911.11,5810.72,5863.53,5986.27,5750.79,6457.22,235.48,3.934,no_entry,0.0,,
7,K,2020-03-23 13:00:00+00:00,2020,LONG,5869.0,6193.78,5688.0,5911.11,5810.72,5863.53,6096.35,5751.35,6786.34,345.0,5.659,no_entry,0.0,,
8,J,2020-03-25 11:00:00+00:00,2020,SHORT,6697.0,6801.0,6697.39,6792.15,6783.96,6957.96,6728.2,6855.94,6472.73,127.74,1.899,no_entry,0.0,,
9,J,2020-03-25 20:00:00+00:00,2020,SHORT,6633.19,6639.96,6557.76,6957.96,6641.79,6674.78,6635.22,6751.26,6403.14,116.04,1.749,loss,-1.0,2020-03-25 20:18:00,2020-03-26 00:01:00
10,F,2020-03-27 10:00:00+00:00,2020,SHORT,6697.75,6697.81,6641.79,6780.0,6654.63,6728.06,6697.77,6764.75,6563.81,66.98,1.0,win,2.0,2020-03-27 21:31:00,2020-03-27 23:43:00
11,B,2020-03-31 22:00:00+00:00,2020,SHORT,6448.0,6455.0,6439.47,6505.5,6465.32,6494.9,6450.1,6514.6,6321.1,64.5,1.0,no_entry,0.0,,
12,K,2020-03-31 22:00:00+00:00,2020,SHORT,6448.0,6464.59,6439.47,6505.5,6465.32,6494.9,6452.98,6517.51,6323.92,64.53,1.0,no_entry,0.0,,
13,B,2020-05-13 08:00:00+00:00,2020,SHORT,8893.43,8893.91,8837.28,8978.26,8883.29,8920.0,8893.57,8982.51,8715.7,88.94,1.0,loss,-1.0,2020-05-13 08:33:00,2020-05-13 11:00:00
14,B,2020-06-10 03:00:00+00:00,2020,SHORT,9780.0,9782.38,9694.64,9877.0,9774.97,9810.0,9780.71,9878.52,9585.1,97.81,1.0,loss,-1.0,2020-06-10 07:02:00,2020-06-10 18:36:00
15,K,2020-06-10 03:00:00+00:00,2020,SHORT,9777.0,9782.38,9694.64,9877.0,9774.97,9810.0,9778.61,9876.4,9583.04,97.79,1.0,loss,-1.0,2020-06-10 05:25:00,2020-06-10 18:36:00
16,B,2020-07-12 05:00:00+00:00,2020,SHORT,9274.34,9274.89,9268.19,9279.56,9270.36,9286.69,9274.5,9367.25,9089.01,92.75,1.0,win,2.0,2020-07-12 05:00:00,2020-07-16 07:16:00
17,B,2020-09-22 23:00:00+00:00,2020,SHORT,10526.99,10528.17,10503.0,10533.46,10512.69,10572.71,10527.34,10632.62,10316.8,105.27,1.0,win,2.0,2020-09-22 23:50:00,2020-09-23 19:05:00
18,K,2020-09-22 23:00:00+00:00,2020,SHORT,10524.38,10528.17,10503.0,10533.46,10512.69,10572.71,10525.52,10630.77,10315.01,105.26,1.0,win,2.0,2020-09-22 23:50:00,2020-09-23 19:05:00
19,F,2021-01-04 14:00:00+00:00,2021,LONG,30272.47,30454.25,30300.0,31962.99,28130.0,31038.35,30399.72,28879.86,33439.42,1519.85,5.0,win,2.0,2021-01-05 05:48:00,2021-01-05 19:00:00
20,J,2021-01-05 07:00:00+00:00,2021,LONG,30616.49,30858.58,30626.36,31745.71,29900.0,30858.98,30785.95,30150.77,32056.32,635.18,2.063,win,2.0,2021-01-05 07:57:00,2021-01-05 12:19:00
21,J,2021-01-05 09:00:00+00:00,2021,LONG,31100.75,31197.1,30626.36,31745.71,30759.47,31123.25,31168.19,30792.4,31919.79,375.8,1.206,win,2.0,2021-01-05 09:09:00,2021-01-05 12:01:00
22,J,2021-01-05 15:00:00+00:00,2021,LONG,31517.95,31561.3,30626.36,31745.71,31111.78,31585.0,31548.29,30938.42,32768.05,609.88,1.933,no_entry,0.0,,
23,J,2021-05-02 01:00:00+00:00,2021,SHORT,57616.4,57751.35,57725.14,58043.01,57660.31,57939.0,57656.89,58233.45,56503.75,576.57,1.0,win,2.0,2021-05-02 02:19:00,2021-05-02 03:39:00
24,F,2021-05-03 20:00:00+00:00,2021,SHORT,57764.43,57791.3,57567.34,57998.97,57603.33,58170.0,57772.49,58350.22,56617.04,577.72,1.0,no_entry,0.0,,
25,B,2021-06-10 22:00:00+00:00,2021,LONG,36100.0,36150.0,35650.16,36242.57,35782.0,36675.1,36135.0,35773.65,36857.7,361.35,1.0,no_entry,0.0,,
26,K,2021-06-10 22:00:00+00:00,2021,LONG,36145.88,36150.0,35650.16,36242.57,35782.0,36675.1,36148.76,35787.28,36871.74,361.49,1.0,no_entry,0.0,,
27,J,2021-06-13 09:00:00+00:00,2021,LONG,35412.66,35516.17,34600.36,35572.84,35171.55,35378.25,35485.12,34884.67,36686.02,600.45,1.692,no_entry,0.0,,
28,J,2021-09-17 08:00:00+00:00,2021,SHORT,47894.0,47924.6,47895.01,48226.38,48040.18,48130.0,47903.18,48382.21,46945.12,479.03,1.0,win,2.0,2021-09-17 08:16:00,2021-09-17 18:14:00
29,F,2021-09-19 02:00:00+00:00,2021,SHORT,48118.1,48217.44,47737.81,48150.0,47874.91,48372.83,48147.9,48629.38,47184.94,481.48,1.0,win,2.0,2021-09-19 07:00:00,2021-09-19 11:51:00
30,F,2021-12-23 14:00:00+00:00,2021,LONG,48349.0,48407.59,48265.24,48421.87,48211.62,48376.94,48390.01,47906.11,49357.81,483.9,1.0,no_entry,0.0,,
31,B,2021-12-26 22:00:00+00:00,2021,LONG,50274.8,50381.78,50142.32,50644.48,49914.73,50342.51,50349.69,49846.19,51356.68,503.5,1.0,no_entry,0.0,,
32,K,2021-12-26 22:00:00+00:00,2021,LONG,50274.8,50732.78,50142.32,50644.48,49914.73,50342.51,50595.39,50089.43,51607.29,505.95,1.0,win,2.0,2021-12-27 00:41:00,2021-12-27 14:41:00
33,J,2022-01-13 16:00:00+00:00,2022,SHORT,43449.97,43967.74,43816.0,44322.0,43924.61,44500.0,43605.3,44091.73,42632.44,486.43,1.116,no_entry,0.0,,
34,F,2022-01-30 10:00:00+00:00,2022,SHORT,38115.14,38150.0,37653.71,38198.82,38139.38,38359.26,38125.6,38506.85,37363.09,381.26,1.0,win,2.0,2022-01-30 10:19:00,2022-01-30 20:07:00
35,F,2022-01-30 20:00:00+00:00,2022,SHORT,37879.08,37885.63,37653.71,38198.82,37977.47,38074.76,37881.04,38259.86,37123.42,378.81,1.0,win,2.0,2022-01-30 23:03:00,2022-01-31 00:44:00
36,F,2022-01-31 02:00:00+00:00,2022,SHORT,37959.88,37979.66,37653.71,38198.82,37729.0,38230.0,37965.81,38345.47,37206.5,379.66,1.0,no_entry,0.0,,
37,J,2022-02-02 14:00:00+00:00,2022,SHORT,38566.67,38604.19,38425.05,39265.2,38490.0,38773.41,38577.93,38963.71,37806.37,385.78,1.0,no_entry,0.0,,
38,J,2022-02-19 00:00:00+00:00,2022,LONG,39975.5,39984.73,39450.0,40178.95,39711.31,39971.05,39981.96,39582.14,40781.6,399.82,1.0,loss,-1.0,2022-02-19 00:00:00,2022-02-20 04:32:00
39,J,2022-02-19 05:00:00+00:00,2022,LONG,40155.97,40168.09,39450.0,40178.95,40060.88,40155.22,40164.45,39697.09,41099.18,467.36,1.164,loss,-1.0,2022-02-19 05:12:00,2022-02-19 11:34:00
40,F,2022-02-19 14:00:00+00:00,2022,LONG,39891.96,39892.34,39711.31,40022.97,39639.03,39926.26,39892.23,39493.3,40690.07,398.92,1.0,loss,-1.0,2022-02-19 14:10:00,2022-02-20 04:59:00
41,F,2022-02-19 18:00:00+00:00,2022,LONG,39890.29,39932.6,39711.31,40022.97,39771.31,40017.88,39919.91,39520.71,40718.31,399.2,1.0,loss,-1.0,2022-02-19 19:50:00,2022-02-20 04:32:00
42,F,2022-02-20 00:00:00+00:00,2022,LONG,39979.15,40005.07,39711.31,40022.97,39800.0,39974.66,39997.29,39597.32,40797.24,399.97,1.0,loss,-1.0,2022-02-20 00:25:00,2022-02-20 04:32:00
43,B,2022-03-23 13:00:00+00:00,2022,LONG,41984.5,42180.89,41995.01,42236.46,41878.82,42156.52,42121.97,41700.75,42964.41,421.22,1.0,win,2.0,2022-03-23 13:33:00,2022-03-23 23:53:00
44,J,2022-08-26 15:00:00+00:00,2022,SHORT,21602.48,21615.88,21563.92,21685.0,21638.88,21886.77,21606.5,21822.56,21174.37,216.06,1.0,no_entry,0.0,,
45,B,2022-09-14 22:00:00+00:00,2022,LONG,19952.94,19957.62,19860.0,20284.89,19851.21,19951.83,19956.22,19756.65,20355.34,199.56,1.0,no_entry,0.0,,
46,J+K,2022-09-14 22:00:00+00:00,2022,LONG,19961.55,20023.0,19860.0,20284.89,19851.21,19951.83,20004.56,19804.52,20404.66,200.05,1.0,loss,-1.0,2022-09-15 01:10:00,2022-09-15 14:40:00
47,B,2022-10-05 16:00:00+00:00,2022,LONG,19855.0,19858.45,19808.0,19872.02,19730.0,19920.35,19857.42,19658.84,20254.56,198.57,1.0,no_entry,0.0,,
48,K,2022-10-05 16:00:00+00:00,2022,LONG,19841.9,19861.62,19808.0,19872.02,19730.0,19920.35,19855.7,19657.15,20252.82,198.56,1.0,no_entry,0.0,,
49,F,2022-11-25 12:00:00+00:00,2022,LONG,16451.59,16460.0,16320.02,16458.05,16407.72,16462.22,16457.48,16292.9,16786.63,164.57,1.0,loss,-1.0,2022-11-25 14:09:00,2022-11-28 01:18:00
50,J,2022-12-08 14:00:00+00:00,2022,LONG,16832.61,16835.85,16733.49,16834.32,16802.88,16850.88,16834.88,16666.53,17171.58,168.35,1.0,win,2.0,2022-12-08 14:33:00,2022-12-08 18:36:00
51,B,2022-12-19 00:00:00+00:00,2022,SHORT,16781.11,16785.82,16772.0,16804.7,16746.94,16863.26,16782.52,16950.35,16446.87,167.83,1.0,win,2.0,2022-12-19 00:23:00,2022-12-19 22:31:00
52,B,2022-12-19 03:00:00+00:00,2022,SHORT,16766.69,16774.41,16772.0,16804.7,16774.25,16804.15,16769.01,16936.7,16433.63,167.69,1.0,win,2.0,2022-12-19 09:36:00,2022-12-19 22:31:00
53,K,2022-12-19 03:00:00+00:00,2022,SHORT,16764.9,16774.41,16772.0,16804.7,16774.25,16804.15,16767.75,16935.43,16432.4,167.68,1.0,win,2.0,2022-12-19 09:36:00,2022-12-19 22:31:00
54,J,2022-12-23 09:00:00+00:00,2022,SHORT,16838.4,16840.01,16826.23,16868.52,16840.74,16860.06,16838.88,17007.27,16502.11,168.39,1.0,win,2.0,2022-12-23 09:00:00,2022-12-28 21:25:00
55,F,2022-12-23 22:00:00+00:00,2022,SHORT,16839.77,16843.81,16823.43,16868.52,16842.05,16860.07,16840.98,17009.39,16504.16,168.41,1.0,win,2.0,2022-12-24 03:21:00,2022-12-28 21:25:00
56,F,2023-02-26 00:00:00+00:00,2023,LONG,22945.92,22967.14,22858.35,23040.57,22722.0,22983.78,22960.77,22731.17,23419.99,229.61,1.0,no_entry,0.0,,
57,F,2023-03-02 20:00:00+00:00,2023,LONG,23314.0,23353.93,23020.03,23505.25,23231.29,23361.1,23341.95,23108.53,23808.79,233.42,1.0,loss,-1.0,2023-03-03 01:18:00,2023-03-03 01:21:00
58,J,2023-03-06 20:00:00+00:00,2023,SHORT,22417.99,22496.3,22410.0,22560.0,22481.63,22539.68,22441.48,22665.9,21992.65,224.41,1.0,win,2.0,2023-03-06 22:39:00,2023-03-07 15:09:00
59,J,2023-03-07 04:00:00+00:00,2023,SHORT,22466.59,22476.75,22410.0,22560.0,22484.8,22557.91,22469.64,22694.33,22020.25,224.7,1.0,win,2.0,2023-03-07 04:01:00,2023-03-07 15:07:00
60,B,2023-03-11 23:00:00+00:00,2023,SHORT,20364.91,20379.6,20367.78,20686.51,20349.4,20450.0,20369.32,20573.01,19961.93,203.69,1.0,loss,-1.0,2023-03-11 23:03:00,2023-03-12 17:26:00
61,B,2023-04-12 10:00:00+00:00,2023,LONG,29932.11,29959.24,29940.0,29940.0,29895.98,29986.99,29951.1,29651.59,30550.12,299.51,1.0,loss,-1.0,2023-04-12 11:10:00,2023-04-12 15:13:00
62,J,2023-05-10 22:00:00+00:00,2023,SHORT,27764.76,27848.5,27818.0,27849.94,27692.27,27982.23,27789.88,28067.78,27234.08,277.9,1.0,no_entry,0.0,,
63,B,2023-05-27 06:00:00+00:00,2023,SHORT,26760.23,26760.95,26750.22,26837.34,26752.0,26786.51,26760.45,27028.05,26225.24,267.6,1.0,loss,-1.0,2023-05-27 06:50:00,2023-05-28 00:41:00
64,B,2023-05-30 19:00:00+00:00,2023,LONG,27732.08,27762.69,27672.93,27745.78,27625.14,27713.43,27753.51,27475.97,28308.58,277.54,1.0,loss,-1.0,2023-05-30 19:02:00,2023-05-31 04:47:00
65,K,2023-05-30 19:00:00+00:00,2023,LONG,27712.0,27751.45,27672.93,27745.78,27625.14,27713.43,27739.62,27462.22,28294.41,277.4,1.0,loss,-1.0,2023-05-30 21:47:00,2023-05-31 04:47:00
66,F,2023-07-27 00:00:00+00:00,2023,SHORT,29390.0,29446.6,29376.0,29412.88,29401.93,29690.0,29406.98,29701.05,28818.84,294.07,1.0,win,2.0,2023-07-27 01:22:00,2023-08-01 02:10:00
67,F,2023-07-28 18:00:00+00:00,2023,SHORT,29411.46,29476.88,29460.01,29567.49,29293.42,29542.22,29431.09,29725.4,28842.46,294.31,1.0,win,2.0,2023-07-30 15:03:00,2023-08-01 02:10:00
68,B,2023-07-29 10:00:00+00:00,2023,SHORT,29303.88,29312.53,29270.0,29305.3,29295.0,29330.55,29306.47,29599.54,28720.35,293.06,1.0,win,2.0,2023-07-29 12:21:00,2023-08-01 02:10:00
69,K,2023-07-29 10:00:00+00:00,2023,SHORT,29298.43,29300.0,29270.0,29305.3,29295.0,29330.55,29298.9,29591.89,28712.92,292.99,1.0,win,2.0,2023-07-29 11:18:00,2023-08-01 15:30:00
70,B,2023-07-29 19:00:00+00:00,2023,SHORT,29300.28,29321.23,29314.14,29406.92,29308.46,29331.39,29306.56,29599.63,28720.43,293.07,1.0,win,2.0,2023-07-29 19:00:00,2023-08-01 02:10:00
71,K,2023-07-29 19:00:00+00:00,2023,SHORT,29305.42,29319.99,29314.14,29406.92,29308.46,29331.39,29309.79,29602.89,28723.6,293.1,1.0,win,2.0,2023-07-29 19:01:00,2023-08-01 02:10:00
72,B,2023-07-30 01:00:00+00:00,2023,SHORT,29352.92,29355.85,29314.14,29406.92,29352.35,29370.02,29353.8,29647.34,28766.72,293.54,1.0,win,2.0,2023-07-30 14:45:00,2023-08-01 02:10:00
73,B,2023-07-30 06:00:00+00:00,2023,SHORT,29322.91,29323.02,29314.14,29406.92,29314.93,29331.98,29322.94,29616.17,28736.48,293.23,1.0,win,2.0,2023-07-30 11:48:00,2023-08-01 02:10:00
74,K,2023-07-30 06:00:00+00:00,2023,SHORT,29316.42,29323.02,29314.14,29406.92,29314.93,29331.98,29318.4,29611.58,28732.03,293.18,1.0,win,2.0,2023-07-30 11:47:00,2023-08-01 02:10:00
75,B,2023-07-30 19:00:00+00:00,2023,SHORT,29379.8,29384.35,29338.03,29380.92,29380.01,29399.18,29381.17,29674.98,28793.54,293.81,1.0,win,2.0,2023-07-31 00:44:00,2023-08-01 02:10:00
76,F,2023-07-30 20:00:00+00:00,2023,SHORT,29379.8,29384.35,29376.0,29406.92,29349.36,29405.66,29381.17,29674.98,28793.54,293.81,1.0,win,2.0,2023-07-31 00:44:00,2023-08-01 02:10:00
77,F,2023-07-31 14:00:00+00:00,2023,SHORT,29427.99,29430.0,29376.0,29449.0,29383.96,29473.97,29428.59,29722.88,28840.02,294.29,1.0,no_entry,0.0,,
78,J+K,2023-07-31 14:00:00+00:00,2023,SHORT,29427.99,29439.01,29376.0,29449.0,29405.99,29473.97,29431.3,29725.61,28842.67,294.31,1.0,no_entry,0.0,,
79,J,2023-09-13 18:00:00+00:00,2023,SHORT,26181.34,26265.01,26156.0,26567.0,26241.31,26405.22,26206.44,26468.51,25682.31,262.06,1.0,loss,-1.0,2023-09-13 20:17:00,2023-09-14 00:54:00
80,J,2023-09-14 00:00:00+00:00,2023,SHORT,26225.15,26228.44,26198.41,26405.22,26226.77,26305.46,26226.14,26488.4,25701.61,262.26,1.0,loss,-1.0,2023-09-14 00:00:00,2023-09-14 00:54:00
81,B,2023-09-29 19:00:00+00:00,2023,LONG,26835.0,26865.01,26859.7,26859.7,26750.0,26875.0,26856.01,26587.45,27393.13,268.56,1.0,no_entry,0.0,,
82,B,2023-11-30 17:00:00+00:00,2023,LONG,37648.68,37658.93,37580.85,37677.96,37520.01,37655.08,37655.86,37279.3,38408.97,376.56,1.0,win,2.0,2023-11-30 17:00:00,2023-12-01 09:09:00
83,K,2023-11-30 17:00:00+00:00,2023,LONG,37648.15,37658.93,37580.85,37677.96,37520.01,37655.08,37655.7,37279.14,38408.81,376.56,1.0,win,2.0,2023-11-30 17:00:00,2023-12-01 09:09:00
84,F,2023-12-08 12:00:00+00:00,2023,LONG,43214.01,43222.56,43058.42,43335.28,43081.1,43166.01,43219.99,42787.8,44084.39,432.2,1.0,no_entry,0.0,,
85,B,2023-12-15 03:00:00+00:00,2023,SHORT,42912.02,42929.35,42734.01,43475.2,42889.0,43044.74,42917.22,43346.39,42058.87,429.17,1.0,win,2.0,2023-12-15 09:03:00,2023-12-15 14:46:00
86,B,2023-12-15 06:00:00+00:00,2023,SHORT,42733.34,42755.79,42734.01,43475.2,42795.94,42868.59,42740.07,43167.48,41885.27,427.4,1.0,win,2.0,2023-12-15 08:02:00,2023-12-15 15:34:00
87,J+K,2023-12-15 06:00:00+00:00,2023,SHORT,42650.0,42750.01,42734.01,43475.2,42795.94,42868.59,42680.0,43106.8,41826.4,426.8,1.0,win,2.0,2023-12-15 07:25:00,2023-12-15 15:34:00
88,B,2024-01-21 00:00:00+00:00,2024,SHORT,41755.91,41763.1,41634.64,41774.0,41733.85,41819.99,41758.07,42175.65,40922.91,417.58,1.0,win,2.0,2024-01-21 10:00:00,2024-01-22 04:53:00
89,K,2024-01-21 00:00:00+00:00,2024,SHORT,41738.14,41753.46,41634.64,41774.0,41733.85,41819.99,41742.74,42160.16,40907.88,417.43,1.0,win,2.0,2024-01-21 09:52:00,2024-01-22 04:53:00
90,B,2024-01-21 12:00:00+00:00,2024,SHORT,41724.68,41771.1,41634.64,41774.0,41747.52,41826.97,41738.61,42155.99,40903.83,417.39,1.0,win,2.0,2024-01-21 12:06:00,2024-01-22 04:54:00
91,K,2024-01-21 12:00:00+00:00,2024,SHORT,41756.0,41762.0,41634.64,41774.0,41747.52,41826.97,41757.8,42175.38,40922.64,417.58,1.0,win,2.0,2024-01-21 12:08:00,2024-01-22 04:53:00
92,J,2024-02-24 08:00:00+00:00,2024,LONG,51021.98,51023.31,50830.0,51100.0,50938.78,51047.36,51022.91,50512.68,52043.37,510.23,1.0,win,2.0,2024-02-24 08:12:00,2024-02-26 15:15:00
93,J,2024-02-24 10:00:00+00:00,2024,LONG,51028.5,51059.11,50830.0,51100.0,50953.0,51068.7,51049.93,50539.43,52070.93,510.5,1.0,win,2.0,2024-02-24 11:16:00,2024-02-26 15:15:00
94,J,2024-02-24 12:00:00+00:00,2024,LONG,51090.02,51091.99,50830.0,51100.0,51034.39,51091.1,51091.4,50580.49,52113.23,510.91,1.0,win,2.0,2024-02-24 12:05:00,2024-02-26 15:16:00
95,J,2024-02-24 14:00:00+00:00,2024,LONG,51100.0,51111.08,50830.0,51100.0,51032.34,51119.79,51107.76,50596.68,52129.91,511.08,1.0,win,2.0,2024-02-24 14:06:00,2024-02-26 15:17:00
96,B,2024-02-29 20:00:00+00:00,2024,LONG,60841.1,60844.54,59494.06,60966.22,60364.7,60982.35,60843.51,59965.52,62599.48,877.98,1.443,win,2.0,2024-02-29 21:11:00,2024-03-01 13:21:00
97,K,2024-02-29 20:00:00+00:00,2024,LONG,60871.1,60978.57,59494.06,60966.22,60364.7,60982.35,60946.33,59976.02,62886.94,970.31,1.592,win,2.0,2024-02-29 21:10:00,2024-03-01 20:56:00
98,B,2024-03-31 01:00:00+00:00,2024,LONG,69674.74,69722.95,69710.0,69732.8,69540.0,69720.91,69708.49,69011.4,71102.66,697.08,1.0,no_entry,0.0,,
99,K,2024-03-31 01:00:00+00:00,2024,LONG,69674.74,69802.26,69710.0,69732.8,69540.0,69720.91,69764.0,69066.36,71159.28,697.64,1.0,no_entry,0.0,,
100,F,2024-05-11 00:00:00+00:00,2024,LONG,60813.36,60854.0,60630.0,61580.01,60456.91,60716.96,60841.81,60233.39,62058.64,608.42,1.0,win,2.0,2024-05-11 00:00:00,2024-05-13 07:53:00
101,J,2024-05-12 01:00:00+00:00,2024,LONG,60853.99,60930.0,60487.09,61018.53,60743.51,60909.99,60907.2,60298.13,62125.34,609.07,1.0,win,2.0,2024-05-12 01:26:00,2024-05-13 07:53:00
102,J,2024-05-12 09:00:00+00:00,2024,LONG,60820.0,60834.59,60487.09,61018.53,60610.0,60946.49,60830.21,60221.91,62046.82,608.3,1.0,win,2.0,2024-05-13 03:18:00,2024-05-13 07:53:00
103,J,2024-05-13 07:00:00+00:00,2024,LONG,60984.09,61132.71,60910.58,61419.01,60797.79,60976.96,61088.12,60477.24,62309.89,610.88,1.0,no_entry,0.0,,
104,B,2024-06-27 20:00:00+00:00,2024,SHORT,61660.01,61763.11,61700.0,61980.0,61842.11,61930.0,61690.94,62307.85,60457.12,616.91,1.0,win,2.0,2024-06-27 23:29:00,2024-06-28 19:17:00
105,K,2024-06-27 20:00:00+00:00,2024,SHORT,61633.97,61760.0,61700.0,61980.0,61842.11,61930.0,61671.78,62288.5,60438.34,616.72,1.0,win,2.0,2024-06-27 22:45:00,2024-06-28 19:17:00
106,B,2024-08-16 21:00:00+00:00,2024,SHORT,59541.93,59616.26,59044.44,59849.38,59467.01,59817.76,59564.23,60159.87,58372.94,595.64,1.0,loss,-1.0,2024-08-17 14:56:00,2024-08-18 02:58:00
107,K,2024-08-16 21:00:00+00:00,2024,SHORT,59490.0,59616.26,59044.44,59849.38,59467.01,59817.76,59527.88,60123.16,58337.32,595.28,1.0,loss,-1.0,2024-08-17 14:56:00,2024-08-18 02:58:00
108,B,2024-08-17 21:00:00+00:00,2024,SHORT,59419.44,59460.0,59158.36,59477.16,59417.68,59541.93,59431.61,60025.92,58242.98,594.32,1.0,loss,-1.0,2024-08-17 23:41:00,2024-08-18 02:58:00
109,K,2024-08-17 21:00:00+00:00,2024,SHORT,59424.87,59451.52,59158.36,59477.16,59417.68,59541.93,59432.86,60027.19,58244.21,594.33,1.0,loss,-1.0,2024-08-17 23:41:00,2024-08-18 02:58:00
110,K,2024-08-18 22:00:00+00:00,2024,SHORT,59650.3,59715.15,59473.19,60259.01,59708.38,59869.77,59669.76,60266.45,58476.36,596.7,1.0,no_entry,0.0,,
111,B,2024-09-04 18:00:00+00:00,2024,SHORT,58031.88,58255.0,57943.53,58251.09,58134.0,58519.0,58098.82,58679.8,56936.84,580.99,1.0,win,2.0,2024-09-04 19:58:00,2024-09-05 03:36:00
112,K,2024-09-04 18:00:00+00:00,2024,SHORT,58074.32,58199.22,57943.53,58251.09,58134.0,58519.0,58111.79,58692.91,56949.55,581.12,1.0,win,2.0,2024-09-04 19:58:00,2024-09-05 03:36:00
113,B,2024-09-05 00:00:00+00:00,2024,SHORT,58009.0,58072.0,57943.53,58251.09,58100.0,58390.0,58027.9,58608.18,56867.34,580.28,1.0,win,2.0,2024-09-05 00:02:00,2024-09-05 06:23:00
114,K,2024-09-05 00:00:00+00:00,2024,SHORT,58070.92,58120.0,57943.53,58251.09,58100.0,58390.0,58085.64,58666.5,56923.93,580.86,1.0,win,2.0,2024-09-05 00:10:00,2024-09-05 03:36:00
115,J,2024-11-02 16:00:00+00:00,2024,LONG,69279.23,69280.27,68820.14,69387.78,69000.14,69366.0,69279.96,68587.16,70665.56,692.8,1.0,loss,-1.0,2024-11-02 18:08:00,2024-11-03 02:15:00
116,B,2024-12-13 11:00:00+00:00,2024,LONG,100153.21,100253.36,100178.32,100178.32,99904.43,100271.99,100223.32,99221.08,102227.78,1002.23,1.0,win,2.0,2024-12-13 12:36:00,2024-12-14 01:17:00
117,K,2024-12-13 11:00:00+00:00,2024,LONG,100163.23,100204.83,100178.32,100178.32,99904.43,100271.99,100192.35,99190.43,102196.2,1001.92,1.0,win,2.0,2024-12-13 12:36:00,2024-12-14 01:17:00
118,J,2024-12-25 22:00:00+00:00,2024,SHORT,98771.35,98870.95,98233.0,99349.31,99018.52,99555.0,98801.23,99789.24,96825.21,988.01,1.0,loss,-1.0,2024-12-25 22:30:00,2024-12-26 00:04:00
119,J,2024-12-26 05:00:00+00:00,2024,SHORT,98597.7,98688.71,98233.0,99349.31,98750.34,99167.12,98625.0,99611.25,96652.5,986.25,1.0,no_entry,0.0,,
120,J,2025-04-21 20:00:00+00:00,2025,LONG,87028.96,87170.44,86644.29,87076.03,86637.47,86847.38,87128.0,86256.72,88870.56,871.28,1.0,win,2.0,2025-04-21 21:30:00,2025-04-22 01:21:00
121,B,2025-04-24 10:00:00+00:00,2025,LONG,92078.75,92281.95,91935.41,92580.18,91660.01,92203.54,92220.99,91298.78,94065.41,922.21,1.0,no_entry,0.0,,
122,K,2025-04-24 10:00:00+00:00,2025,LONG,92078.75,92285.71,91935.41,92580.18,91660.01,92203.54,92223.62,91301.39,94068.09,922.24,1.0,no_entry,0.0,,
123,J,2025-05-03 20:00:00+00:00,2025,LONG,96177.5,96208.15,95852.29,96322.68,96100.0,96191.57,96198.96,95236.97,98122.93,961.99,1.0,loss,-1.0,2025-05-03 22:55:00,2025-05-04 13:45:00
124,B,2025-05-13 05:00:00+00:00,2025,LONG,101842.29,101888.24,100718.37,102364.0,101429.7,102067.98,101874.46,100855.71,103911.94,1018.74,1.0,no_entry,0.0,,
125,J+K,2025-05-13 05:00:00+00:00,2025,LONG,101855.02,102142.86,100718.37,102315.14,101429.7,102067.98,102056.51,101035.94,104097.64,1020.57,1.0,no_entry,0.0,,
126,B,2025-06-27 16:00:00+00:00,2025,LONG,106688.0,106752.1,106562.5,106752.36,106370.44,106821.0,106732.87,105665.54,108867.53,1067.33,1.0,loss,-1.0,2025-06-27 17:45:00,2025-07-01 15:13:00
127,K,2025-06-27 16:00:00+00:00,2025,LONG,106688.0,107006.83,106562.5,106752.36,106370.44,106821.0,106911.18,105842.07,109049.4,1069.11,1.0,loss,-1.0,2025-06-27 17:38:00,2025-07-01 14:46:00
128,F,2025-07-06 12:00:00+00:00,2025,LONG,107918.65,107950.35,107864.75,108112.2,107800.01,108040.31,107940.84,106861.43,110099.66,1079.41,1.0,win,2.0,2025-07-07 16:21:00,2025-07-09 19:24:00
129,J,2025-08-31 10:00:00+00:00,2025,SHORT,108756.24,108968.26,108926.15,109480.02,108708.25,109100.0,108819.85,109908.04,106643.45,1088.2,1.0,loss,-1.0,2025-08-31 15:51:00,2025-09-01 09:33:00
130,J,2025-08-31 20:00:00+00:00,2025,SHORT,109088.63,109106.1,108926.15,109480.02,108993.88,109237.51,109093.87,110184.81,106911.99,1090.94,1.0,loss,-1.0,2025-08-31 20:13:00,2025-09-02 02:59:00
131,F,2025-09-01 00:00:00+00:00,2025,SHORT,108934.13,109070.79,108926.15,109480.02,108930.0,109230.0,108975.13,110064.88,106795.63,1089.75,1.0,loss,-1.0,2025-09-01 07:48:00,2025-09-02 02:58:00
132,F,2025-09-01 12:00:00+00:00,2025,SHORT,109261.97,109486.0,108926.15,109480.02,109432.99,109912.4,109329.18,110422.47,107142.6,1093.29,1.0,loss,-1.0,2025-09-01 13:19:00,2025-09-02 03:07:00
133,J,2025-09-01 16:00:00+00:00,2025,SHORT,108800.0,108944.54,108926.15,109237.51,109023.61,109373.1,108843.36,109931.8,106666.49,1088.43,1.0,loss,-1.0,2025-09-01 16:06:00,2025-09-02 02:57:00
134,F,2025-09-01 22:00:00+00:00,2025,SHORT,109110.09,109167.26,108926.15,109480.02,108927.61,109329.65,109127.24,110218.51,106944.7,1091.27,1.0,loss,-1.0,2025-09-01 23:44:00,2025-09-02 02:59:00
135,B,2025-10-13 15:00:00+00:00,2025,SHORT,114800.0,114880.22,114821.13,115554.83,114412.25,115530.0,114824.07,115972.31,112527.58,1148.24,1.0,win,2.0,2025-10-13 16:08:00,2025-10-14 05:35:00
136,J+K,2025-10-13 15:00:00+00:00,2025,SHORT,114730.96,114831.35,114821.13,115554.83,114412.25,115530.0,114761.08,115908.69,112465.86,1147.61,1.0,win,2.0,2025-10-13 16:08:00,2025-10-14 05:41:00
137,B,2025-12-06 12:00:00+00:00,2025,LONG,89608.58,89612.0,88901.6,89629.27,89462.0,89574.12,89610.97,88714.86,91403.19,896.11,1.0,loss,-1.0,2025-12-06 12:00:00,2025-12-07 13:22:00
138,K,2025-12-06 12:00:00+00:00,2025,LONG,89577.62,89598.12,88901.6,89629.27,89462.0,89574.12,89591.97,88696.05,91383.81,895.92,1.0,loss,-1.0,2025-12-06 12:01:00,2025-12-07 13:22:00
139,B,2025-12-07 01:00:00+00:00,2025,LONG,89367.18,89392.39,88901.6,89629.27,88908.01,89285.93,89384.83,88490.98,91172.52,893.85,1.0,loss,-1.0,2025-12-07 01:45:00,2025-12-07 14:23:00
140,K,2025-12-07 01:00:00+00:00,2025,LONG,89383.46,89392.39,88901.6,89629.27,88908.01,89285.93,89389.71,88495.81,91177.51,893.9,1.0,loss,-1.0,2025-12-07 01:43:00,2025-12-07 14:23:00
141,B,2026-04-15 09:00:00+00:00,2026,LONG,73781.63,73839.02,73806.09,73954.86,73514.0,73891.62,73821.8,73083.58,75298.24,738.22,1.0,win,2.0,2026-04-15 10:33:00,2026-04-15 22:39:00
142,K,2026-04-15 09:00:00+00:00,2026,LONG,73781.63,73864.69,73806.09,73954.86,73514.0,73891.62,73839.77,73101.37,75316.57,738.4,1.0,win,2.0,2026-04-15 10:31:00,2026-04-15 22:39:00
143,B,2026-04-23 23:00:00+00:00,2026,LONG,77913.47,77917.05,77174.01,78048.61,77800.0,77886.97,77915.98,77136.82,79474.3,779.16,1.0,win,2.0,2026-04-24 03:23:00,2026-04-27 01:01:00
144,B,2026-04-24 06:00:00+00:00,2026,LONG,77653.64,77714.55,77174.01,78048.61,77457.0,77737.84,77696.28,76919.31,79250.2,776.96,1.0,win,2.0,2026-04-24 07:21:00,2026-04-27 00:55:00
145,K,2026-04-24 06:00:00+00:00,2026,LONG,77695.68,77714.55,77174.01,78048.61,77457.0,77737.84,77708.89,76931.8,79263.07,777.09,1.0,win,2.0,2026-04-24 07:19:00,2026-04-27 00:55:00
146,B,2026-04-25 09:00:00+00:00,2026,LONG,77503.63,77506.62,77402.01,77737.84,77450.0,77503.63,77505.72,76730.67,79055.84,775.06,1.0,win,2.0,2026-04-25 15:49:00,2026-04-27 00:55:00
147,K,2026-04-25 09:00:00+00:00,2026,LONG,77584.32,77618.0,77402.01,77737.84,77450.0,77503.63,77607.9,76831.82,79160.05,776.08,1.0,win,2.0,2026-04-25 09:23:00,2026-04-27 00:55:00
148,B,2026-04-25 14:00:00+00:00,2026,LONG,77578.67,77609.45,77402.01,77737.84,77550.61,77682.29,77600.22,76824.21,79152.22,776.0,1.0,win,2.0,2026-04-25 15:48:00,2026-04-27 00:55:00
149,K,2026-04-25 14:00:00+00:00,2026,LONG,77578.67,77604.65,77402.01,77737.84,77550.61,77682.29,77596.86,76820.89,79148.79,775.97,1.0,win,2.0,2026-04-25 15:48:00,2026-04-27 00:55:00
