time,close,high,low,y_low_strong_5,p_hit
2025-01-01 00:00:00+00:00,93444.64,94509.42,92888.0,0,0.003264017260284425
2025-01-01 12:00:00+00:00,94591.79,95151.15,93407.07,0,0.0037183219258709265
2025-01-02 00:00:00+00:00,96732.99,96876.38,94392.0,0,0.003964423474732282
2025-01-02 12:00:00+00:00,96984.79,97839.5,95924.6,0,0.003537600519871592
2025-01-03 00:00:00+00:00,96757.58,97342.44,96100.01,0,0.0035860222547057967
2025-01-03 12:00:00+00:00,98174.18,98976.91,96472.43,0,0.0043944254119594305
2025-01-04 00:00:00+00:00,97889.39,98350.04,97532.58,0,0.0038594923552412396
2025-01-04 12:00:00+00:00,98220.5,98778.43,97514.79,0,0.003783581535039375
2025-01-05 00:00:00+00:00,97641.63,98522.76,97600.0,0,0.003359238854472253
2025-01-05 12:00:00+00:00,98363.61,98836.85,97276.79,1,0.33597034671671416
2025-01-06 00:00:00+00:00,99259.99,99892.0,97920.0,0,0.004184626939109391
2025-01-06 12:00:00+00:00,102235.6,102480.0,98711.94,0,0.003919948879941802
2025-01-07 00:00:00+00:00,100830.86,102724.38,100472.45,0,0.004156168468596463
2025-01-07 12:00:00+00:00,96954.61,100960.06,96181.81,0,0.2850345961079637
2025-01-08 00:00:00+00:00,95134.92,97268.65,94543.86,0,0.1134672071937078
2025-01-08 12:00:00+00:00,95060.61,96079.32,92500.9,0,0.8388918186803098
2025-01-09 00:00:00+00:00,93465.23,95382.32,92750.0,0,0.004808393813699193
2025-01-09 12:00:00+00:00,92552.49,94685.25,91203.67,1,0.4942888425879225
2025-01-10 00:00:00+00:00,95073.95,95293.4,92431.73,0,0.00406528515401155
2025-01-10 12:00:00+00:00,94726.11,95836.0,92206.02,0,0.004510693148971243
2025-01-11 00:00:00+00:00,94625.65,94791.67,93831.73,0,0.003946503270484266
2025-01-11 12:00:00+00:00,94599.99,95050.94,93984.55,0,0.003202423264481525
2025-01-12 00:00:00+00:00,94255.1,94699.0,93711.19,0,0.25065415350661063
2025-01-12 12:00:00+00:00,94545.06,95450.1,93800.0,0,0.0028442080088441923
2025-01-13 00:00:00+00:00,90851.22,95940.0,90833.12,0,0.03260293296812399
2025-01-13 12:00:00+00:00,94536.1,94727.15,89256.69,1,0.8615447703186137
2025-01-14 00:00:00+00:00,96548.04,97371.0,94346.22,0,0.003556761905852441
2025-01-14 12:00:00+00:00,96560.86,97265.48,95351.76,0,0.003313593150085693
2025-01-15 00:00:00+00:00,96762.18,97724.96,96500.0,0,0.0036457478606820625
2025-01-15 12:00:00+00:00,100497.35,100681.94,96539.77,0,0.004951199191427161
2025-01-16 00:00:00+00:00,99158.71,100866.66,98617.55,0,0.0037594679544456586
2025-01-16 12:00:00+00:00,99987.3,100641.99,97335.13,0,0.004440005826345303
2025-01-17 00:00:00+00:00,102237.6,102581.45,99950.77,0,0.0028106969118513727
2025-01-17 12:00:00+00:00,104077.48,105865.22,102195.9,0,0.003233284859924776
2025-01-18 00:00:00+00:00,103589.29,104656.87,102277.55,0,0.0034021704661630387
2025-01-18 12:00:00+00:00,104556.23,104988.88,103107.65,0,0.004457350645991594
2025-01-19 00:00:00+00:00,104363.23,105634.78,103450.69,0,0.003615144754637929
2025-01-19 12:00:00+00:00,101331.57,106422.43,99651.6,0,0.17101124737050916
2025-01-20 00:00:00+00:00,108239.19,109588.0,99550.0,1,0.8814990872392595
2025-01-20 12:00:00+00:00,102260.01,108700.01,100333.0,0,0.004311787100356922
2025-01-21 00:00:00+00:00,103758.25,103973.02,100119.04,0,0.005963935260329606
2025-01-21 12:00:00+00:00,106143.82,107240.81,102803.43,0,0.003791107696000866
2025-01-22 00:00:00+00:00,105100.39,106394.46,104647.75,0,0.0038404958354135905
2025-01-22 12:00:00+00:00,103706.66,105584.23,103339.12,0,0.004933813063347584
2025-01-23 00:00:00+00:00,101944.49,103819.99,101262.28,1,0.16708189221910325
2025-01-23 12:00:00+00:00,103910.34,106850.0,101281.62,0,0.004139484717388189
2025-01-24 00:00:00+00:00,105420.1,105759.0,102750.0,0,0.004784641982020493
2025-01-24 12:00:00+00:00,104870.5,107120.0,104456.89,0,0.0038976912843496207
2025-01-25 00:00:00+00:00,104670.99,105280.82,104106.09,0,0.004199939042181397
2025-01-25 12:00:00+00:00,104746.85,105286.52,104449.75,0,0.00448503381093739
2025-01-26 00:00:00+00:00,104818.69,105500.0,104444.01,0,0.004306341091510018
2025-01-26 12:00:00+00:00,102620.0,105260.36,102520.44,0,0.0570834753788432
2025-01-27 00:00:00+00:00,98761.13,103260.0,97777.77,1,0.180679130005534
2025-01-27 12:00:00+00:00,102082.83,102405.0,98714.28,0,0.004431013071891388
2025-01-28 00:00:00+00:00,102762.01,103371.24,101334.55,0,0.0038222608866785583
2025-01-28 12:00:00+00:00,101335.52,103800.0,100272.68,0,0.0048816090124544345
2025-01-29 00:00:00+00:00,102646.0,103000.0,101328.01,0,0.0034778185276645055
2025-01-29 12:00:00+00:00,103733.24,104782.68,101400.01,0,0.004448978791800241
2025-01-30 00:00:00+00:00,105300.63,105595.81,103278.54,0,0.003383197480307522
2025-01-30 12:00:00+00:00,104722.94,106457.44,104660.0,0,0.003263746531065879
2025-01-31 00:00:00+00:00,104736.0,105029.72,103930.09,0,0.0038176899838647744
2025-01-31 12:00:00+00:00,102429.56,106012.0,101560.0,0,0.26013796328373334
2025-02-01 00:00:00+00:00,102028.81,102783.71,101412.0,0,0.251171457822816
2025-02-01 12:00:00+00:00,100635.65,102329.01,100279.51,0,0.05981556615126004
2025-02-02 00:00:00+00:00,98864.6,101456.6,98645.0,0,0.03508086121264285
2025-02-02 12:00:00+00:00,97700.59,99439.05,96150.0,0,0.4790219481190463
2025-02-03 00:00:00+00:00,95107.89,97782.79,91231.0,1,0.7924888977393515
2025-02-03 12:00:00+00:00,101328.52,102500.01,94131.14,0,0.003077614807351142
2025-02-04 00:00:00+00:00,98967.7,101732.31,97860.0,0,0.003409248889319999
2025-02-04 12:00:00+00:00,97763.13,100777.93,96150.0,0,0.0047039433315028785
2025-02-05 00:00:00+00:00,98198.0,98930.44,97131.43,0,0.004184687969707505
2025-02-05 12:00:00+00:00,96612.43,99149.0,96155.0,0,0.0033364060636735604
2025-02-06 00:00:00+00:00,98877.99,99120.0,96430.78,0,0.004458074932340256
2025-02-06 12:00:00+00:00,96554.35,99040.09,95676.64,0,0.3069896212822318
2025-02-07 00:00:00+00:00,97750.0,97883.12,96409.65,0,0.0040973727201290295
2025-02-07 12:00:00+00:00,96506.8,100137.99,95620.34,0,0.3594209192436984
2025-02-08 00:00:00+00:00,96120.0,96880.0,95785.09,0,0.003268322012020353
2025-02-08 12:00:00+00:00,96444.74,96750.0,95688.0,0,0.004380716687238349
2025-02-09 00:00:00+00:00,96554.01,97323.09,96360.14,0,0.004075027149457209
2025-02-09 12:00:00+00:00,96462.75,96760.0,94713.0,0,0.6402211978370576
2025-02-10 00:00:00+00:00,97661.16,97954.69,95256.0,0,0.0046259800680173956
2025-02-10 12:00:00+00:00,97430.82,98345.0,96866.39,0,0.004114170111123608
2025-02-11 00:00:00+00:00,98151.52,98478.42,97416.62,0,0.004849742894869512
2025-02-11 12:00:00+00:00,95778.2,98158.89,94876.88,0,0.3235001559230812
2025-02-12 00:00:00+00:00,96094.65,96469.78,95100.0,0,0.004234018971428202
2025-02-12 12:00:00+00:00,97869.99,98119.99,94088.23,1,0.704411069918349
2025-02-13 00:00:00+00:00,95925.11,98083.91,95599.57,0,0.003796963766407625
2025-02-13 12:00:00+00:00,96608.14,96774.71,95217.36,0,0.004281867108335758
2025-02-14 00:00:00+00:00,96887.56,97248.6,96356.41,0,0.00413042856070589
2025-02-14 12:00:00+00:00,97500.48,98826.0,96252.82,0,0.0035193300088166026
2025-02-15 00:00:00+00:00,97615.59,97972.26,97223.58,0,0.0037098306965808515
2025-02-15 12:00:00+00:00,97569.66,97962.51,97304.38,0,0.0035247906541465306
2025-02-16 00:00:00+00:00,97336.0,97704.47,97061.58,0,0.24802558115892867
2025-02-16 12:00:00+00:00,96118.12,97336.0,96046.18,0,0.2056805165133827
2025-02-17 00:00:00+00:00,96063.18,96638.05,95800.0,0,0.3062389016444668
2025-02-17 12:00:00+00:00,95780.0,97046.59,95205.0,0,0.18222912205148253
2025-02-18 00:00:00+00:00,95640.34,96322.97,95050.0,0,0.3198089908669253
2025-02-18 12:00:00+00:00,95671.74,96753.91,93388.09,1,0.6810718352207489
2025-02-19 00:00:00+00:00,96422.6,96468.99,95029.99,0,0.0044747351385337275
2025-02-19 12:00:00+00:00,96644.37,96899.99,95407.41,0,0.0038544054420715317
2025-02-20 00:00:00+00:00,97207.92,97384.03,96415.09,0,0.0031254450643056807
2025-02-20 12:00:00+00:00,98305.0,98711.36,96799.42,0,0.0037040247518127928
2025-02-21 00:00:00+00:00,98629.3,98896.81,98084.06,0,0.0031030826791705497
2025-02-21 12:00:00+00:00,96181.98,99475.0,94871.95,0,0.28638632341909287
2025-02-22 00:00:00+00:00,96580.0,96611.53,95770.49,0,0.004549938700975308
2025-02-22 12:00:00+00:00,96551.01,96980.0,96345.49,0,0.003724761447311853
2025-02-23 00:00:00+00:00,96115.99,96650.0,96083.33,0,0.0028277404943216526
2025-02-23 12:00:00+00:00,96258.0,96332.44,95227.94,0,0.37009970043338447
2025-02-24 00:00:00+00:00,95821.45,96500.0,95078.01,0,0.29012360951500116
2025-02-24 12:00:00+00:00,91552.88,96095.32,91349.26,0,0.0675246390779097
2025-02-25 00:00:00+00:00,89239.39,92540.69,86888.1,0,0.6882632655806963
2025-02-25 12:00:00+00:00,88680.4,89544.4,86050.99,0,0.5083804433630033
2025-02-26 00:00:00+00:00,88616.8,89414.15,88138.0,0,0.0032469933111928966
2025-02-26 12:00:00+00:00,84250.09,88674.0,82256.01,1,0.3330529610083751
2025-02-27 00:00:00+00:00,86698.6,87078.46,84026.96,0,0.003488482925768767
2025-02-27 12:00:00+00:00,84708.58,86795.9,82716.49,0,0.004204448810554569
2025-02-28 00:00:00+00:00,80513.38,84892.85,78258.52,1,0.43811157725176025
2025-02-28 12:00:00+00:00,84349.94,85120.0,80075.47,0,0.003784413244770695
2025-03-01 00:00:00+00:00,84632.79,86558.0,83824.78,0,0.003161191266813682
2025-03-01 12:00:00+00:00,86064.53,86262.74,84334.39,0,0.00275931394600278
2025-03-02 00:00:00+00:00,86105.89,86589.97,85531.87,0,0.0029860509322576323
2025-03-02 12:00:00+00:00,94270.0,95000.0,85050.6,0,0.0037952507889935055
2025-03-03 00:00:00+00:00,92739.99,94416.46,91142.0,0,0.0039908769360287285
2025-03-03 12:00:00+00:00,86220.61,93721.37,85117.11,0,0.00386162093757597
2025-03-04 00:00:00+00:00,83937.94,86807.98,82464.84,0,0.25797384259475353
2025-03-04 12:00:00+00:00,87281.98,88967.52,81500.0,1,0.5560211307842473
2025-03-05 00:00:00+00:00,89814.26,90660.0,86334.53,0,0.002906982641796523
2025-03-05 12:00:00+00:00,90606.01,91000.0,87600.0,0,0.0026915418204102944
2025-03-06 00:00:00+00:00,91350.0,92810.64,89986.73,0,0.003035922157282195
2025-03-06 12:00:00+00:00,89931.89,91457.03,87836.0,0,0.0038471784261547444
2025-03-07 00:00:00+00:00,88966.96,91283.02,84667.03,0,0.7006195917377893
2025-03-07 12:00:00+00:00,86801.75,91100.0,85573.07,0,0.0038342914941132825
2025-03-08 00:00:00+00:00,85955.88,86897.25,85218.47,0,0.0034312490513486752
2025-03-08 12:00:00+00:00,86222.45,86627.51,85661.76,0,0.0031917293448417952
2025-03-09 00:00:00+00:00,85024.01,86500.0,84625.01,0,0.15250767093201992
2025-03-09 12:00:00+00:00,80734.37,85058.34,80000.0,0,0.12774068844156988
2025-03-10 00:00:00+00:00,83582.0,84123.46,80037.62,0,0.0038911659508553934
2025-03-10 12:00:00+00:00,78595.86,83771.94,77459.91,0,0.1193620327334419
2025-03-11 00:00:00+00:00,81720.34,82092.34,76606.0,1,0.7597889508973771
2025-03-11 12:00:00+00:00,82932.99,83617.4,79058.0,0,0.003302051348201461
2025-03-12 00:00:00+00:00,83004.45,83783.26,81296.0,0,0.003302051348201461
2025-03-12 12:00:00+00:00,83680.12,84539.85,80607.65,0,0.0032708629946021166
2025-03-13 00:00:00+00:00,82975.86,84336.33,82400.04,0,0.003235088034653521
2025-03-13 12:00:00+00:00,81115.78,83900.0,79939.9,1,0.32770415857311386
2025-03-14 00:00:00+00:00,83253.15,83348.46,80818.84,0,0.004958588451253829
2025-03-14 12:00:00+00:00,83983.2,85309.71,82640.59,0,0.00335919161123497
2025-03-15 00:00:00+00:00,84103.74,84676.28,83618.0,0,0.0032991144233177248
2025-03-15 12:00:00+00:00,84338.44,84499.74,84010.58,0,0.0034770554034841104
2025-03-16 00:00:00+00:00,82410.02,84418.0,82381.46,0,0.0804063434038327
2025-03-16 12:00:00+00:00,82574.53,85117.04,81981.12,1,0.2526915501992962
2025-03-17 00:00:00+00:00,83514.73,83869.77,82523.0,0,0.003691660415087848
2025-03-17 12:00:00+00:00,84010.03,84756.83,82456.0,0,0.003468730280877824
2025-03-18 00:00:00+00:00,82581.1,84021.74,82244.68,0,0.3758331674938463
2025-03-18 12:00:00+00:00,82715.03,82821.6,81134.66,1,0.7227182123845667
2025-03-19 00:00:00+00:00,83881.4,84119.09,82547.16,0,0.004194965761273149
2025-03-19 12:00:00+00:00,86845.94,87000.0,83510.21,0,0.0041052273769056034
2025-03-20 00:00:00+00:00,85502.17,87453.67,84755.14,0,0.003015979894361365
2025-03-20 12:00:00+00:00,84223.39,86532.04,83655.23,0,0.0036080386672432212
2025-03-21 00:00:00+00:00,84046.52,84850.33,83700.47,0,0.0037754739828780998
2025-03-21 12:00:00+00:00,84088.79,84584.0,83175.25,1,0.4205345539577301
2025-03-22 00:00:00+00:00,84239.25,84539.17,83989.58,0,0.003721699930593684
2025-03-22 12:00:00+00:00,83840.59,84320.0,83625.1,0,0.0039010129672304127
2025-03-23 00:00:00+00:00,84679.99,85027.32,83809.75,0,0.004201605305865833
2025-03-23 12:00:00+00:00,86082.5,86129.64,84573.4,0,0.004395118440764414
2025-03-24 00:00:00+00:00,87689.52,87909.99,85519.09,0,0.0044651598483024645
2025-03-24 12:00:00+00:00,87498.16,88765.43,87050.6,0,0.004824228662929396
2025-03-25 00:00:00+00:00,87370.43,87679.25,86310.0,0,0.0043297761194557435
2025-03-25 12:00:00+00:00,87392.87,88539.63,86929.46,0,0.004130295420591309
2025-03-26 00:00:00+00:00,87954.96,88275.0,87030.56,0,0.0038855131348281224
2025-03-26 12:00:00+00:00,86909.17,88000.0,85860.0,0,0.26090933846604114
2025-03-27 00:00:00+00:00,86943.52,87756.39,86787.0,0,0.00463763556850573
2025-03-27 12:00:00+00:00,87232.01,87728.27,85800.0,0,0.5713045257568692
2025-03-28 00:00:00+00:00,85255.26,87515.67,84800.0,0,0.1625530116120842
2025-03-28 12:00:00+00:00,84424.38,85609.74,83585.0,0,0.21847477538891802
2025-03-29 00:00:00+00:00,82293.56,84624.73,82007.0,0,0.06251301748313266
2025-03-29 12:00:00+00:00,82648.54,82882.01,81644.81,0,0.49846627280349987
2025-03-30 00:00:00+00:00,83111.76,83534.64,82500.0,0,0.003937128977634643
2025-03-30 12:00:00+00:00,82389.99,83268.05,81565.0,0,0.4768756851455873
2025-03-31 00:00:00+00:00,82205.51,82444.89,81278.52,1,0.5580602619607774
2025-03-31 12:00:00+00:00,82550.01,83943.08,81656.0,0,0.004655367956935178
2025-04-01 00:00:00+00:00,83930.3,84504.74,82432.74,0,0.003743373284958385
2025-04-01 12:00:00+00:00,85158.34,85579.46,82544.0,0,0.004010607520464119
2025-04-02 00:00:00+00:00,84566.91,85450.0,83904.72,0,0.003483041100582908
2025-04-02 12:00:00+00:00,82516.29,88500.0,82320.0,0,0.15783726352119923
2025-04-03 00:00:00+00:00,83096.01,83998.02,82175.98,0,0.2580890456919446
2025-04-03 12:00:00+00:00,83213.09,83332.2,81211.24,0,0.4730763188125786
2025-04-04 00:00:00+00:00,82680.45,84720.0,81659.0,0,0.0034325038399755704
2025-04-04 12:00:00+00:00,83889.87,84620.01,81849.05,0,0.003915104928455241
2025-04-05 00:00:00+00:00,83452.69,84266.0,83297.66,0,0.00365995513205923
2025-04-05 12:00:00+00:00,83537.99,83688.0,82379.95,0,0.003477394114959681
2025-04-06 00:00:00+00:00,82855.99,83817.63,82666.0,0,0.0033311053839270134
2025-04-06 12:00:00+00:00,78430.0,82981.14,77153.83,0,0.4265562951131651
2025-04-07 00:00:00+00:00,76685.62,79347.46,74508.0,1,0.6261208163424387
2025-04-07 12:00:00+00:00,79163.24,81243.58,75789.01,0,0.005279665303973135
2025-04-08 00:00:00+00:00,79982.0,80867.99,78772.14,0,0.004072574867337997
2025-04-08 12:00:00+00:00,76322.42,80375.0,76239.9,0,0.0040071959698807945
2025-04-09 00:00:00+00:00,76230.01,77979.3,74620.0,1,0.4609034561321109
2025-04-09 12:00:00+00:00,82615.22,83588.0,76010.21,0,0.0037217841860284653
2025-04-10 00:00:00+00:00,81882.01,82753.21,81292.99,0,0.0037573205662844917
2025-04-10 12:00:00+00:00,79607.3,82466.35,78464.36,0,0.003961292001811939
2025-04-11 00:00:00+00:00,82129.67,82985.71,78969.58,0,0.004236989926129176
2025-04-11 12:00:00+00:00,83423.84,84300.0,81341.22,0,0.003620433769940793
2025-04-12 00:00:00+00:00,83528.3,84031.87,82792.95,0,0.003620433769940793
2025-04-12 12:00:00+00:00,85276.9,85905.0,83474.94,0,0.0034564725186781928
2025-04-13 00:00:00+00:00,84528.66,86100.0,84216.15,0,0.0031685500538566574
2025-04-13 12:00:00+00:00,83760.0,84990.22,83034.23,1,0.22534117074690513
2025-04-14 00:00:00+00:00,84927.55,85544.3,83678.0,0,0.0040087165000227045
2025-04-14 12:00:00+00:00,84591.58,85799.99,83709.25,0,0.0037059146533443017
2025-04-15 00:00:00+00:00,85589.23,86000.0,84347.97,0,0.0034841096751564403
2025-04-15 12:00:00+00:00,83643.99,86496.42,83600.0,0,0.0729798073622824
2025-04-16 00:00:00+00:00,84048.11,84127.05,83111.64,1,0.41205559669122394
2025-04-16 12:00:00+00:00,84030.38,85500.0,83275.0,0,0.003292219191111506
2025-04-17 00:00:00+00:00,84562.0,85053.38,83814.48,0,0.0033216050362655037
2025-04-17 12:00:00+00:00,84947.91,85470.01,83736.26,0,0.0036200482238268393
2025-04-18 00:00:00+00:00,84669.11,85132.08,84413.23,0,0.0036548573149610235
2025-04-18 12:00:00+00:00,84474.69,84769.95,84303.96,0,0.00327360363157283
2025-04-19 00:00:00+00:00,85217.4,85436.72,84364.45,0,0.00353695567888077
2025-04-19 12:00:00+00:00,85077.01,85677.99,84694.49,0,0.0033857721963134373
2025-04-20 00:00:00+00:00,84129.83,85320.76,83949.52,1,0.07168077331356355
2025-04-20 12:00:00+00:00,85179.24,85298.0,84099.3,0,0.003003598260099235
2025-04-21 00:00:00+00:00,86971.92,87795.26,85144.76,0,0.004894343969005335
2025-04-21 12:00:00+00:00,87516.23,88465.99,86389.78,0,0.0058284514591024
2025-04-22 00:00:00+00:00,88614.1,88877.0,87076.03,0,0.003454750372289911
2025-04-22 12:00:00+00:00,93442.99,93888.0,88482.0,0,0.003914419343035088
2025-04-23 00:00:00+00:00,93466.01,94521.79,92580.18,0,0.0040522436191021026
2025-04-23 12:00:00+00:00,93691.08,94696.05,91935.41,0,0.0049997629806002725
2025-04-24 00:00:00+00:00,92619.94,93787.65,91660.01,1,0.5732332142652848
2025-04-24 12:00:00+00:00,93980.47,94005.0,92434.78,0,0.0037702830315154956
2025-04-25 00:00:00+00:00,94635.67,94660.0,92855.96,0,0.0033221758990980665
2025-04-25 12:00:00+00:00,94638.68,95758.04,93929.41,0,0.003151322309690679
2025-04-26 00:00:00+00:00,94144.06,95199.0,93990.6,0,0.0040042008394463365
2025-04-26 12:00:00+00:00,94628.0,94888.0,93870.69,0,0.29983915378406667
2025-04-27 00:00:00+00:00,93920.01,95369.0,93655.0,0,0.174445840991727
2025-04-27 12:00:00+00:00,93749.3,94545.45,93602.58,0,0.12651403387998997
2025-04-28 00:00:00+00:00,95319.99,95550.0,92800.01,1,0.5466459983273757
2025-04-28 12:00:00+00:00,95011.18,95630.0,93444.0,0,0.003038388972716218
2025-04-29 00:00:00+00:00,95129.74,95461.53,94200.0,0,0.0029760897115423818
2025-04-29 12:00:00+00:00,94256.82,95459.99,93742.54,0,0.004483299631002235
2025-04-30 00:00:00+00:00,95176.66,95228.45,94136.48,0,0.004454322162342062
2025-04-30 12:00:00+00:00,94172.0,95214.9,92910.0,1,0.44114847139210395
2025-05-01 00:00:00+00:00,96180.01,96396.31,94130.43,0,0.003505491489622804
2025-05-01 12:00:00+00:00,96489.91,97424.02,95769.66,0,0.003335202407604205
2025-05-02 00:00:00+00:00,96928.97,97309.78,96350.0,0,0.003507280001396961
2025-05-02 12:00:00+00:00,96887.14,97895.68,96561.57,0,0.0030528167773820883
2025-05-03 00:00:00+00:00,95942.02,96935.67,95852.29,0,0.08039043344942097
2025-05-03 12:00:00+00:00,95856.42,96509.44,95753.01,0,0.239941349624269
2025-05-04 00:00:00+00:00,95423.2,96304.48,95286.78,0,0.10857949674049751
2025-05-04 12:00:00+00:00,94277.62,95758.08,94151.38,0,0.040471713755463906
2025-05-05 00:00:00+00:00,94038.18,94825.46,93514.1,1,0.15339917767000072
2025-05-05 12:00:00+00:00,94733.68,95199.0,93613.66,0,0.003953521338245678
2025-05-06 00:00:00+00:00,93812.54,94926.99,93720.63,0,0.003279562270162429
2025-05-06 12:00:00+00:00,96834.02,96920.65,93377.0,1,0.5302450197196126
2025-05-07 00:00:00+00:00,97047.43,97732.0,96208.1,0,0.002048269118109063
2025-05-07 12:00:00+00:00,97030.5,97478.27,95784.61,0,0.003561729193148246
2025-05-08 00:00:00+00:00,99409.14,99888.0,96876.29,0,0.0017567011092880264
2025-05-08 12:00:00+00:00,103261.6,104145.76,99090.66,0,0.00242455420878388
2025-05-09 00:00:00+00:00,102958.31,104361.3,102364.0,0,0.002471913784174947
2025-05-09 12:00:00+00:00,102971.99,103793.66,102315.14,0,0.0021282132139262356
2025-05-10 00:00:00+00:00,103434.94,104100.0,102818.76,0,0.0018034711510378637
2025-05-10 12:00:00+00:00,104809.53,104984.57,103005.33,0,0.001884455219245272
2025-05-11 00:00:00+00:00,104652.01,104972.0,103345.06,0,0.002022667593306256
2025-05-11 12:00:00+00:00,104118.0,104888.0,103569.77,0,0.00208553039172398
2025-05-12 00:00:00+00:00,103762.9,105819.45,103625.0,0,0.0019058291801013736
2025-05-12 12:00:00+00:00,102791.32,104629.96,100718.37,1,0.30982312847125215
2025-05-13 00:00:00+00:00,103729.2,103822.03,101429.7,0,0.0021645279483843713
2025-05-13 12:00:00+00:00,104103.72,104976.25,102811.32,0,0.001946908975933643
2025-05-14 00:00:00+00:00,103944.93,104145.0,102875.22,0,0.0022100951509015105
2025-05-14 12:00:00+00:00,103507.82,104356.95,102602.05,0,0.21279148305240003
2025-05-15 00:00:00+00:00,102371.61,103866.51,101500.0,0,0.26072177521743284
2025-05-15 12:00:00+00:00,103763.71,104192.7,101383.07,1,0.37530519521275246
2025-05-16 00:00:00+00:00,103651.71,104466.01,103100.49,0,0.0031804284464346656
2025-05-16 12:00:00+00:00,103463.9,104550.33,103343.07,0,0.002600125576976638
2025-05-17 00:00:00+00:00,102994.17,103709.86,102612.5,1,0.1508693280425876
2025-05-17 12:00:00+00:00,103126.65,103477.87,102640.02,0,0.0029101106653052666
2025-05-18 00:00:00+00:00,103800.54,104088.2,103105.09,0,0.0027771757709451925
2025-05-18 12:00:00+00:00,106454.26,106660.0,103285.71,0,0.0028838835253708504
2025-05-19 00:00:00+00:00,102963.41,107108.62,102000.0,1,0.2564178113712006
2025-05-19 12:00:00+00:00,105573.74,105829.99,102126.16,0,0.0029393684572695884
2025-05-20 00:00:00+00:00,105203.76,106853.27,104847.16,0,0.0030489642453173913
2025-05-20 12:00:00+00:00,106849.99,107320.0,104184.72,0,0.003833746820022752
2025-05-21 00:00:00+00:00,106546.44,107985.05,106100.01,0,0.0033966574551521503
2025-05-21 12:00:00+00:00,109643.99,110797.38,106117.67,0,0.004399482372860191
2025-05-22 00:00:00+00:00,110981.97,111880.0,109177.37,0,0.0033492779005697727
2025-05-22 12:00:00+00:00,111696.21,111980.0,110550.0,0,0.0033687793369106154
2025-05-23 00:00:00+00:00,109076.35,111800.0,108888.0,0,0.10238634642974484
2025-05-23 12:00:00+00:00,107318.3,109992.75,106800.0,0,0.15381395409526488
2025-05-24 00:00:00+00:00,109208.56,109506.03,106875.41,0,0.003630217985650407
2025-05-24 12:00:00+00:00,107761.91,109282.81,107500.0,0,0.004293389817726895
2025-05-25 00:00:00+00:00,107260.0,108288.69,106708.98,0,0.3091661767403438
2025-05-25 12:00:00+00:00,109004.19,109299.99,106600.64,0,0.6429608438391665
2025-05-26 00:00:00+00:00,109772.72,110228.11,108670.58,0,0.0034800449328793786
2025-05-26 12:00:00+00:00,109434.79,110422.22,108858.28,0,0.0033316170412933006
2025-05-27 00:00:00+00:00,109585.49,109899.0,107516.57,0,0.5183692269855115
2025-05-27 12:00:00+00:00,108938.17,110718.0,108600.0,0,0.0037907096213446786
2025-05-28 00:00:00+00:00,108870.38,109284.7,108258.01,0,0.003385499043824129
2025-05-28 12:00:00+00:00,107781.78,109053.39,106769.43,0,0.20276567052754038
2025-05-29 00:00:00+00:00,108779.84,108891.91,106948.01,0,0.003810841624769567
2025-05-29 12:00:00+00:00,105589.75,108797.25,105322.86,0,0.09131782062790984
2025-05-30 00:00:00+00:00,105880.51,106313.12,104600.5,0,0.7056905050925235
2025-05-30 12:00:00+00:00,103985.48,106000.0,103621.0,0,0.05579048698826255
2025-05-31 00:00:00+00:00,103498.18,104292.69,103068.55,0,0.09542180784632706
2025-05-31 12:00:00+00:00,104591.88,104900.0,103480.11,0,0.003817225436596799
2025-06-01 00:00:00+00:00,104082.68,104729.99,103752.49,0,0.002570135110966847
2025-06-01 12:00:00+00:00,105642.93,105866.91,103783.01,0,0.004048002703464273
2025-06-02 00:00:00+00:00,104047.64,105935.63,103941.0,0,0.00292196186746475
2025-06-02 12:00:00+00:00,105857.99,105931.44,103659.88,1,0.5642221647386236
2025-06-03 00:00:00+00:00,105287.24,106500.0,104872.5,0,0.003863614687141767
2025-06-03 12:00:00+00:00,105376.89,106794.67,105031.6,0,0.0030610626566661566
2025-06-04 00:00:00+00:00,105084.36,106000.0,105080.26,0,0.002610711957308625
2025-06-04 12:00:00+00:00,104696.86,105542.0,104179.0,0,0.21059956087488305
2025-06-05 00:00:00+00:00,104827.8,105240.84,104380.0,0,0.003973130502422188
2025-06-05 12:00:00+00:00,101508.68,105909.71,100372.26,1,0.5049785575825926
2025-06-06 00:00:00+00:00,103927.99,103991.45,101095.8,0,0.004317453460586901
2025-06-06 12:00:00+00:00,104288.44,105333.0,103513.7,0,0.004114086676091886
2025-06-07 00:00:00+00:00,105150.01,105319.13,103871.09,0,0.004173708171767439
2025-06-07 12:00:00+00:00,105552.15,105900.0,105150.0,0,0.004039971219041911
2025-06-08 00:00:00+00:00,105686.71,105786.33,104964.14,0,0.004039971219041911
2025-06-08 12:00:00+00:00,105734.0,106488.14,105520.25,0,0.004039971219041911
2025-06-09 00:00:00+00:00,107759.21,107806.0,105318.37,0,0.004754661399255603
2025-06-09 12:00:00+00:00,110263.02,110530.17,106860.0,0,0.004513533399991805
2025-06-10 00:00:00+00:00,109541.28,110311.82,109056.9,0,0.004148914503665919
2025-06-10 12:00:00+00:00,110274.39,110400.0,108331.03,0,0.004794031123258609
2025-06-11 00:00:00+00:00,109252.09,110274.4,109193.89,0,0.004462090505142317
2025-06-11 12:00:00+00:00,108645.12,110392.01,108064.0,0,0.3492268480615813
2025-06-12 00:00:00+00:00,106900.95,108813.55,106874.47,0,0.07972602675442306
2025-06-12 12:00:00+00:00,105671.73,108450.16,105671.72,0,0.05423534205968546
2025-06-13 00:00:00+00:00,105039.48,105694.0,102664.31,1,0.6767118035001943
2025-06-13 12:00:00+00:00,106066.59,106179.53,104118.0,0,0.004868493155032396
2025-06-14 00:00:00+00:00,105082.01,106252.0,104792.98,0,0.003731519077948218
2025-06-14 12:00:00+00:00,105414.64,105480.0,104300.0,0,0.00522420321837687
2025-06-15 00:00:00+00:00,104970.51,106128.57,104867.64,0,0.003899478795421828
2025-06-15 12:00:00+00:00,105594.01,105838.24,104494.53,0,0.00418366266689602
2025-06-16 00:00:00+00:00,106883.99,107262.31,104980.37,0,0.004324529485720579
2025-06-16 12:00:00+00:00,106794.53,108952.38,106495.09,0,0.004772531270268753
2025-06-17 00:00:00+00:00,105641.47,107771.34,105508.23,0,0.003128346224393371
2025-06-17 12:00:00+00:00,104551.17,105862.03,103371.02,0,0.3537048635856088
2025-06-18 00:00:00+00:00,104840.59,105550.27,104175.87,0,0.004058116275214258
2025-06-18 12:00:00+00:00,104886.78,105325.83,103500.0,0,0.003923269802924482
2025-06-19 00:00:00+00:00,104776.23,105226.17,104457.12,0,0.0039745415123337135
2025-06-19 12:00:00+00:00,104658.59,104917.05,103929.27,0,0.004450690883357287
2025-06-20 00:00:00+00:00,105977.82,106524.65,104238.02,0,0.0036624428467653277
2025-06-20 12:00:00+00:00,103297.99,106149.17,102345.0,0,0.2645311989535784
2025-06-21 00:00:00+00:00,103874.64,103982.64,103127.48,0,0.004048353255270298
2025-06-21 12:00:00+00:00,102120.01,103946.47,100837.9,0,0.31135018017784216
2025-06-22 00:00:00+00:00,102739.48,103399.62,101839.96,0,0.0031793362025072185
2025-06-22 12:00:00+00:00,100963.87,102831.0,98200.0,1,0.956967788111188
2025-06-23 00:00:00+00:00,101289.01,102137.0,100494.25,0,0.004204489814887209
2025-06-23 12:00:00+00:00,105333.93,106074.2,99613.33,0,0.004346465651083077
2025-06-24 00:00:00+00:00,105170.0,105811.0,104622.02,0,0.004095923404604426
2025-06-24 12:00:00+00:00,106083.0,106290.0,104800.98,0,0.0031918802266928067
2025-06-25 00:00:00+00:00,107198.02,107237.44,105808.03,0,0.003766134560396865
2025-06-25 12:00:00+00:00,107340.58,108135.3,106752.36,0,0.0038267184842996835
2025-06-26 00:00:00+00:00,107325.41,108272.45,107105.43,0,0.0038267184842996835
2025-06-26 12:00:00+00:00,106947.06,108000.0,106562.5,0,0.2410001285375369
2025-06-27 00:00:00+00:00,106983.6,107735.34,106438.33,0,0.27808085482189526
2025-06-27 12:00:00+00:00,107047.59,107709.22,106356.76,0,0.23607636402596247
2025-06-28 00:00:00+00:00,107373.39,107496.12,106811.51,0,0.003638176578872243
2025-06-28 12:00:00+00:00,107296.79,107577.75,107084.15,0,0.003364060160471331
2025-06-29 00:00:00+00:00,108477.11,108484.0,107172.52,0,0.0052636183519129435
2025-06-29 12:00:00+00:00,108356.93,108528.5,107250.0,0,0.004718515218309153
2025-06-30 00:00:00+00:00,107654.2,108789.99,107400.0,0,0.0039048183284024676
2025-06-30 12:00:00+00:00,107146.5,107858.79,106733.33,0,0.18600319876312355
2025-07-01 00:00:00+00:00,106605.8,107540.0,106301.86,0,0.16025538926808774
2025-07-01 12:00:00+00:00,105681.14,107179.99,105250.85,0,0.1285102900821952
2025-07-02 00:00:00+00:00,107479.99,107860.23,105100.19,1,0.7065344909345947
2025-07-02 12:00:00+00:00,108849.6,109730.0,107186.1,0,0.006504648553551229
2025-07-03 00:00:00+00:00,109599.19,110273.21,108530.4,0,0.003872267538523761
2025-07-03 12:00:00+00:00,109584.78,110529.18,108749.99,0,0.004103874644411782
2025-07-04 00:00:00+00:00,108888.0,109767.59,108518.83,0,0.11170048874815083
2025-07-04 12:00:00+00:00,107984.24,108978.64,107245.0,1,0.19220786322058037
2025-07-05 00:00:00+00:00,108112.21,108420.56,107756.31,0,0.004152321127047121
2025-07-05 12:00:00+00:00,108198.12,108250.0,107864.75,0,0.00349417223961371
2025-07-06 00:00:00+00:00,108076.01,108268.35,107800.01,0,0.00349417223961371
2025-07-06 12:00:00+00:00,109203.84,109700.0,108045.76,0,0.003202860680262115
2025-07-07 00:00:00+00:00,108642.01,109700.0,108572.52,0,0.0030562690655710103
2025-07-07 12:00:00+00:00,108262.94,108660.0,107513.2,0,0.4371316082219391
2025-07-08 00:00:00+00:00,108756.37,109005.0,107429.57,1,0.5655742601985292
2025-07-08 12:00:00+00:00,108922.98,109216.56,108096.55,0,0.0038642778362189606
2025-07-09 00:00:00+00:00,109058.27,109136.0,108324.53,0,0.003571648901104414
2025-07-09 12:00:00+00:00,111233.99,111999.79,108503.0,0,0.0028904032369981947
2025-07-10 00:00:00+00:00,111019.99,111581.0,110870.33,0,0.002849184627711836
2025-07-10 12:00:00+00:00,116010.0,116868.0,110500.0,0,0.002949749926235096
2025-07-11 00:00:00+00:00,117821.91,118869.98,115222.22,0,0.003949011997840192
2025-07-11 12:00:00+00:00,117527.66,118259.24,116604.87,0,0.0036429107512766824
2025-07-12 00:00:00+00:00,117810.0,118200.0,117141.13,0,0.0036429107512766824
2025-07-12 12:00:00+00:00,117420.0,117861.19,116900.05,0,0.0049673045334895785
2025-07-13 00:00:00+00:00,118072.01,118086.66,117224.79,0,0.004447130305615172
2025-07-13 12:00:00+00:00,119086.64,119488.0,117989.53,0,0.0033416817075532313
2025-07-14 00:00:00+00:00,121467.24,123218.0,118905.18,0,0.002493646475461802
2025-07-14 12:00:00+00:00,119841.18,122120.0,119202.0,0,0.0028912924998643124
2025-07-15 00:00:00+00:00,117113.98,119940.83,116250.0,0,0.3076819818395715
2025-07-15 12:00:00+00:00,117758.09,118490.71,115736.92,0,0.4614297878058271
2025-07-16 00:00:00+00:00,118769.06,119310.75,117017.29,0,0.004342026506020636
2025-07-16 12:00:00+00:00,118630.43,120063.84,118181.14,0,0.003568599838904494
2025-07-17 00:00:00+00:00,117995.0,119192.0,117683.53,0,0.003972140831485891
2025-07-17 12:00:00+00:00,119177.56,120998.71,117453.57,0,0.368841696914321
2025-07-18 00:00:00+00:00,119171.34,120820.71,118395.0,0,0.0023722109426041554
2025-07-18 12:00:00+00:00,117924.84,119531.48,116812.76,0,0.2687853126847055
2025-07-19 00:00:00+00:00,118327.06,118499.9,117613.35,0,0.004037060610013079
2025-07-19 12:00:00+00:00,117840.0,118327.06,117277.34,0,0.004809025194398411
2025-07-20 00:00:00+00:00,117878.46,118277.17,117650.0,0,0.0031316765715128365
2025-07-20 12:00:00+00:00,117265.12,118856.8,116467.02,0,0.32766778565189464
2025-07-21 00:00:00+00:00,118070.17,119676.73,116515.0,0,0.0032033294560286883
2025-07-21 12:00:00+00:00,117380.36,119233.71,116656.88,0,0.004166861517528748
2025-07-22 00:00:00+00:00,119154.99,119188.3,116128.0,0,0.508806824987719
2025-07-22 12:00:00+00:00,119954.42,120247.8,117550.0,0,0.003611936084309496
2025-07-23 00:00:00+00:00,118538.46,120090.0,117844.24,0,0.004304151448103907
2025-07-23 12:00:00+00:00,118755.99,118756.0,117301.0,0,0.41411103433848856
2025-07-24 00:00:00+00:00,118600.0,119273.36,117103.1,0,0.43485671615242255
2025-07-24 12:00:00+00:00,118340.99,119450.0,117832.32,0,0.0038496329651926554
2025-07-25 00:00:00+00:00,116543.58,118451.57,114723.16,0,0.7579040067419207
2025-07-25 12:00:00+00:00,117614.31,117630.0,114908.0,0,0.003980270379119829
2025-07-26 00:00:00+00:00,117776.11,118217.45,117138.38,0,0.0034705372295608596
2025-07-26 12:00:00+00:00,117919.99,118297.35,117772.13,0,0.003168840659094183
2025-07-27 00:00:00+00:00,118072.71,118438.83,117825.5,0,0.0032072033244156055
2025-07-27 12:00:00+00:00,119415.55,119766.65,117890.0,0,0.0034716970332983586
2025-07-28 00:00:00+00:00,118827.49,119800.0,118475.47,0,0.0033324854451727377
2025-07-28 12:00:00+00:00,118062.32,119093.68,117427.5,0,0.166460117704549
2025-07-29 00:00:00+00:00,118592.38,119273.36,117450.0,0,0.0038878858304916357
2025-07-29 12:00:00+00:00,117950.76,119080.81,116950.75,0,0.25970456525741253
2025-07-30 00:00:00+00:00,117579.99,118481.81,117358.84,0,0.003405385559141308
2025-07-30 12:00:00+00:00,117840.3,118792.0,115796.23,0,0.5629036836605265
2025-07-31 00:00:00+00:00,118371.25,118922.45,117781.87,0,0.003339293661433303
2025-07-31 12:00:00+00:00,115764.08,118879.14,115500.0,0,0.06310508937446938
2025-08-01 00:00:00+00:00,115305.65,116052.0,114116.0,0,0.43659462829392737
2025-08-01 12:00:00+00:00,113297.93,116019.3,112722.58,0,0.09484138202210163
2025-08-02 00:00:00+00:00,113787.12,114063.49,113198.63,0,0.003260566317292608
2025-08-02 12:00:00+00:00,112546.35,113787.12,112003.0,0,0.49515209749682815
2025-08-03 00:00:00+00:00,113862.18,114260.31,111920.0,1,0.6785718757729777
2025-08-03 12:00:00+00:00,114208.8,114799.97,113579.69,0,0.0030789875667933324
2025-08-04 00:00:00+00:00,114493.09,115000.0,114107.6,0,0.0030964111314121037
2025-08-04 12:00:00+00:00,115055.03,115720.0,114121.0,0,0.003270391668977592
2025-08-05 00:00:00+00:00,114827.07,115127.81,113725.72,0,0.5064654582696008
2025-08-05 12:00:00+00:00,114129.75,114893.13,112650.0,1,0.4633778529554597
2025-08-06 00:00:00+00:00,114226.69,114417.02,113355.13,0,0.003571806214154059
2025-08-06 12:00:00+00:00,114992.27,115716.0,113579.9,0,0.0036713806065022782
2025-08-07 00:00:00+00:00,116519.53,116828.93,114259.0,0,0.0034271120693029453
2025-08-07 12:00:00+00:00,117472.01,117621.0,115632.31,0,0.003970242353683183
2025-08-08 00:00:00+00:00,116891.51,117630.0,116317.08,0,0.003865166835212182
2025-08-08 12:00:00+00:00,116674.74,117271.73,115878.71,0,0.0034479555455848953
2025-08-09 00:00:00+00:00,117110.0,117944.05,116299.13,0,0.003457730448514213
2025-08-09 12:00:00+00:00,116462.25,117238.04,116359.89,0,0.0025073448797083646
2025-08-10 00:00:00+00:00,118330.58,118741.77,116460.63,0,0.002963879965803154
2025-08-10 12:00:00+00:00,119294.01,119311.11,118074.99,0,0.003415599156712539
2025-08-11 00:00:00+00:00,120561.54,122335.16,118972.59,0,0.003207656396256389
2025-08-11 12:00:00+00:00,118686.0,120794.05,118050.11,1,0.21197819931305947
2025-08-12 00:00:00+00:00,118522.22,119275.46,118207.47,0,0.002840632706670026
2025-08-12 12:00:00+00:00,120134.08,120324.43,118285.0,0,0.0033592649906443793
2025-08-13 00:00:00+00:00,120570.41,120732.94,118920.92,0,0.0029602585303516635
2025-08-13 12:00:00+00:00,123306.43,123667.79,120106.02,0,0.002715712783336009
2025-08-14 00:00:00+00:00,120949.67,124474.0,120694.0,0,0.0023905193374403663
2025-08-14 12:00:00+00:00,118295.09,121183.06,117180.0,0,0.34843047972158825
2025-08-15 00:00:00+00:00,119006.01,119216.82,118032.32,0,0.0032519508180553335
2025-08-15 12:00:00+00:00,117342.05,119130.77,116803.99,0,0.21568098438277988
2025-08-16 00:00:00+00:00,117378.52,117898.99,117143.98,0,0.0031860255085240075
2025-08-16 12:00:00+00:00,117380.66,117825.0,117219.34,0,0.003099189688764828
2025-08-17 00:00:00+00:00,118308.01,118484.0,117172.21,0,0.0029096773519560297
2025-08-17 12:00:00+00:00,117405.01,118575.0,117321.53,0,0.002456285140592358
2025-08-18 00:00:00+00:00,114947.27,117543.75,114640.14,0,0.1358278685409353
2025-08-18 12:00:00+00:00,116227.05,116980.0,114825.0,0,0.0029922289711915287
2025-08-19 00:00:00+00:00,115508.71,116725.69,114366.0,0,0.6176587336197285
2025-08-19 12:00:00+00:00,112872.94,115875.84,112732.58,0,0.06314122231054024
2025-08-20 00:00:00+00:00,113666.68,114016.77,112566.01,0,0.5415254394880405
2025-08-20 12:00:00+00:00,114271.24,114615.38,112380.0,0,0.543058591051993
2025-08-21 00:00:00+00:00,113148.66,114821.76,113000.0,0,0.002286668150949388
2025-08-21 12:00:00+00:00,112500.0,113995.11,112015.67,0,0.42899338847269936
2025-08-22 00:00:00+00:00,112320.0,113525.0,112177.27,0,0.0018210340873782043
2025-08-22 12:00:00+00:00,116935.99,117429.05,111684.79,0,0.8601864062992584
2025-08-23 00:00:00+00:00,115310.13,117030.0,115223.43,0,0.0028596620533695057
2025-08-23 12:00:00+00:00,115438.05,115486.97,114560.0,0,0.004476724921274679
2025-08-24 00:00:00+00:00,114730.22,115666.68,114600.0,0,0.0033009581717328242
2025-08-24 12:00:00+00:00,113493.59,114917.1,110680.0,0,0.8883096222913338
2025-08-25 00:00:00+00:00,111214.97,113667.28,110929.48,0,0.003914146440606513
2025-08-25 12:00:00+00:00,110111.98,112937.26,109274.1,0,0.15755704705037912
2025-08-26 00:00:00+00:00,109876.52,110547.31,108666.66,0,0.8370901352659363
2025-08-26 12:00:00+00:00,111763.22,112371.0,109393.93,0,0.004299602454151939
2025-08-27 00:00:00+00:00,111322.07,111825.16,110345.42,0,0.004710244984747493
2025-08-27 12:00:00+00:00,111262.01,112625.0,110921.79,0,0.004556741805211302
2025-08-28 00:00:00+00:00,112909.18,113360.0,110862.42,0,0.0030668716927836925
2025-08-28 12:00:00+00:00,112566.9,113485.9,111872.06,0,0.0030468542537147696
2025-08-29 00:00:00+00:00,110098.81,112638.64,109414.18,0,0.2088106309882896
2025-08-29 12:00:00+00:00,108377.4,111517.07,107463.9,0,0.24264563001829467
2025-08-30 00:00:00+00:00,108680.01,108777.43,107350.1,1,0.6738232458936544
2025-08-30 12:00:00+00:00,108816.33,108926.15,108190.52,0,0.0032386083686867027
2025-08-31 00:00:00+00:00,108389.76,109480.02,108303.21,0,0.0023734812209251343
2025-08-31 12:00:00+00:00,108246.35,109237.51,108076.93,0,0.13820603020289435
2025-09-01 00:00:00+00:00,108782.88,109912.4,107255.0,1,0.7395196459977326
2025-09-01 12:00:00+00:00,109237.42,109520.0,107459.49,0,0.0043972089473962635
2025-09-02 00:00:00+00:00,109733.34,110711.1,108883.8,0,0.0040107062817083036
2025-09-02 12:00:00+00:00,111240.01,111771.52,108393.39,0,0.004397215437393151
2025-09-03 00:00:00+00:00,111437.77,111782.21,110528.71,0,0.0041811145120986375
2025-09-03 12:00:00+00:00,111705.71,112575.27,111031.61,0,0.004159227559428581
2025-09-04 00:00:00+00:00,110810.0,112180.0,110279.68,0,0.23465470905479932
2025-09-04 12:00:00+00:00,110730.87,111765.31,109329.12,1,0.390700331063433
2025-09-05 00:00:00+00:00,112354.0,112999.0,110435.75,0,0.0036322564967042645
2025-09-05 12:00:00+00:00,110659.99,113384.62,110206.96,0,0.004472083384577712
2025-09-06 00:00:00+00:00,110781.02,111307.7,110552.56,0,0.004327418027809852
2025-09-06 12:00:00+00:00,110187.97,110999.83,109977.0,1,0.17928373715078055
2025-09-07 00:00:00+00:00,111292.13,111377.19,110180.0,0,0.004517983513530104
2025-09-07 12:00:00+00:00,111137.34,111600.0,110861.2,0,0.00425109110824137
2025-09-08 00:00:00+00:00,112052.43,112186.98,110621.78,0,0.0032063029467626785
2025-09-08 12:00:00+00:00,112065.23,112924.37,111877.64,0,0.0028700426964337407
2025-09-09 00:00:00+00:00,112433.59,113293.29,111111.0,0,0.002937671974656419
2025-09-09 12:00:00+00:00,111546.39,112950.0,110766.66,1,0.26149776426572247
2025-09-10 00:00:00+00:00,112299.99,112859.8,110917.45,0,0.004354352522966606
2025-09-10 12:00:00+00:00,113960.0,114313.13,112299.99,0,0.0024225843727518352
2025-09-11 00:00:00+00:00,113999.99,114459.65,113669.82,0,0.0021409707434147263
2025-09-11 12:00:00+00:00,115482.69,115488.09,113430.0,0,0.003278591622492979
2025-09-12 00:00:00+00:00,114913.45,116331.81,114888.01,0,0.0018595450080523342
2025-09-12 12:00:00+00:00,116029.42,116665.63,114740.99,0,0.0021752259458881432
2025-09-13 00:00:00+00:00,115974.11,116298.78,115576.26,0,0.0021907225717963793
2025-09-13 12:00:00+00:00,115918.29,116060.0,115127.27,0,0.002269589402393796
2025-09-14 00:00:00+00:00,115794.91,116165.19,115449.59,0,0.0021478525654577726
2025-09-14 12:00:00+00:00,115268.01,116087.35,115135.0,0,0.0021557588785766344
2025-09-15 00:00:00+00:00,115070.0,116757.99,114625.87,0,0.16172914187924184
2025-09-15 12:00:00+00:00,115349.71,115605.07,114384.0,0,0.35131184690260064
2025-09-16 00:00:00+00:00,115287.83,116009.62,114930.0,0,0.0016777541771069208
2025-09-16 12:00:00+00:00,116788.96,116964.27,114737.11,0,0.0017274699114700552
2025-09-17 00:00:00+00:00,116258.13,117286.73,116160.22,0,0.0015605684931654503
2025-09-17 12:00:00+00:00,116447.59,116990.68,114720.81,0,0.27484483757131334
2025-09-18 00:00:00+00:00,117063.4,117896.0,116092.76,0,0.0019002409612174794
2025-09-18 12:00:00+00:00,117073.53,117900.0,116612.03,0,0.0019397016883487468
2025-09-19 00:00:00+00:00,116394.72,117459.99,116300.0,0,0.0022374636408538876
2025-09-19 12:00:00+00:00,115632.38,116529.08,115100.0,0,0.15569072304703374
2025-09-20 00:00:00+00:00,115894.06,115985.2,115408.47,0,0.0025500221086737357
2025-09-20 12:00:00+00:00,115685.63,116121.81,115603.42,0,0.0025476739608485868
2025-09-21 00:00:00+00:00,115603.45,115819.06,115329.03,0,0.15301404263037724
2025-09-21 12:00:00+00:00,115232.29,115747.23,115188.0,0,0.06156687731960575
2025-09-22 00:00:00+00:00,112876.97,115379.25,111800.0,0,0.4118996024161615
2025-09-22 12:00:00+00:00,112650.99,113432.76,111936.4,0,0.0031081967833640344
2025-09-23 00:00:00+00:00,112975.99,113281.5,111478.0,0,0.4901240867545862
2025-09-23 12:00:00+00:00,111998.8,113290.5,111458.73,0,0.4149227804349846
2025-09-24 00:00:00+00:00,113029.46,113162.17,111042.66,1,0.6400087160373482
2025-09-24 12:00:00+00:00,113307.0,113940.0,112808.0,0,0.0032136628693363524
2025-09-25 00:00:00+00:00,111348.0,113510.23,111283.63,0,0.0016247530927271576
2025-09-25 12:00:00+00:00,108994.49,111729.52,108631.51,0,0.15307683691752433
2025-09-26 00:00:00+00:00,109133.5,109798.84,108620.07,1,0.39935808417766727
2025-09-26 12:00:00+00:00,109643.46,110300.0,108764.76,0,0.0037267183201632873
2025-09-27 00:00:00+00:00,109310.21,109743.91,109064.4,0,0.0040895981454374935
2025-09-27 12:00:00+00:00,109635.85,109699.98,109193.0,0,0.003392689732602417
2025-09-28 00:00:00+00:00,109369.02,109787.75,109250.0,0,0.0037482375580906334
2025-09-28 12:00:00+00:00,112163.95,112350.0,109189.99,1,0.29997456454245003
2025-09-29 00:00:00+00:00,112100.0,112421.99,111560.65,0,0.002772553093885644
2025-09-29 12:00:00+00:00,114311.96,114400.0,111901.26,0,0.004279480672444084
2025-09-30 00:00:00+00:00,113055.01,114792.0,112656.27,0,0.002821325570235656
2025-09-30 12:00:00+00:00,114048.93,114754.87,112800.0,0,0.0033278205277050537
2025-10-01 00:00:00+00:00,116789.58,116795.85,113966.67,0,0.005425891554130286
2025-10-01 12:00:00+00:00,118594.99,118649.1,116363.38,0,0.003314335115749736
2025-10-02 00:00:00+00:00,118765.73,119456.92,118279.31,0,0.002765768016664379
2025-10-02 12:00:00+00:00,120529.35,121022.07,118516.39,0,0.0029839075596049956
2025-10-03 00:00:00+00:00,120334.5,120550.9,119248.3,0,0.0032700299730556
2025-10-03 12:00:00+00:00,122232.0,123894.99,119881.24,0,0.003413247951051211
2025-10-04 00:00:00+00:00,121973.26,122800.0,121684.97,0,0.0029932472773544034
2025-10-04 12:00:00+00:00,122391.0,122509.52,121510.0,0,0.00301674166780561
2025-10-05 00:00:00+00:00,123464.64,125708.42,122136.0,0,0.0031193677040772774
2025-10-05 12:00:00+00:00,123482.31,123548.83,122301.63,0,0.0035580471869439976
2025-10-06 00:00:00+00:00,124215.0,124531.66,123084.0,0,0.0030474142257774983
2025-10-06 12:00:00+00:00,124658.54,126199.63,124178.0,0,0.0031261388677689345
2025-10-07 00:00:00+00:00,124453.38,125082.27,123322.9,0,0.003161838880112653
2025-10-07 12:00:00+00:00,121332.95,125126.0,120574.94,0,0.16489008641016825
2025-10-08 00:00:00+00:00,122884.14,123200.0,121066.14,0,0.003449490954139719
2025-10-08 12:00:00+00:00,123306.0,124197.25,121649.68,0,0.003420724248711991
2025-10-09 00:00:00+00:00,122737.57,123348.32,121145.49,0,0.004111728813469367
2025-10-09 12:00:00+00:00,121662.4,123762.94,119651.47,0,0.6988137473657783
2025-10-10 00:00:00+00:00,121554.55,121874.13,120855.41,0,0.00395835558680497
2025-10-10 12:00:00+00:00,112774.5,122550.0,102000.0,1,0.8469979793581298
2025-10-11 00:00:00+00:00,112280.0,113322.39,110090.29,0,0.0028939788897780223
2025-10-11 12:00:00+00:00,110644.4,112500.0,109561.59,0,0.0043381889465355546
2025-10-12 00:00:00+00:00,111848.36,112133.33,109565.06,0,0.00370001056571917
2025-10-12 12:00:00+00:00,114958.8,115770.0,111177.75,0,0.0032334596365444475
2025-10-13 00:00:00+00:00,114180.0,115963.81,113616.5,0,0.003062023052101021
2025-10-13 12:00:00+00:00,115166.0,115891.3,113800.01,0,0.003459963529019611
2025-10-14 00:00:00+00:00,111313.98,115409.96,110012.24,0,0.17404359234413772
2025-10-14 12:00:00+00:00,113028.14,113577.0,109866.0,0,0.4184419335003837
2025-10-15 00:00:00+00:00,111905.73,113612.35,111693.26,0,0.0030211906242490223
2025-10-15 12:00:00+00:00,110763.28,112238.41,110164.0,0,0.0043929769101821526
2025-10-16 00:00:00+00:00,111404.72,111867.17,109635.15,0,0.5506490848427384
2025-10-16 12:00:00+00:00,108194.28,111982.45,107427.0,0,0.1320429421437238
2025-10-17 00:00:00+00:00,105683.72,109240.0,103528.23,1,0.44831708736327264
2025-10-17 12:00:00+00:00,106431.68,107575.6,104533.21,0,0.004815242286658277
2025-10-18 00:00:00+00:00,107208.6,107499.0,106322.2,0,0.004723772321834611
2025-10-18 12:00:00+00:00,107185.01,107339.03,106484.0,0,0.004261036189580344
2025-10-19 00:00:00+00:00,107783.47,108260.5,106103.36,1,0.37068576085008836
2025-10-19 12:00:00+00:00,108642.78,109450.07,107355.02,0,0.004270958483162164
2025-10-20 00:00:00+00:00,111016.75,111679.25,107402.52,0,0.0046372341249990515
2025-10-20 12:00:00+00:00,110532.09,111705.56,109855.83,0,0.004299334957489954
2025-10-21 00:00:00+00:00,108580.01,110532.09,107473.72,0,0.008052699386575529
2025-10-21 12:00:00+00:00,108297.67,114000.0,107922.06,0,0.005768045440523184
2025-10-22 00:00:00+00:00,107555.05,108678.21,106708.18,0,0.24237894034261848
2025-10-22 12:00:00+00:00,107567.44,109163.88,106666.69,1,0.3319724066870776
2025-10-23 00:00:00+00:00,109253.89,110298.29,107500.0,0,0.0032444221927233154
2025-10-23 12:00:00+00:00,110078.18,111293.61,108685.72,0,0.0025396542963164095
2025-10-24 00:00:00+00:00,111066.29,111522.3,109983.93,0,0.0035710550292964442
2025-10-24 12:00:00+00:00,111004.89,112104.98,109700.01,0,0.0038269911893366623
2025-10-25 00:00:00+00:00,111563.81,111850.13,110672.86,0,0.004062275990092715
2025-10-25 12:00:00+00:00,111646.27,111943.19,111164.39,0,0.003563806682759061
2025-10-26 00:00:00+00:00,113286.09,113466.23,111260.45,0,0.00309453225774742
2025-10-26 12:00:00+00:00,114559.4,115466.8,112901.0,0,0.0036866073236365357
2025-10-27 00:00:00+00:00,115362.02,116400.0,114362.26,0,0.0034780901897396035
2025-10-27 12:00:00+00:00,114107.65,115790.0,113830.01,0,0.0033363898145077108
2025-10-28 00:00:00+00:00,114357.73,114673.68,113483.3,0,0.37233167510514403
2025-10-28 12:00:00+00:00,112898.45,116086.0,112211.0,0,0.11299800336916685
2025-10-29 00:00:00+00:00,113132.36,113624.12,112100.0,0,0.3385286088185839
2025-10-29 12:00:00+00:00,110021.29,113643.73,109200.0,0,0.17176432320766344
2025-10-30 00:00:00+00:00,109717.29,111592.0,107925.06,0,0.4950146015343101
2025-10-30 12:00:00+00:00,108322.88,109777.93,106304.34,0,0.6100537503936839
2025-10-31 00:00:00+00:00,110415.61,110550.0,108275.28,0,0.005419097069645865
2025-10-31 12:00:00+00:00,109608.01,111190.0,108635.0,0,0.0031716358517020833
2025-11-01 00:00:00+00:00,110137.59,110564.49,109394.81,0,0.003047579495810241
2025-11-01 12:00:00+00:00,110098.1,110529.99,109702.66,0,0.003068547705523836
2025-11-02 00:00:00+00:00,111196.99,111229.78,109879.39,0,0.004711695101884206
2025-11-02 12:00:00+00:00,110540.68,111250.01,109471.34,0,0.3811274307849697
2025-11-03 00:00:00+00:00,107787.42,110750.0,106726.63,0,0.31152803446768706
2025-11-03 12:00:00+00:00,106583.04,108333.0,105306.56,0,0.4979106730531317
2025-11-04 00:00:00+00:00,104584.76,107299.0,103605.0,0,0.23862885020323885
2025-11-04 12:00:00+00:00,101497.22,104842.63,98944.36,1,0.64413166988741
2025-11-05 00:00:00+00:00,102070.61,102370.0,98966.8,0,0.004942973191725402
2025-11-05 12:00:00+00:00,103885.16,104534.74,101916.77,0,0.003902535879115117
2025-11-06 00:00:00+00:00,103227.58,104200.0,102651.63,0,0.0034796291045219568
2025-11-06 12:00:00+00:00,101346.04,103626.46,100300.95,0,0.1697155165300464
2025-11-07 00:00:00+00:00,100411.89,102527.0,99803.58,0,0.2051637392021165
2025-11-07 12:00:00+00:00,103339.08,104096.36,99260.86,1,0.4796963684724684
2025-11-08 00:00:00+00:00,101857.1,103406.22,101715.76,0,0.008977964294126343
2025-11-08 12:00:00+00:00,102312.94,102482.2,101454.0,0,0.004287543289511698
2025-11-09 00:00:00+00:00,102239.41,102337.89,101400.0,1,0.4280619290188954
2025-11-09 12:00:00+00:00,104722.96,105495.62,102050.64,0,0.0040532694435209985
2025-11-10 00:00:00+00:00,106176.5,106670.11,104265.02,0,0.004181994878047198
2025-11-10 12:00:00+00:00,106011.13,106589.89,104667.0,0,0.004263970597227825
2025-11-11 00:00:00+00:00,105311.9,107500.0,104741.2,0,0.0041978171256356845
2025-11-11 12:00:00+00:00,103058.99,105500.0,102476.09,0,0.10751921124871824
2025-11-12 00:00:00+00:00,105020.83,105200.0,102687.72,0,0.00519357897747711
2025-11-12 12:00:00+00:00,101654.37,105333.33,100813.59,0,0.10664812446134815
2025-11-13 00:00:00+00:00,102936.5,104085.01,100922.55,0,0.0042506539623446814
2025-11-13 12:00:00+00:00,99692.02,103483.83,98000.4,0,0.49569841676880766
2025-11-14 00:00:00+00:00,96167.44,99866.02,95711.0,0,0.1790866501504573
2025-11-14 12:00:00+00:00,94594.0,97411.11,94012.45,0,0.07105732467564248
2025-11-15 00:00:00+00:00,95696.87,96846.68,94558.49,0,0.006288309343398479
2025-11-15 12:00:00+00:00,95596.24,96471.22,95119.94,0,0.007978818918426918
2025-11-16 00:00:00+00:00,95627.13,96635.11,94841.62,0,0.006039553322809978
2025-11-16 12:00:00+00:00,94261.44,95900.0,93005.55,0,0.49736940337766167
2025-11-17 00:00:00+00:00,95565.38,96026.71,93767.27,0,0.004455016656863881
2025-11-17 12:00:00+00:00,92215.14,96043.0,91220.0,0,0.17587300627417676
2025-11-18 00:00:00+00:00,91517.82,92357.51,89253.78,0,0.7917670343543596
2025-11-18 12:00:00+00:00,92960.83,93836.01,90905.7,0,0.004445409136630785
2025-11-19 00:00:00+00:00,91410.22,92980.22,90025.06,0,0.005615511828118108
2025-11-19 12:00:00+00:00,91554.96,92384.61,88608.0,0,0.8088563434318263
2025-11-20 00:00:00+00:00,91934.0,93160.0,91185.26,0,0.004757702018366006
2025-11-20 12:00:00+00:00,86637.23,92541.92,86100.0,0,0.28874885808216927
2025-11-21 00:00:00+00:00,82309.66,87498.94,81648.0,0,0.14766420110746023
2025-11-21 12:00:00+00:00,85129.43,85572.82,80600.0,1,0.7877495635352766
2025-11-22 00:00:00+00:00,84098.94,85620.0,83500.0,0,0.0034364760690318453
2025-11-22 12:00:00+00:00,84739.74,85260.0,83620.16,0,0.0034237896246524704
2025-11-23 00:00:00+00:00,86331.28,86860.0,84667.57,0,0.0039616076013524
2025-11-23 12:00:00+00:00,86830.0,88127.64,86271.1,0,0.0040274553678796825
2025-11-24 00:00:00+00:00,86264.72,88059.44,85696.56,0,0.004718311981621264
2025-11-24 12:00:00+00:00,88300.01,89228.0,85272.0,1,0.5879761641809101
2025-11-25 00:00:00+00:00,87361.71,88519.99,86666.0,0,0.0036583127985681738
2025-11-25 12:00:00+00:00,87369.96,88155.65,86116.0,0,0.003945135144043635
2025-11-26 00:00:00+00:00,87095.79,88224.0,86670.36,0,0.00446662619491153
2025-11-26 12:00:00+00:00,90484.02,90656.08,86306.77,0,0.005234879544986743
2025-11-27 00:00:00+00:00,91371.88,91950.0,90089.91,0,0.003975705673801926
2025-11-27 12:00:00+00:00,91333.95,91843.59,90438.43,0,0.004174201931778963
2025-11-28 00:00:00+00:00,91437.64,92030.0,90652.55,0,0.0040455474471119005
2025-11-28 12:00:00+00:00,90890.7,93092.0,90180.63,0,0.3147653062552386
2025-11-29 00:00:00+00:00,90673.19,91119.99,90311.92,0,0.003537429544190455
2025-11-29 12:00:00+00:00,90802.44,91165.65,90155.47,0,0.4247465930482898
2025-11-30 00:00:00+00:00,91048.78,91632.0,90471.0,0,0.0038985113011707
2025-11-30 12:00:00+00:00,90360.0,92000.01,90336.9,0,0.002995056542160014
2025-12-01 00:00:00+00:00,86149.15,90417.0,85604.0,0,0.1597814109716904
2025-12-01 12:00:00+00:00,86286.01,86860.0,83822.76,1,0.7522356277023827
2025-12-02 00:00:00+00:00,87368.92,87628.78,86184.39,0,0.0038877929912145477
2025-12-02 12:00:00+00:00,91277.88,92307.65,87032.75,0,0.004572358962268914
2025-12-03 00:00:00+00:00,93005.68,93958.58,90990.23,0,0.0038171866821150716
2025-12-03 12:00:00+00:00,93429.95,94150.0,91697.0,0,0.0034635935664666965
2025-12-04 00:00:00+00:00,92948.31,94080.0,92669.82,0,0.0038255804913279196
2025-12-04 12:00:00+00:00,92078.06,93257.0,90889.0,0,0.4105484482782964
2025-12-05 00:00:00+00:00,91351.43,92692.36,90956.25,0,0.004595081044467016
2025-12-05 12:00:00+00:00,89330.04,91478.67,88056.0,1,0.4503536003598684
2025-12-06 00:00:00+00:00,89631.28,89806.43,89030.67,0,0.003843613263461443
2025-12-06 12:00:00+00:00,89236.79,90289.97,88908.01,0,0.0034642118964748857
2025-12-07 00:00:00+00:00,89149.18,89799.96,89050.01,0,0.003713271947617732
2025-12-07 12:00:00+00:00,90395.31,91760.0,87719.28,1,0.7778413580802451
2025-12-08 00:00:00+00:00,91968.29,92287.15,89860.0,0,0.003975042417641646
2025-12-08 12:00:00+00:00,90634.34,92122.08,89612.0,0,0.0046628089634121375
2025-12-09 00:00:00+00:00,90384.55,90846.26,89500.0,1,0.42721718438574136
2025-12-09 12:00:00+00:00,92678.8,94588.99,90004.73,0,0.003552442721398268
2025-12-10 00:00:00+00:00,92120.45,93291.5,91763.69,0,0.004104937585256067
2025-12-10 12:00:00+00:00,92015.37,94476.0,91563.15,0,0.004260451074003584
2025-12-11 00:00:00+00:00,90242.35,92080.32,89389.63,0,0.24853321882999144
2025-12-11 12:00:00+00:00,92513.38,93555.0,89260.63,0,0.637118881653908
2025-12-12 00:00:00+00:00,92418.19,92754.0,91448.31,0,0.004441419815564875
2025-12-12 12:00:00+00:00,90268.42,92660.74,89480.0,0,0.005190613196019351
2025-12-13 00:00:00+00:00,90330.36,90634.55,90120.0,0,0.004425915097947248
2025-12-13 12:00:00+00:00,90240.01,90470.3,89766.39,0,0.004181028872670557
2025-12-14 00:00:00+00:00,89360.0,90472.4,88687.27,0,0.22515645520652328
2025-12-14 12:00:00+00:00,88172.17,89666.0,87577.36,0,0.16230558604239456
2025-12-15 00:00:00+00:00,89641.28,90052.64,88074.37,0,0.004477988916848209
2025-12-15 12:00:00+00:00,86432.08,89876.42,85146.64,1,0.33333833424390147
2025-12-16 00:00:00+00:00,87261.45,87330.0,85266.0,0,0.00506246353411334
2025-12-16 12:00:00+00:00,87863.42,88175.98,86107.43,0,0.003661325010260581
2025-12-17 00:00:00+00:00,86983.26,87950.0,86209.11,0,0.00443826947157773
2025-12-17 12:00:00+00:00,86243.22,90365.85,85314.0,0,0.3092915822638301
2025-12-18 00:00:00+00:00,87300.74,87453.63,85863.93,0,0.003456987023586039
2025-12-18 12:00:00+00:00,85516.41,89477.61,84450.01,1,0.50895830007743
2025-12-19 00:00:00+00:00,88198.7,88449.06,85110.24,0,0.003996176196967492
2025-12-19 12:00:00+00:00,88136.94,89399.97,86846.16,0,0.0031381740312013927
2025-12-20 00:00:00+00:00,88277.66,88573.07,87961.6,0,0.0035998078609364857
2025-12-20 12:00:00+00:00,88360.9,88443.44,87795.76,0,0.0035998078609364857
2025-12-21 00:00:00+00:00,88601.57,89081.77,87869.35,0,0.0035266937540574246
2025-12-21 12:00:00+00:00,88658.86,88920.01,87600.04,0,0.3548093939291125
2025-12-22 00:00:00+00:00,89945.43,90118.0,87900.0,0,0.003534386490017155
2025-12-22 12:00:00+00:00,88620.79,90588.23,87911.79,0,0.0035266937540574246
2025-12-23 00:00:00+00:00,87856.65,88940.0,87051.52,0,0.1917703166776623
2025-12-23 12:00:00+00:00,87486.0,88372.35,86601.9,0,0.3034988507603902
2025-12-24 00:00:00+00:00,87203.94,87839.66,86724.05,0,0.0035709931080507816
2025-12-24 12:00:00+00:00,87669.45,88049.89,86420.0,0,0.43925515304222534
2025-12-25 00:00:00+00:00,87519.44,87967.5,87251.6,0,0.003745369155694661
2025-12-25 12:00:00+00:00,87225.27,88592.74,86934.72,0,0.00403898930311296
2025-12-26 00:00:00+00:00,88533.42,89567.75,86891.7,0,0.33056062624831023
2025-12-26 12:00:00+00:00,87369.56,89050.0,86655.08,0,0.19053034683652628
2025-12-27 00:00:00+00:00,87475.98,87702.0,87253.05,0,0.00404101047207479
2025-12-27 12:00:00+00:00,87877.01,87984.0,87308.05,0,0.003846224965777433
2025-12-28 00:00:00+00:00,87883.25,88010.0,87614.79,0,0.003846224965777433
2025-12-28 12:00:00+00:00,87952.71,88088.75,87435.0,0,0.00404101047207479
2025-12-29 00:00:00+00:00,87567.66,90406.08,87567.65,0,0.003601832978244961
2025-12-29 12:00:00+00:00,87237.13,88190.71,86806.5,1,0.1387253756724081
2025-12-30 00:00:00+00:00,87903.89,88224.76,86845.66,0,0.003874218258153399
2025-12-30 12:00:00+00:00,88485.49,89400.0,87834.01,0,0.0036466082101563302
2025-12-31 00:00:00+00:00,89011.52,89046.6,88172.15,0,0.003409364285718551
2025-12-31 12:00:00+00:00,87648.22,89200.0,87250.0,1,0.1714401200987629
2026-01-01 00:00:00+00:00,88024.64,88088.1,87550.43,0,0.0034060836788681256
2026-01-01 12:00:00+00:00,88839.04,88919.45,87810.66,0,0.0037130382863074375
2026-01-02 00:00:00+00:00,89502.95,89942.44,88379.88,0,0.003108709944023972
2026-01-02 12:00:00+00:00,89995.13,90961.81,88459.96,0,0.003438991824119171
2026-01-03 00:00:00+00:00,89752.74,90480.62,89314.01,0,0.0033807622637627424
2026-01-03 12:00:00+00:00,90628.01,90741.16,89664.93,0,0.003285851902348667
2026-01-04 00:00:00+00:00,91300.0,91810.0,90628.0,0,0.00331699872925093
2026-01-04 12:00:00+00:00,91529.73,91590.0,90863.47,0,0.004094190340719888
2026-01-05 00:00:00+00:00,93134.26,93388.0,91514.81,0,0.003785904603030991
2026-01-05 12:00:00+00:00,93859.71,94789.08,92407.13,0,0.0037105959625461492
2026-01-06 00:00:00+00:00,93840.0,94161.86,93137.98,0,0.0028291963512585136
2026-01-06 12:00:00+00:00,93747.97,94444.44,91262.94,0,0.5961484427731089
2026-01-07 00:00:00+00:00,92087.21,93747.97,91600.0,0,0.006879598250146432
2026-01-07 12:00:00+00:00,91364.16,92299.4,90675.52,0,0.41084203649076445
2026-01-08 00:00:00+00:00,90226.77,91687.99,89641.84,0,0.09120303674079362
2026-01-08 12:00:00+00:00,91099.99,91493.0,89311.0,1,0.5610991018645506
2026-01-09 00:00:00+00:00,90463.11,91632.1,89694.66,0,0.0032434412128415444
2026-01-09 12:00:00+00:00,90641.28,92082.55,89850.0,0,0.003118628710089297
2026-01-10 00:00:00+00:00,90723.86,90832.0,90408.23,0,0.0026869482901848646
2026-01-10 12:00:00+00:00,90504.7,90788.78,90404.0,0,0.0036641735862259165
2026-01-11 00:00:00+00:00,90754.99,90850.0,90451.1,0,0.0032324931884570368
2026-01-11 12:00:00+00:00,91013.65,91283.89,90236.0,0,0.2229730459856142
2026-01-12 00:00:00+00:00,90620.96,92519.95,90370.0,0,0.0032194901504240562
2026-01-12 12:00:00+00:00,91296.2,92332.0,90128.44,1,0.1992649548522645
2026-01-13 00:00:00+00:00,92000.74,92672.11,91042.66,0,0.0029798666188715923
2026-01-13 12:00:00+00:00,95414.0,96495.0,91787.61,0,0.0025748297349522356
2026-01-14 00:00:00+00:00,94792.99,95799.22,94559.28,0,0.0029250816554075862
2026-01-14 12:00:00+00:00,96951.78,97924.49,94680.67,0,0.003807544985590763
2026-01-15 00:00:00+00:00,96581.08,97193.34,95777.0,0,0.0036893417946515126
2026-01-15 12:00:00+00:00,95604.8,97165.03,95134.48,0,0.003982035304476155
2026-01-16 00:00:00+00:00,95429.09,95871.47,95133.03,0,0.14881878096595763
2026-01-16 12:00:00+00:00,95550.94,95809.08,94293.46,0,0.3385775817122395
2026-01-17 00:00:00+00:00,95323.86,95578.2,95021.67,0,0.003567370377343471
2026-01-17 12:00:00+00:00,95147.77,95639.45,95050.0,0,0.003502753238458431
2026-01-18 00:00:00+00:00,95168.06,95295.39,94876.33,0,0.3458211276967949
2026-01-18 12:00:00+00:00,93673.14,95531.12,93615.4,0,0.06559161121616568
2026-01-19 00:00:00+00:00,93191.96,93673.14,91910.2,0,0.275501815473919
2026-01-19 12:00:00+00:00,92631.0,93420.0,92158.48,0,0.003124099922046555
2026-01-20 00:00:00+00:00,91218.99,92870.0,90693.0,0,0.14332501444018272
2026-01-20 12:00:00+00:00,88427.66,91371.11,87895.98,0,0.16790091672662788
2026-01-21 00:00:00+00:00,88789.99,90120.44,88250.0,0,0.0023287167733246827
2026-01-21 12:00:00+00:00,89454.73,90574.0,87263.53,0,0.7224834007576658
2026-01-22 00:00:00+00:00,89941.26,90359.99,89454.72,0,0.0027387392401352607
2026-01-22 12:00:00+00:00,89559.67,90340.0,88515.37,0,0.0028787082031145263
2026-01-23 00:00:00+00:00,89202.48,90088.94,88860.44,0,0.0030305306928166023
2026-01-23 12:00:00+00:00,89600.26,91224.99,88578.36,0,0.002765696921001674
2026-01-24 00:00:00+00:00,89595.4,89957.39,89424.39,0,0.0026483421105590295
2026-01-24 12:00:00+00:00,89225.34,89595.41,89162.08,0,0.0035405494386714057
2026-01-25 00:00:00+00:00,88570.17,89319.13,88136.0,0,0.19418412739967084
2026-01-25 12:00:00+00:00,86670.36,88971.89,86074.72,1,0.30421043523623814
2026-01-26 00:00:00+00:00,87855.0,88424.45,86509.63,0,0.003596292010299818
2026-01-26 12:00:00+00:00,88347.08,88860.0,87035.51,0,0.003391934489783983
2026-01-27 00:00:00+00:00,87992.74,89010.0,87743.52,0,0.003458454647231356
2026-01-27 12:00:00+00:00,89250.0,89523.16,87304.33,0,0.0032151204054463494
2026-01-28 00:00:00+00:00,90080.0,90156.72,88833.65,0,0.0030027021408744145
2026-01-28 12:00:00+00:00,89299.99,90600.0,88878.01,0,0.003117218422399188
2026-01-29 00:00:00+00:00,87846.5,89348.0,87704.0,0,0.04959708291780883
2026-01-29 12:00:00+00:00,84650.16,88182.29,83383.33,0,0.23086432869992743
2026-01-30 00:00:00+00:00,83151.36,84735.75,81118.0,0,0.3805471797026747
2026-01-30 12:00:00+00:00,84260.49,84621.16,81871.37,0,0.0037641797081444475
2026-01-31 00:00:00+00:00,83020.0,84270.02,82560.75,0,0.003935607502730689
2026-01-31 12:00:00+00:00,78741.09,83140.0,75719.9,0,0.538383616512323
2026-02-01 00:00:00+00:00,78743.56,79424.0,77967.69,0,0.003912946257536941
2026-02-01 12:00:00+00:00,76968.21,78768.68,75700.0,0,0.5144834047136375
2026-02-02 00:00:00+00:00,77759.99,78231.26,74604.0,1,0.7175577078573608
2026-02-02 12:00:00+00:00,78738.61,79360.0,77564.62,0,0.0028477469955436622
2026-02-03 00:00:00+00:00,78079.5,79186.81,77644.09,0,0.0034886595608643713
2026-02-03 12:00:00+00:00,75770.21,78458.89,72945.5,0,0.7262337611352012
2026-02-04 00:00:00+00:00,76017.25,76971.52,75467.22,0,0.004821139489284108
2026-02-04 12:00:00+00:00,73165.83,76260.85,71888.0,0,0.6438363715374322
2026-02-05 00:00:00+00:00,70318.35,73341.18,69922.0,0,0.1651023910119795
2026-02-05 12:00:00+00:00,62909.86,70872.04,62345.0,0,0.15810408071608842
2026-02-06 00:00:00+00:00,66631.32,66826.5,60000.0,1,0.9301017744033027
2026-02-06 12:00:00+00:00,70580.26,71751.33,66114.49,0,0.0035668396925718337
2026-02-07 00:00:00+00:00,67972.65,71690.07,67300.0,0,0.0034914378936772563
2026-02-07 12:00:00+00:00,69289.38,69999.99,67901.89,0,0.00396416526515292
2026-02-08 00:00:00+00:00,70999.98,71220.0,68888.0,0,0.0035436284041258327
2026-02-08 12:00:00+00:00,70330.38,72271.41,70000.0,0,0.0038153868759500196
2026-02-09 00:00:00+00:00,68928.72,71453.53,68420.58,0,0.24720944128751823
2026-02-09 12:00:00+00:00,70138.0,71126.0,68308.0,0,0.7244975223886575
2026-02-10 00:00:00+00:00,68535.01,70527.59,68459.89,0,0.0030606940373315164
2026-02-10 12:00:00+00:00,68841.29,69993.65,67800.0,0,0.5955529807201527
2026-02-11 00:00:00+00:00,67053.03,69292.88,66369.49,0,0.22113313408476057
2026-02-11 12:00:00+00:00,67082.52,68834.34,65756.0,0,0.48162018469246093
2026-02-12 00:00:00+00:00,68076.01,68299.0,66670.45,0,0.003906487731192541
2026-02-12 12:00:00+00:00,66272.17,68410.52,65118.0,1,0.3915279451933179
2026-02-13 00:00:00+00:00,67171.42,67226.66,65872.46,0,0.004485012848026904
2026-02-13 12:00:00+00:00,68853.96,69482.97,66867.47,0,0.003503071660857648
2026-02-14 00:00:00+00:00,70505.74,70560.01,68730.13,0,0.004111073066616979
2026-02-14 12:00:00+00:00,69822.95,70533.67,69064.6,0,0.004946537845784459
2026-02-15 00:00:00+00:00,70295.22,70983.0,69251.5,0,0.004854337450225266
2026-02-15 12:00:00+00:00,68832.58,70418.48,68000.0,0,0.21320275893245555
2026-02-16 00:00:00+00:00,68812.83,69065.5,68143.22,0,0.004236208787475746
2026-02-16 12:00:00+00:00,68892.43,70126.67,67294.11,0,0.3248674001899544
2026-02-17 00:00:00+00:00,67854.6,69241.5,67690.0,0,0.0037807666344636384
2026-02-17 12:00:00+00:00,67503.52,68360.5,66621.06,0,0.3921043205626564
2026-02-18 00:00:00+00:00,67369.75,68476.22,66892.03,0,0.004250397965945534
2026-02-18 12:00:00+00:00,66461.0,68347.72,65870.0,0,0.1474962521829981
2026-02-19 00:00:00+00:00,66496.02,67320.0,66345.0,0,0.004546152357099348
2026-02-19 12:00:00+00:00,67003.73,67198.1,65631.83,1,0.6840057685143159
2026-02-20 00:00:00+00:00,67318.41,68318.39,66949.41,0,0.004326678363424612
2026-02-20 12:00:00+00:00,68020.01,68233.99,66280.2,0,0.004605287605373877
2026-02-21 00:00:00+00:00,68092.45,68314.54,67534.69,0,0.003439311205426813
2026-02-21 12:00:00+00:00,67975.93,68698.7,67900.0,0,0.0032102436387068146
2026-02-22 00:00:00+00:00,68219.97,68245.0,67809.78,0,0.00521693952347961
2026-02-22 12:00:00+00:00,67643.4,68232.4,67190.0,0,0.22656466484153817
2026-02-23 00:00:00+00:00,66207.23,67684.86,64290.71,0,0.6774881547862623
2026-02-23 12:00:00+00:00,64656.02,66511.51,63888.79,0,0.6189660885757016
2026-02-24 00:00:00+00:00,63227.1,65026.75,62700.8,0,0.30437593429479215
2026-02-24 12:00:00+00:00,64058.15,64743.11,62510.28,1,0.7508239855977593
2026-02-25 00:00:00+00:00,65430.04,66310.0,63913.27,0,0.005132023668936056
2026-02-25 12:00:00+00:00,67988.04,69988.83,65324.62,0,0.0046169439245883175
2026-02-26 00:00:00+00:00,68051.31,68860.0,67727.52,0,0.0033198608145666776
2026-02-26 12:00:00+00:00,67485.18,68303.83,66500.0,0,0.004369533686990966
2026-02-27 00:00:00+00:00,66126.99,68216.8,65960.01,0,0.0623705723274948
2026-02-27 12:00:00+00:00,65872.1,66344.9,64914.46,0,0.29616377036042685
2026-02-28 00:00:00+00:00,63844.2,66025.52,63030.0,1,0.2226236941595813
2026-02-28 12:00:00+00:00,66973.26,67760.0,63827.2,0,0.004414776537925509
2026-03-01 00:00:00+00:00,66468.03,68199.99,66042.72,0,0.004287666151786102
2026-03-01 12:00:00+00:00,65776.47,67360.57,65056.0,0,0.003757568747213649
2026-03-02 00:00:00+00:00,66359.68,67079.0,65542.6,0,0.0046869491352431155
2026-03-02 12:00:00+00:00,68830.06,70096.0,65259.21,0,0.003707125582389553
2026-03-03 00:00:00+00:00,67026.61,69258.08,66340.14,0,0.0041668870346952885
2026-03-03 12:00:00+00:00,68338.0,68999.0,66158.0,0,0.004192998433810629
2026-03-04 00:00:00+00:00,71111.4,71893.0,67400.0,0,0.00436470012672901
2026-03-04 12:00:00+00:00,72666.77,74050.0,70588.0,0,0.004112334025687976
2026-03-05 00:00:00+00:00,72915.79,73558.15,71757.17,0,0.003683830226789315
2026-03-05 12:00:00+00:00,70890.72,73063.38,70645.47,0,0.004603622654621926
2026-03-06 00:00:00+00:00,70212.95,71419.98,70143.19,0,0.10109256431757088
2026-03-06 12:00:00+00:00,68114.02,70341.76,67744.78,0,0.11515329608649934
2026-03-07 00:00:00+00:00,68010.01,68551.04,67446.41,0,0.23994114786607743
2026-03-07 12:00:00+00:00,67262.91,68085.41,66915.26,0,0.14515844535568118
2026-03-08 00:00:00+00:00,67515.0,68200.0,66547.15,0,0.27747429964444387
2026-03-08 12:00:00+00:00,65971.2,67650.94,65618.49,1,0.0728925673470134
2026-03-09 00:00:00+00:00,67764.98,68460.09,65821.97,0,0.0037057957665247755
2026-03-09 12:00:00+00:00,68432.16,69516.65,67759.57,0,0.0025848226196627517
2026-03-10 00:00:00+00:00,70580.94,71300.0,68391.41,0,0.003576702861592127
2026-03-10 12:00:00+00:00,69948.63,71777.0,69266.06,0,0.0035855896231143784
2026-03-11 00:00:00+00:00,69173.0,70281.87,69150.28,0,0.0029682692405791408
2026-03-11 12:00:00+00:00,70191.86,71321.0,68977.91,1,0.36830005512966935
2026-03-12 00:00:00+00:00,70427.91,70800.0,69205.91,0,0.003710153775475844
2026-03-12 12:00:00+00:00,70541.34,70734.25,69355.34,0,0.0036323289771388175
2026-03-13 00:00:00+00:00,72228.82,72575.98,70386.01,0,0.003908622098038431
2026-03-13 12:00:00+00:00,70930.0,73913.74,70559.02,0,0.004146675880123888
2026-03-14 00:00:00+00:00,70751.42,71307.92,70317.0,1,0.2735519726352138
2026-03-14 12:00:00+00:00,71211.95,71253.17,70500.0,0,0.004375195454071841
2026-03-15 00:00:00+00:00,71839.42,71940.49,70858.82,0,0.004026386771428314
2026-03-15 12:00:00+00:00,72815.24,73199.0,71263.99,0,0.0038125543941387326
2026-03-16 00:00:00+00:00,73552.77,74451.03,72270.41,0,0.004144823633381708
2026-03-16 12:00:00+00:00,74884.67,74909.08,72990.52,0,0.004929626363997717
2026-03-17 00:00:00+00:00,74033.11,76000.0,73560.98,0,0.004163903724262061
2026-03-17 12:00:00+00:00,73909.36,74893.94,73399.19,0,0.004440524444826682
2026-03-18 00:00:00+00:00,72952.85,74672.34,72800.0,0,0.07019258240002711
2026-03-18 12:00:00+00:00,71246.54,72981.79,70500.0,0,0.1488309447413215
2026-03-19 00:00:00+00:00,69952.75,71613.79,69478.51,0,0.09070616168875531
2026-03-19 12:00:00+00:00,69930.0,70695.6,68793.35,0,0.4393655290304692
2026-03-20 00:00:00+00:00,70478.71,71367.0,69837.1,0,0.004765331702913853
2026-03-20 12:00:00+00:00,70510.73,70923.75,69388.0,0,0.003708814466916758
2026-03-21 00:00:00+00:00,70652.72,70879.76,70431.67,0,0.0033580001547696865
2026-03-21 12:00:00+00:00,68918.12,71100.94,68571.42,0,0.16518971861939
2026-03-22 00:00:00+00:00,68217.95,69588.79,68110.55,0,0.10101903178149463
2026-03-22 12:00:00+00:00,67859.0,69005.71,67360.66,1,0.08697015019917669
2026-03-23 00:00:00+00:00,70122.15,71499.0,67445.18,0,0.00463401022317313
2026-03-23 12:00:00+00:00,70906.45,71817.09,69671.95,0,0.0038245436373492902
2026-03-24 00:00:00+00:00,71157.77,71400.0,70119.06,0,0.00343624265994368
2026-03-24 12:00:00+00:00,70556.74,71177.66,68923.07,0,0.5161299164680526
2026-03-25 00:00:00+00:00,71678.97,72026.09,70408.0,0,0.004124207835061122
2026-03-25 12:00:00+00:00,71336.53,71963.71,70530.47,0,0.004187425548517089
2026-03-26 00:00:00+00:00,69276.01,71436.82,69192.96,0,0.07407476499354715
2026-03-26 12:00:00+00:00,68820.31,69877.45,68153.0,0,0.1372571542649467
2026-03-27 00:00:00+00:00,66702.78,69179.05,66231.96,0,0.20562559835502903
2026-03-27 12:00:00+00:00,66407.28,66773.25,65548.25,1,0.512211899644687
2026-03-28 00:00:00+00:00,66319.47,66573.61,65932.09,0,0.004609796071400957
2026-03-28 12:00:00+00:00,66377.03,67288.94,66240.87,0,0.003975797651963146
2026-03-29 00:00:00+00:00,66816.28,67130.5,66281.4,0,0.004485957397565815
2026-03-29 12:00:00+00:00,66010.93,66875.24,65000.0,1,0.24097278469300942
2026-03-30 00:00:00+00:00,67680.45,68042.3,65800.59,0,0.003952112584939337
2026-03-30 12:00:00+00:00,66797.37,68169.65,66233.13,0,0.004659209196145431
2026-03-31 00:00:00+00:00,66685.69,68408.37,65998.05,0,0.004492706623061351
2026-03-31 12:00:00+00:00,68284.48,68589.49,66427.53,0,0.0036692574106282558
2026-04-01 00:00:00+00:00,68712.52,69310.0,67578.75,0,0.003480552541220258
2026-04-01 12:00:00+00:00,68113.92,69171.77,67918.83,0,0.004043766753689777
2026-04-02 00:00:00+00:00,66220.28,68653.38,66167.1,0,0.05963057967713372
2026-04-02 12:00:00+00:00,66901.99,67430.99,65712.12,1,0.3954283447972749
2026-04-03 00:00:00+00:00,67017.44,67288.0,66282.0,0,0.004829645880500154
2026-04-03 12:00:00+00:00,66964.3,67370.42,66508.1,0,0.004436552789708531
2026-04-04 00:00:00+00:00,67156.93,67232.72,66775.91,0,0.00496587429423305
2026-04-04 12:00:00+00:00,67300.42,67562.93,67029.07,0,0.0044462213350825045
2026-04-05 00:00:00+00:00,66999.0,67307.28,66611.66,1,0.23987631093535772
2026-04-05 12:00:00+00:00,69034.18,69136.2,66680.57,0,0.004375057443343095
2026-04-06 00:00:00+00:00,69614.91,70283.32,68776.61,0,0.0038866174213882747
2026-04-06 12:00:00+00:00,68853.66,70351.46,68300.0,0,0.0029334351496794558
2026-04-07 00:00:00+00:00,68345.75,69247.9,68071.96,0,0.13848178691643123
2026-04-07 12:00:00+00:00,71924.22,72761.0,67732.01,1,0.7037325503990173
2026-04-08 00:00:00+00:00,71675.12,72110.65,71240.99,0,0.0033857904050712865
2026-04-08 12:00:00+00:00,71069.93,72857.0,70707.23,0,0.0035256997951141665
2026-04-09 00:00:00+00:00,71150.17,71575.0,70466.0,1,0.2805002148702774
2026-04-09 12:00:00+00:00,71787.97,73145.0,70522.77,0,0.0038826772910164047
2026-04-10 00:00:00+00:00,72127.59,72387.0,71426.15,0,0.004035983374300816
2026-04-10 12:00:00+00:00,72962.7,73434.0,71899.51,0,0.0038885086420502517
2026-04-11 00:00:00+00:00,72907.05,73094.89,72612.16,0,0.003873150891859464
2026-04-11 12:00:00+00:00,73043.16,73790.0,72513.09,0,0.004008570093935295
2026-04-12 00:00:00+00:00,71468.55,73137.24,71310.0,0,0.07202953429225373
2026-04-12 12:00:00+00:00,70740.98,71500.0,70505.88,1,0.2304509543583103
2026-04-13 00:00:00+00:00,70929.68,71271.78,70566.99,0,0.0038556743375098936
2026-04-13 12:00:00+00:00,74417.99,74900.0,70758.5,0,0.003768874521274825
2026-04-14 00:00:00+00:00,74376.52,74924.64,73954.86,0,0.003441177108944169
2026-04-14 12:00:00+00:00,74131.55,76038.0,73795.47,0,0.0037072382325925696
2026-04-15 00:00:00+00:00,74201.78,74786.72,73514.0,1,0.29472893606380285
2026-04-15 12:00:00+00:00,74809.99,75425.0,73580.85,0,0.0026014862099169554
2026-04-16 00:00:00+00:00,74574.79,75267.85,74277.34,0,0.0026545169958489966
2026-04-16 12:00:00+00:00,75154.29,75534.76,73309.85,1,0.37866903122427176
2026-04-17 00:00:00+00:00,75589.7,76370.25,74529.4,0,0.002416488609738994
2026-04-17 12:00:00+00:00,77072.0,78333.0,75531.97,0,0.0028491412678886365
2026-04-18 00:00:00+00:00,76039.05,77420.08,75763.76,0,0.0027485977927172414
2026-04-18 12:00:00+00:00,75691.76,76363.75,75445.16,0,0.2051532872170141
2026-04-19 00:00:00+00:00,75604.11,75847.42,74867.72,0,0.3583807809842771
2026-04-19 12:00:00+00:00,73801.79,76240.66,73762.9,0,0.04467924739787715
2026-04-20 00:00:00+00:00,75192.71,75572.0,73724.31,1,0.5762160353076596
2026-04-20 12:00:00+00:00,75840.97,76558.62,74702.0,0,0.003521726017375337
2026-04-21 00:00:00+00:00,76452.94,76927.57,75474.77,0,0.003293752585324102
2026-04-21 12:00:00+00:00,76336.15,76595.3,74821.57,0,0.0032853816588331113
2026-04-22 00:00:00+00:00,78300.0,78452.18,76132.95,0,0.0038321724518012796
2026-04-22 12:00:00+00:00,78178.23,79472.82,78114.04,0,0.0030856138248256198
2026-04-23 00:00:00+00:00,77704.62,78574.44,77174.01,0,0.003749913427458693
2026-04-23 12:00:00+00:00,78257.48,78662.5,76960.0,0,0.4804348973351045
2026-04-24 00:00:00+00:00,78240.26,78581.93,77402.01,0,0.00383004815477844
2026-04-24 12:00:00+00:00,77437.13,78479.37,77264.08,0,0.003916604437942537
2026-04-25 00:00:00+00:00,77682.3,77885.35,77309.92,0,0.004324259956295466
2026-04-25 12:00:00+00:00,77625.0,77752.54,77140.23,0,0.5231635085781017
2026-04-26 00:00:00+00:00,78101.44,78210.0,77326.51,0,0.0042261784035869
2026-04-26 12:00:00+00:00,78657.55,78961.0,77770.0,0,0.003584651088387881
2026-04-27 00:00:00+00:00,77844.26,79485.66,77465.05,0,0.004858293875913709
2026-04-27 12:00:00+00:00,77371.32,78265.34,76459.64,0,0.43138379762934664
2026-04-28 00:00:00+00:00,76229.0,77478.0,76130.1,0,0.049309589365586895
2026-04-28 12:00:00+00:00,76342.77,76481.3,75666.6,0,0.4341858973557201
2026-04-29 00:00:00+00:00,77590.03,77904.93,76187.75,0,0.004665918828131739
2026-04-29 12:00:00+00:00,75780.0,77596.39,74937.52,1,0.6381612176669524
2026-04-30 00:00:00+00:00,76059.43,76473.26,75323.65,0,0.003514307660656547
2026-04-30 12:00:00+00:00,76346.57,76669.14,76042.75,0,0.0033065182309405953
2026-05-01 00:00:00+00:00,77463.98,77600.0,76320.42,0,0.003540327273100441
2026-05-01 12:00:00+00:00,78231.13,78914.12,77408.73,0,0.0039002477258511157
2026-05-02 00:00:00+00:00,78143.08,78514.82,78040.0,0,0.003426497096919622
2026-05-02 12:00:00+00:00,78686.85,79199.48,78108.41,0,0.003693920670367575
2026-05-03 00:00:00+00:00,78656.01,78849.22,78084.08,0,0.003759175539990357
2026-05-03 12:00:00+00:00,78568.57,79447.0,78484.42,0,0.006006884658629898
2026-05-04 00:00:00+00:00,78793.67,80635.51,78202.0,0,0.005032021963921349
2026-05-04 12:00:00+00:00,79861.01,80776.99,78500.0,0,0.003936790619309013
2026-05-05 00:00:00+00:00,81014.05,81323.52,79808.72,0,0.0032713358836890024
2026-05-05 12:00:00+00:00,80905.52,81791.48,80790.0,0,0.002873752202378468
2026-05-06 00:00:00+00:00,82522.89,82850.0,80731.14,0,0.0033750320982132587
2026-05-06 12:00:00+00:00,81447.01,82539.33,81000.0,0,0.003852111512155374
2026-05-07 00:00:00+00:00,80866.65,81708.32,80572.4,0,0.2630037066234799
2026-05-07 12:00:00+00:00,80006.0,81180.0,79500.0,0,0.17885775531164647
2026-05-08 00:00:00+00:00,80231.22,80340.94,79181.48,0,0.515392682764123
2026-05-08 12:00:00+00:00,80193.17,80500.0,79549.54,0,0.0030807765491030624
2026-05-09 00:00:00+00:00,80345.46,80666.66,80129.85,0,0.0029840250886278155
2026-05-09 12:00:00+00:00,80678.4,81080.0,80234.0,0,0.003289070979357972
2026-05-10 00:00:00+00:00,80821.21,80975.4,80572.77,0,0.003357275376509142
2026-05-10 12:00:00+00:00,82210.07,82479.32,80279.77,0,0.003331113804344013
2026-05-11 00:00:00+00:00,81196.94,82380.0,80525.0,0,0.00335603950320146
2026-05-11 12:00:00+00:00,81745.65,82137.26,80462.97,0,0.0031024338316224826
2026-05-12 00:00:00+00:00,80784.87,81788.0,80496.57,0,0.003590597993476658
2026-05-12 12:00:00+00:00,80504.47,80999.0,79843.59,0,0.5031601481941628
2026-05-13 00:00:00+00:00,80501.22,81324.64,80412.15,0,0.005935251640058247
2026-05-13 12:00:00+00:00,79313.61,80592.65,78754.65,0,0.4708812304596426
2026-05-14 00:00:00+00:00,79258.27,79998.0,78922.0,0,0.003426235310197828
2026-05-14 12:00:00+00:00,81089.99,82048.13,79230.31,0,0.003628405255620619
2026-05-15 00:00:00+00:00,80628.53,81664.45,80314.0,0,0.0039514204539168925
2026-05-15 12:00:00+00:00,79113.21,80635.44,78659.0,0,0.6652147563334138
2026-05-16 00:00:00+00:00,78081.71,79227.77,77640.0,0,0.14774865234613443
2026-05-16 12:00:00+00:00,78148.05,78364.65,77833.4,0,0.003061702189570342
2026-05-17 00:00:00+00:00,78415.99,78599.99,77721.19,0,0.0031727638817314737
2026-05-17 12:00:00+00:00,77457.67,78550.0,76735.16,0,0.1695361102470813
2026-05-18 00:00:00+00:00,77285.83,77477.99,76583.33,0,0.6680904508335067
2026-05-18 12:00:00+00:00,77001.87,77800.0,76051.0,0,0.6491605492801505
2026-05-19 00:00:00+00:00,76714.62,77414.62,76487.83,0,0.0036607609412682295
2026-05-19 12:00:00+00:00,76834.36,77065.8,76144.71,0,0.003840068750162947
2026-05-20 00:00:00+00:00,77382.49,77663.0,76516.74,0,0.0033843500267080134
2026-05-20 12:00:00+00:00,77552.23,77853.04,76891.61,0,0.0035323104269909594
2026-05-21 00:00:00+00:00,77189.1,78200.0,77147.15,0,0.002928538747310815
2026-05-21 12:00:00+00:00,77615.52,78098.16,76719.47,0,0.30379628697262795
2026-05-22 00:00:00+00:00,77428.84,77900.0,77184.45,0,0.003421698932649326
2026-05-22 12:00:00+00:00,75539.5,77584.94,75359.18,0,0.0380216441441405
2026-05-23 00:00:00+00:00,74789.99,75664.62,74289.6,1,0.24446185885432184
