idx,time_utc,side,tier,p_main,p3,p4,p5,p_opp_3,close,high,low,hit_3,hit_4,hit_5
1,2025-01-05 12:00,LONG,D_watch,0.561,0.561,0.554,0.336,0.073,98363.61,98836.85,97276.79,1,1,1
2,2025-01-08 12:00,LONG,A_sniper,0.926,0.926,0.893,0.839,0.005,95060.61,96079.32,92500.9,0,0,0
3,2025-01-09 12:00,LONG,C_signal,0.694,0.694,0.663,0.494,0.006,92552.49,94685.25,91203.67,1,1,1
4,2025-01-10 12:00,SHORT,E_weak,0.401,0.401,0.304,0.214,0.005,94726.11,95836.0,92206.02,1,1,1
5,2025-01-12 00:00,LONG,F_min,0.334,0.334,0.266,0.251,0.005,94255.1,94699.0,93711.19,0,0,0
6,2025-01-12 12:00,SHORT,E_weak,0.436,0.436,0.275,0.28,0.004,94545.06,95450.1,93800.0,0,0,0
7,2025-01-13 00:00,SHORT,A_sniper,0.858,0.858,0.903,0.759,0.034,90851.22,95940.0,90833.12,0,0,0
8,2025-01-13 12:00,LONG,A_sniper,0.944,0.944,0.914,0.862,0.004,94536.1,94727.15,89256.69,1,1,1
9,2025-01-14 00:00,SHORT,F_min,0.305,0.305,0.198,0.157,0.004,96548.04,97371.0,94346.22,0,0,0
10,2025-01-16 00:00,SHORT,C_signal,0.628,0.628,0.539,0.484,0.004,99158.71,100866.66,98617.55,0,0,0
11,2025-01-19 12:00,SHORT,D_watch,0.5,0.5,0.484,0.475,0.179,101331.57,106422.43,99651.6,0,0,0
12,2025-01-20 00:00,LONG,A_sniper,0.908,0.908,0.853,0.881,0.033,108239.19,109588.0,99550.0,1,1,1
13,2025-01-23 12:00,SHORT,D_watch,0.568,0.568,0.565,0.418,0.003,103910.34,106850.0,101281.62,0,0,0
14,2025-01-24 12:00,SHORT,E_weak,0.4,0.4,0.309,0.275,0.002,104870.5,107120.0,104456.89,1,1,1
15,2025-01-28 12:00,SHORT,E_weak,0.466,0.466,0.328,0.356,0.003,101335.52,103800.0,100272.68,0,0,0
16,2025-01-30 12:00,SHORT,D_watch,0.517,0.517,0.56,0.441,0.002,104722.94,106457.44,104660.0,1,1,1
17,2025-02-02 12:00,LONG,E_weak,0.478,0.478,0.416,0.479,0.004,97700.59,99439.05,96150.0,0,0,0
18,2025-02-03 00:00,LONG,C_signal,0.659,0.659,0.747,0.792,0.005,95107.89,97782.79,91231.0,1,1,1
19,2025-02-07 12:00,SHORT,B_strong,0.71,0.71,0.578,0.474,0.467,96506.8,100137.99,95620.34,1,1,1
20,2025-02-07 12:00,LONG,E_weak,0.467,0.467,0.481,0.359,0.71,96506.8,100137.99,95620.34,1,0,0
21,2025-02-09 12:00,LONG,D_watch,0.581,0.581,0.576,0.64,0.004,96462.75,96760.0,94713.0,1,1,0
22,2025-02-12 12:00,LONG,A_sniper,0.888,0.888,0.869,0.704,0.004,97869.99,98119.99,94088.23,1,1,1
23,2025-02-18 00:00,LONG,F_min,0.337,0.337,0.294,0.32,0.006,95640.34,96322.97,95050.0,0,0,0
24,2025-02-18 12:00,LONG,B_strong,0.784,0.784,0.699,0.681,0.007,95671.74,96753.91,93388.09,1,1,1
25,2025-02-19 12:00,SHORT,F_min,0.326,0.326,0.248,0.149,0.004,96644.37,96899.99,95407.41,0,0,0
26,2025-02-21 00:00,SHORT,F_min,0.32,0.32,0.218,0.134,0.004,98629.3,98896.81,98084.06,0,0,0
27,2025-02-21 12:00,SHORT,A_sniper,0.848,0.848,0.78,0.874,0.299,96181.98,99475.0,94871.95,1,1,1
28,2025-02-23 12:00,LONG,D_watch,0.529,0.529,0.578,0.37,0.005,96258.0,96332.44,95227.94,0,0,0
29,2025-02-25 00:00,LONG,C_signal,0.688,0.688,0.703,0.688,0.004,89239.39,92540.69,86888.1,0,0,0
30,2025-02-25 12:00,LONG,A_sniper,0.806,0.806,0.715,0.508,0.004,88680.4,89544.4,86050.99,0,0,0
31,2025-02-26 12:00,LONG,D_watch,0.514,0.514,0.488,0.333,0.005,84250.09,88674.0,82256.01,1,1,1
32,2025-02-28 00:00,LONG,C_signal,0.652,0.652,0.524,0.438,0.003,80513.38,84892.85,78258.52,1,1,1
33,2025-03-01 00:00,SHORT,E_weak,0.468,0.468,0.414,0.296,0.004,84632.79,86558.0,83824.78,0,0,0
34,2025-03-04 00:00,LONG,F_min,0.37,0.37,0.268,0.258,0.004,83937.94,86807.98,82464.84,0,0,0
35,2025-03-04 12:00,LONG,B_strong,0.769,0.769,0.776,0.556,0.004,87281.98,88967.52,81500.0,1,1,1
36,2025-03-05 12:00,SHORT,E_weak,0.439,0.439,0.284,0.139,0.003,90606.01,91000.0,87600.0,0,0,0
37,2025-03-06 00:00,SHORT,F_min,0.374,0.374,0.275,0.246,0.003,91350.0,92810.64,89986.73,1,1,1
38,2025-03-07 00:00,LONG,A_sniper,0.8,0.8,0.693,0.701,0.005,88966.96,91283.02,84667.03,0,0,0
39,2025-03-11 00:00,LONG,B_strong,0.728,0.728,0.839,0.76,0.004,81720.34,82092.34,76606.0,1,1,1
40,2025-03-13 12:00,LONG,F_min,0.319,0.319,0.334,0.328,0.004,81115.78,83900.0,79939.9,1,1,1
41,2025-03-14 12:00,SHORT,F_min,0.308,0.308,0.379,0.362,0.004,83983.2,85309.71,82640.59,1,1,0
42,2025-03-16 12:00,SHORT,A_sniper,0.815,0.815,0.722,0.742,0.206,82574.53,85117.04,81981.12,1,1,0
43,2025-03-18 12:00,LONG,C_signal,0.638,0.638,0.738,0.723,0.003,82715.03,82821.6,81134.66,1,1,1
44,2025-03-20 00:00,SHORT,C_signal,0.66,0.66,0.564,0.523,0.003,85502.17,87453.67,84755.14,1,1,0
45,2025-03-21 12:00,LONG,D_watch,0.531,0.531,0.444,0.421,0.003,84088.79,84584.0,83175.25,1,1,1
46,2025-03-24 12:00,SHORT,C_signal,0.67,0.67,0.675,0.576,0.004,87498.16,88765.43,87050.6,1,1,1
47,2025-03-26 12:00,LONG,F_min,0.326,0.326,0.294,0.261,0.006,86909.17,88000.0,85860.0,0,0,0
48,2025-03-27 12:00,LONG,B_strong,0.749,0.749,0.567,0.571,0.004,87232.01,87728.27,85800.0,0,0,0
49,2025-03-29 12:00,LONG,C_signal,0.687,0.687,0.641,0.498,0.003,82648.54,82882.01,81644.81,0,0,0
50,2025-03-30 12:00,LONG,D_watch,0.535,0.535,0.47,0.477,0.004,82389.99,83268.05,81565.0,0,0,0
51,2025-03-31 00:00,LONG,C_signal,0.652,0.652,0.709,0.558,0.003,82205.51,82444.89,81278.52,1,1,1
52,2025-04-02 12:00,SHORT,A_sniper,0.969,0.969,0.958,0.964,0.106,82516.29,88500.0,82320.0,1,1,1
53,2025-04-03 12:00,LONG,B_strong,0.728,0.728,0.666,0.473,0.004,83213.09,83332.2,81211.24,1,0,0
54,2025-04-04 00:00,SHORT,D_watch,0.593,0.593,0.481,0.447,0.005,82680.45,84720.0,81659.0,1,1,1
55,2025-04-06 12:00,LONG,F_min,0.33,0.33,0.374,0.427,0.005,78430.0,82981.14,77153.83,0,0,0
56,2025-04-07 00:00,LONG,E_weak,0.482,0.482,0.578,0.626,0.003,76685.62,79347.46,74508.0,1,1,1
57,2025-04-09 00:00,LONG,F_min,0.373,0.373,0.416,0.461,0.005,76230.01,77979.3,74620.0,1,1,1
58,2025-04-13 00:00,SHORT,D_watch,0.521,0.521,0.255,0.273,0.003,84528.66,86100.0,84216.15,1,0,0
59,2025-04-13 12:00,LONG,F_min,0.361,0.361,0.218,0.225,0.005,83760.0,84990.22,83034.23,1,1,1
60,2025-04-14 12:00,SHORT,D_watch,0.519,0.519,0.405,0.4,0.004,84591.58,85799.99,83709.25,0,0,0
61,2025-04-15 12:00,SHORT,B_strong,0.764,0.764,0.701,0.779,0.086,83643.99,86496.42,83600.0,1,0,0
62,2025-04-16 00:00,LONG,D_watch,0.568,0.568,0.618,0.412,0.003,84048.11,84127.05,83111.64,1,1,1
63,2025-04-19 12:00,SHORT,F_min,0.308,0.308,0.364,0.318,0.003,85077.01,85677.99,84694.49,0,0,0
64,2025-04-23 00:00,SHORT,E_weak,0.437,0.437,0.519,0.336,0.004,93466.01,94521.79,92580.18,0,0,0
65,2025-04-24 00:00,LONG,C_signal,0.616,0.616,0.584,0.573,0.004,92619.94,93787.65,91660.01,1,1,1
66,2025-04-25 12:00,SHORT,F_min,0.324,0.324,0.298,0.231,0.003,94638.68,95758.04,93929.41,1,0,0
67,2025-04-26 12:00,LONG,E_weak,0.401,0.401,0.416,0.3,0.003,94628.0,94888.0,93870.69,0,0,0
68,2025-04-27 00:00,SHORT,F_min,0.379,0.379,0.37,0.279,0.117,93920.01,95369.0,93655.0,0,0,0
69,2025-04-28 00:00,LONG,C_signal,0.629,0.629,0.603,0.547,0.068,95319.99,95550.0,92800.01,1,1,1
70,2025-04-30 12:00,LONG,E_weak,0.416,0.416,0.457,0.441,0.004,94172.0,95214.9,92910.0,1,1,1
71,2025-05-02 12:00,SHORT,D_watch,0.515,0.515,0.594,0.555,0.004,96887.14,97895.68,96561.57,1,1,0
72,2025-05-06 12:00,LONG,D_watch,0.56,0.56,0.723,0.53,0.057,96834.02,96920.65,93377.0,1,1,1
73,2025-05-09 00:00,SHORT,F_min,0.362,0.362,0.305,0.442,0.002,102958.31,104361.3,102364.0,1,0,0
74,2025-05-12 00:00,SHORT,E_weak,0.491,0.491,0.584,0.484,0.002,103762.9,105819.45,103625.0,1,1,0
75,2025-05-12 12:00,LONG,F_min,0.375,0.375,0.406,0.31,0.003,102791.32,104629.96,100718.37,1,1,1
76,2025-05-15 12:00,LONG,F_min,0.346,0.346,0.387,0.375,0.003,103763.71,104192.7,101383.07,1,1,1
77,2025-05-19 00:00,LONG,F_min,0.359,0.359,0.404,0.256,0.749,102963.41,107108.62,102000.0,1,1,1
78,2025-05-19 00:00,SHORT,B_strong,0.749,0.749,0.654,0.401,0.359,102963.41,107108.62,102000.0,0,0,0
79,2025-05-21 00:00,SHORT,D_watch,0.538,0.538,0.485,0.355,0.005,106546.44,107985.05,106100.01,0,0,0
80,2025-05-25 00:00,LONG,E_weak,0.477,0.477,0.342,0.309,0.004,107260.0,108288.69,106708.98,0,0,0
81,2025-05-25 12:00,LONG,B_strong,0.767,0.767,0.627,0.643,0.023,109004.19,109299.99,106600.64,1,0,0
82,2025-05-27 00:00,LONG,D_watch,0.581,0.581,0.537,0.518,0.001,109585.49,109899.0,107516.57,0,0,0
83,2025-05-27 12:00,SHORT,E_weak,0.46,0.46,0.489,0.452,0.004,108938.17,110718.0,108600.0,1,1,1
84,2025-05-30 00:00,LONG,A_sniper,0.857,0.857,0.805,0.706,0.003,105880.51,106313.12,104600.5,0,0,0
85,2025-06-02 12:00,LONG,B_strong,0.773,0.773,0.735,0.564,0.003,105857.99,105931.44,103659.88,1,1,1
86,2025-06-03 00:00,SHORT,F_min,0.321,0.321,0.331,0.268,0.004,105287.24,106500.0,104872.5,0,0,0
87,2025-06-03 12:00,SHORT,F_min,0.35,0.35,0.282,0.202,0.004,105376.89,106794.67,105031.6,1,1,1
88,2025-06-05 12:00,LONG,D_watch,0.519,0.519,0.58,0.505,0.405,101508.68,105909.71,100372.26,1,1,1
89,2025-06-05 12:00,SHORT,E_weak,0.405,0.405,0.482,0.552,0.519,101508.68,105909.71,100372.26,1,0,0
90,2025-06-11 12:00,LONG,F_min,0.349,0.349,0.342,0.349,0.005,108645.12,110392.01,108064.0,0,0,0
91,2025-06-13 00:00,LONG,B_strong,0.701,0.701,0.661,0.677,0.005,105039.48,105694.0,102664.31,1,1,1
92,2025-06-17 12:00,LONG,D_watch,0.582,0.582,0.274,0.354,0.004,104551.17,105862.03,103371.02,1,1,0
93,2025-06-20 12:00,LONG,F_min,0.328,0.328,0.285,0.265,0.004,103297.99,106149.17,102345.0,0,0,0
94,2025-06-21 12:00,LONG,E_weak,0.428,0.428,0.276,0.311,0.004,102120.01,103946.47,100837.9,0,0,0
95,2025-06-22 12:00,LONG,A_sniper,0.954,0.954,0.944,0.957,0.003,100963.87,102831.0,98200.0,1,1,1
96,2025-06-26 00:00,SHORT,F_min,0.308,0.308,0.365,0.227,0.004,107325.41,108272.45,107105.43,0,0,0
97,2025-06-27 00:00,LONG,F_min,0.311,0.311,0.265,0.278,0.005,106983.6,107735.34,106438.33,0,0,0
98,2025-06-30 00:00,SHORT,F_min,0.337,0.337,0.239,0.421,0.004,107654.2,108789.99,107400.0,1,0,0
99,2025-07-02 00:00,LONG,B_strong,0.737,0.737,0.638,0.707,0.09,107479.99,107860.23,105100.19,1,1,1
100,2025-07-03 12:00,SHORT,F_min,0.379,0.379,0.478,0.578,0.004,109584.78,110529.18,108749.99,0,0,0
101,2025-07-04 00:00,LONG,F_min,0.35,0.35,0.358,0.112,0.004,108888.0,109767.59,108518.83,0,0,0
102,2025-07-04 12:00,LONG,F_min,0.35,0.35,0.216,0.192,0.005,107984.24,108978.64,107245.0,1,1,1
103,2025-07-07 12:00,LONG,D_watch,0.5,0.5,0.453,0.437,0.004,108262.94,108660.0,107513.2,0,0,0
104,2025-07-08 00:00,LONG,D_watch,0.538,0.538,0.45,0.566,0.002,108756.37,109005.0,107429.57,1,1,1
105,2025-07-14 00:00,SHORT,F_min,0.348,0.348,0.234,0.409,0.002,121467.24,123218.0,118905.18,1,1,1
106,2025-07-15 12:00,LONG,C_signal,0.615,0.615,0.623,0.461,0.005,117758.09,118490.71,115736.92,1,1,0
107,2025-07-16 12:00,SHORT,E_weak,0.472,0.472,0.435,0.556,0.003,118630.43,120063.84,118181.14,0,0,0
108,2025-07-17 12:00,LONG,F_min,0.368,0.368,0.371,0.369,0.336,119177.56,120998.71,117453.57,0,0,0
109,2025-07-17 12:00,SHORT,F_min,0.336,0.336,0.283,0.333,0.368,119177.56,120998.71,117453.57,1,1,1
110,2025-07-18 12:00,LONG,F_min,0.304,0.304,0.245,0.269,0.004,117924.84,119531.48,116812.76,0,0,0
111,2025-07-20 12:00,LONG,F_min,0.318,0.318,0.236,0.328,0.493,117265.12,118856.8,116467.02,1,0,0
112,2025-07-20 12:00,SHORT,E_weak,0.493,0.493,0.51,0.548,0.318,117265.12,118856.8,116467.02,0,0,0
113,2025-07-21 00:00,SHORT,F_min,0.347,0.347,0.301,0.346,0.003,118070.17,119676.73,116515.0,1,1,0
114,2025-07-22 00:00,LONG,D_watch,0.561,0.561,0.541,0.509,0.003,119154.99,119188.3,116128.0,1,0,0
115,2025-07-23 12:00,LONG,D_watch,0.518,0.518,0.607,0.414,0.004,118755.99,118756.0,117301.0,0,0,0
116,2025-07-24 00:00,LONG,D_watch,0.506,0.506,0.493,0.435,0.004,118600.0,119273.36,117103.1,0,0,0
117,2025-07-25 00:00,LONG,A_sniper,0.837,0.837,0.753,0.758,0.004,116543.58,118451.57,114723.16,1,1,0
118,2025-07-30 12:00,LONG,C_signal,0.689,0.689,0.554,0.563,0.004,117840.3,118792.0,115796.23,0,0,0
119,2025-08-01 00:00,LONG,E_weak,0.428,0.428,0.411,0.437,0.003,115305.65,116052.0,114116.0,0,0,0
120,2025-08-02 12:00,LONG,D_watch,0.515,0.515,0.452,0.495,0.004,112546.35,113787.12,112003.0,0,0,0
121,2025-08-03 00:00,LONG,C_signal,0.677,0.677,0.583,0.679,0.023,113862.18,114260.31,111920.0,1,1,1
122,2025-08-05 00:00,LONG,D_watch,0.569,0.569,0.563,0.506,0.003,114827.07,115127.81,113725.72,0,0,0
123,2025-08-05 12:00,LONG,D_watch,0.529,0.529,0.548,0.463,0.004,114129.75,114893.13,112650.0,1,1,1
124,2025-08-09 00:00,SHORT,F_min,0.342,0.342,0.405,0.558,0.003,117110.0,117944.05,116299.13,0,0,0
125,2025-08-11 00:00,SHORT,E_weak,0.417,0.417,0.321,0.32,0.003,120561.54,122335.16,118972.59,1,1,1
126,2025-08-11 12:00,LONG,E_weak,0.486,0.486,0.478,0.212,0.004,118686.0,120794.05,118050.11,1,1,1
127,2025-08-14 00:00,SHORT,B_strong,0.7,0.7,0.586,0.373,0.003,120949.67,124474.0,120694.0,1,1,1
128,2025-08-14 12:00,LONG,E_weak,0.449,0.449,0.365,0.348,0.004,118295.09,121183.06,117180.0,0,0,0
129,2025-08-15 12:00,LONG,F_min,0.325,0.325,0.214,0.216,0.004,117342.05,119130.77,116803.99,0,0,0
130,2025-08-19 00:00,LONG,D_watch,0.541,0.541,0.608,0.618,0.004,115508.71,116725.69,114366.0,0,0,0
131,2025-08-20 00:00,LONG,D_watch,0.545,0.545,0.595,0.542,0.004,113666.68,114016.77,112566.01,0,0,0
132,2025-08-20 12:00,LONG,C_signal,0.627,0.627,0.577,0.543,0.003,114271.24,114615.38,112380.0,0,0,0
133,2025-08-21 00:00,SHORT,F_min,0.332,0.332,0.323,0.279,0.002,113148.66,114821.76,113000.0,1,1,1
134,2025-08-21 12:00,LONG,E_weak,0.429,0.429,0.547,0.429,0.004,112500.0,113995.11,112015.67,0,0,0
135,2025-08-22 12:00,LONG,A_sniper,0.92,0.92,0.893,0.86,0.055,116935.99,117429.05,111684.79,1,0,0
136,2025-08-24 12:00,LONG,A_sniper,0.808,0.808,0.855,0.888,0.005,113493.59,114917.1,110680.0,0,0,0
137,2025-08-26 00:00,LONG,C_signal,0.696,0.696,0.803,0.837,0.004,109876.52,110547.31,108666.66,1,1,0
138,2025-08-27 12:00,SHORT,F_min,0.319,0.319,0.261,0.325,0.004,111262.01,112625.0,110921.79,0,0,0
139,2025-08-30 00:00,LONG,C_signal,0.624,0.624,0.692,0.674,0.004,108680.01,108777.43,107350.1,1,1,1
140,2025-09-01 00:00,LONG,D_watch,0.527,0.527,0.594,0.74,0.241,108782.88,109912.4,107255.0,1,1,1
141,2025-09-02 00:00,SHORT,D_watch,0.534,0.534,0.514,0.537,0.003,109733.34,110711.1,108883.8,0,0,0
142,2025-09-03 12:00,SHORT,F_min,0.333,0.333,0.278,0.325,0.004,111705.71,112575.27,111031.61,0,0,0
143,2025-09-04 12:00,LONG,F_min,0.341,0.341,0.335,0.391,0.004,110730.87,111765.31,109329.12,1,1,1
144,2025-09-05 12:00,SHORT,E_weak,0.427,0.427,0.433,0.546,0.004,110659.99,113384.62,110206.96,0,0,0
145,2025-09-12 00:00,SHORT,B_strong,0.739,0.739,0.768,0.494,0.002,114913.45,116331.81,114888.01,0,0,0
146,2025-09-15 00:00,SHORT,B_strong,0.721,0.721,0.573,0.411,0.091,115070.0,116757.99,114625.87,1,1,0
147,2025-09-17 00:00,SHORT,F_min,0.318,0.318,0.418,0.434,0.001,116258.13,117286.73,116160.22,0,0,0
148,2025-09-17 12:00,LONG,D_watch,0.521,0.521,0.469,0.275,0.005,116447.59,116990.68,114720.81,0,0,0
149,2025-09-22 00:00,LONG,F_min,0.311,0.311,0.422,0.412,0.003,112876.97,115379.25,111800.0,0,0,0
150,2025-09-23 00:00,LONG,B_strong,0.728,0.728,0.571,0.49,0.002,112975.99,113281.5,111478.0,0,0,0
151,2025-09-23 12:00,LONG,E_weak,0.457,0.457,0.248,0.415,0.004,111998.8,113290.5,111458.73,0,0,0
152,2025-09-24 00:00,LONG,A_sniper,0.81,0.81,0.862,0.64,0.002,113029.46,113162.17,111042.66,1,1,1
153,2025-09-26 00:00,LONG,D_watch,0.564,0.564,0.475,0.399,0.004,109133.5,109798.84,108620.07,1,1,1
154,2025-09-28 12:00,LONG,C_signal,0.659,0.659,0.607,0.3,0.025,112163.95,112350.0,109189.99,1,1,1
155,2025-10-05 00:00,SHORT,F_min,0.35,0.35,0.375,0.261,0.003,123464.64,125708.42,122136.0,1,1,1
156,2025-10-09 12:00,LONG,B_strong,0.732,0.732,0.735,0.699,0.004,121662.4,123762.94,119651.47,0,0,0
157,2025-10-10 12:00,LONG,B_strong,0.765,0.765,0.782,0.847,0.004,112774.5,122550.0,102000.0,1,1,1
158,2025-10-13 00:00,SHORT,E_weak,0.447,0.447,0.431,0.392,0.004,114180.0,115963.81,113616.5,1,1,1
159,2025-10-14 12:00,LONG,E_weak,0.442,0.442,0.508,0.418,0.004,113028.14,113577.0,109866.0,1,0,0
160,2025-10-16 00:00,LONG,D_watch,0.543,0.543,0.52,0.551,0.004,111404.72,111867.17,109635.15,0,0,0
161,2025-10-17 00:00,LONG,D_watch,0.536,0.536,0.437,0.448,0.004,105683.72,109240.0,103528.23,1,1,1
162,2025-10-19 00:00,LONG,D_watch,0.54,0.54,0.469,0.371,0.194,107783.47,108260.5,106103.36,1,1,1
163,2025-10-19 12:00,SHORT,F_min,0.353,0.353,0.225,0.138,0.004,108642.78,109450.07,107355.02,0,0,0
164,2025-10-21 12:00,SHORT,A_sniper,0.892,0.892,0.887,0.872,0.004,108297.67,114000.0,107922.06,1,1,1
165,2025-10-22 12:00,LONG,F_min,0.37,0.37,0.29,0.332,0.005,107567.44,109163.88,106666.69,1,1,1
166,2025-10-23 12:00,SHORT,E_weak,0.463,0.463,0.386,0.251,0.004,110078.18,111293.61,108685.72,0,0,0
167,2025-10-24 12:00,SHORT,F_min,0.369,0.369,0.311,0.23,0.003,111004.89,112104.98,109700.01,1,1,1
168,2025-10-27 00:00,SHORT,B_strong,0.7,0.7,0.617,0.828,0.004,115362.02,116400.0,114362.26,1,1,1
169,2025-10-28 00:00,LONG,E_weak,0.489,0.489,0.503,0.372,0.003,114357.73,114673.68,113483.3,0,0,0
170,2025-10-28 12:00,SHORT,D_watch,0.541,0.541,0.552,0.525,0.058,112898.45,116086.0,112211.0,1,1,1
171,2025-10-29 00:00,LONG,F_min,0.332,0.332,0.378,0.339,0.004,113132.36,113624.12,112100.0,0,0,0
172,2025-10-30 00:00,LONG,E_weak,0.439,0.439,0.43,0.495,0.004,109717.29,111592.0,107925.06,0,0,0
173,2025-10-30 12:00,LONG,B_strong,0.798,0.798,0.73,0.61,0.005,108322.88,109777.93,106304.34,1,1,0
174,2025-10-31 12:00,SHORT,C_signal,0.6,0.6,0.665,0.639,0.004,109608.01,111190.0,108635.0,1,1,1
175,2025-11-02 12:00,LONG,E_weak,0.486,0.486,0.377,0.381,0.052,110540.68,111250.01,109471.34,0,0,0
176,2025-11-03 00:00,LONG,F_min,0.365,0.365,0.279,0.312,0.004,107787.42,110750.0,106726.63,0,0,0
177,2025-11-03 12:00,LONG,E_weak,0.45,0.45,0.437,0.498,0.004,106583.04,108333.0,105306.56,0,0,0
178,2025-11-04 12:00,LONG,A_sniper,0.822,0.822,0.646,0.644,0.003,101497.22,104842.63,98944.36,1,1,1
179,2025-11-07 00:00,LONG,F_min,0.302,0.302,0.315,0.205,0.005,100411.89,102527.0,99803.58,0,0,0
180,2025-11-07 12:00,LONG,B_strong,0.756,0.756,0.784,0.48,0.264,103339.08,104096.36,99260.86,1,1,1
181,2025-11-09 00:00,LONG,C_signal,0.66,0.66,0.468,0.428,0.004,102239.41,102337.89,101400.0,1,1,1
182,2025-11-09 12:00,SHORT,D_watch,0.562,0.562,0.533,0.294,0.003,104722.96,105495.62,102050.64,0,0,0
183,2025-11-11 00:00,SHORT,D_watch,0.522,0.522,0.497,0.513,0.004,105311.9,107500.0,104741.2,1,1,1
184,2025-11-13 12:00,LONG,C_signal,0.63,0.63,0.497,0.496,0.004,99692.02,103483.83,98000.4,0,0,0
185,2025-11-16 12:00,LONG,C_signal,0.678,0.678,0.601,0.497,0.005,94261.44,95900.0,93005.55,0,0,0
186,2025-11-18 00:00,LONG,A_sniper,0.939,0.939,0.915,0.792,0.003,91517.82,92357.51,89253.78,1,1,0
187,2025-11-19 12:00,LONG,A_sniper,0.903,0.903,0.815,0.809,0.004,91554.96,92384.61,88608.0,0,0,0
188,2025-11-21 12:00,LONG,A_sniper,0.922,0.922,0.898,0.788,0.004,85129.43,85572.82,80600.0,1,1,1
189,2025-11-23 12:00,SHORT,F_min,0.324,0.324,0.312,0.329,0.004,86830.0,88127.64,86271.1,0,0,0
190,2025-11-24 12:00,LONG,C_signal,0.666,0.666,0.658,0.588,0.186,88300.01,89228.0,85272.0,1,1,1
191,2025-11-28 12:00,SHORT,A_sniper,0.81,0.81,0.732,0.636,0.216,90890.7,93092.0,90180.63,1,1,1
192,2025-11-29 12:00,LONG,E_weak,0.468,0.468,0.417,0.425,0.005,90802.44,91165.65,90155.47,1,1,0
193,2025-11-30 12:00,SHORT,B_strong,0.776,0.776,0.825,0.787,0.003,90360.0,92000.01,90336.9,1,1,1
194,2025-12-01 12:00,LONG,A_sniper,0.873,0.873,0.896,0.752,0.004,86286.01,86860.0,83822.76,1,1,1
195,2025-12-03 00:00,SHORT,F_min,0.314,0.314,0.168,0.239,0.004,93005.68,93958.58,90990.23,0,0,0
196,2025-12-04 12:00,LONG,E_weak,0.459,0.459,0.346,0.411,0.004,92078.06,93257.0,90889.0,0,0,0
197,2025-12-05 12:00,LONG,E_weak,0.463,0.463,0.358,0.45,0.004,89330.04,91478.67,88056.0,1,1,1
198,2025-12-07 12:00,LONG,A_sniper,0.826,0.826,0.83,0.778,0.5,90395.31,91760.0,87719.28,1,1,1
199,2025-12-07 12:00,SHORT,D_watch,0.5,0.5,0.371,0.303,0.826,90395.31,91760.0,87719.28,0,0,0
200,2025-12-09 00:00,LONG,D_watch,0.596,0.596,0.573,0.427,0.005,90384.55,90846.26,89500.0,1,1,1
201,2025-12-09 12:00,SHORT,C_signal,0.602,0.602,0.264,0.219,0.004,92678.8,94588.99,90004.73,1,1,1
202,2025-12-11 00:00,LONG,F_min,0.335,0.335,0.216,0.249,0.005,90242.35,92080.32,89389.63,0,0,0
203,2025-12-11 12:00,LONG,A_sniper,0.822,0.822,0.752,0.637,0.007,92513.38,93555.0,89260.63,0,0,0
204,2025-12-14 00:00,LONG,F_min,0.334,0.334,0.238,0.225,0.003,89360.0,90472.4,88687.27,0,0,0
205,2025-12-17 12:00,LONG,F_min,0.376,0.376,0.356,0.309,0.918,86243.22,90365.85,85314.0,0,0,0
206,2025-12-17 12:00,SHORT,A_sniper,0.918,0.918,0.881,0.882,0.376,86243.22,90365.85,85314.0,1,1,1
207,2025-12-18 12:00,LONG,C_signal,0.645,0.645,0.551,0.509,0.004,85516.41,89477.61,84450.01,1,1,1
208,2025-12-21 12:00,LONG,E_weak,0.484,0.484,0.351,0.355,0.005,88658.86,88920.01,87600.04,1,0,0
209,2025-12-22 12:00,SHORT,D_watch,0.591,0.591,0.792,0.625,0.004,88620.79,90588.23,87911.79,1,1,0
210,2025-12-23 12:00,LONG,F_min,0.311,0.311,0.202,0.303,0.004,87486.0,88372.35,86601.9,0,0,0
211,2025-12-24 12:00,LONG,D_watch,0.52,0.52,0.376,0.439,0.005,87669.45,88049.89,86420.0,1,1,0
212,2025-12-25 12:00,SHORT,C_signal,0.698,0.698,0.747,0.761,0.003,87225.27,88592.74,86934.72,0,0,0
213,2025-12-26 00:00,LONG,E_weak,0.452,0.452,0.383,0.331,0.53,88533.42,89567.75,86891.7,0,0,0
214,2025-12-26 00:00,SHORT,D_watch,0.53,0.53,0.547,0.542,0.452,88533.42,89567.75,86891.7,1,0,0
215,2025-12-29 00:00,SHORT,A_sniper,0.804,0.804,0.92,0.959,0.003,87567.66,90406.08,87567.65,1,0,0
216,2025-12-30 12:00,SHORT,F_min,0.361,0.361,0.385,0.272,0.004,88485.49,89400.0,87834.01,0,0,0
217,2026-01-02 12:00,SHORT,C_signal,0.606,0.606,0.334,0.17,0.004,89995.13,90961.81,88459.96,0,0,0
218,2026-01-06 12:00,LONG,C_signal,0.681,0.681,0.587,0.596,0.005,93747.97,94444.44,91262.94,0,0,0
219,2026-01-07 12:00,LONG,E_weak,0.485,0.485,0.387,0.411,0.004,91364.16,92299.4,90675.52,0,0,0
220,2026-01-08 12:00,LONG,C_signal,0.662,0.662,0.644,0.561,0.003,91099.99,91493.0,89311.0,1,1,1
221,2026-01-09 12:00,SHORT,F_min,0.308,0.308,0.366,0.464,0.005,90641.28,92082.55,89850.0,0,0,0
222,2026-01-11 12:00,LONG,F_min,0.383,0.383,0.325,0.223,0.032,91013.65,91283.89,90236.0,0,0,0
223,2026-01-12 00:00,SHORT,F_min,0.346,0.346,0.373,0.413,0.003,90620.96,92519.95,90370.0,0,0,0
224,2026-01-12 12:00,LONG,F_min,0.375,0.375,0.272,0.199,0.003,91296.2,92332.0,90128.44,1,1,1
225,2026-01-16 12:00,LONG,D_watch,0.556,0.556,0.48,0.339,0.004,95550.94,95809.08,94293.46,0,0,0
226,2026-01-18 00:00,LONG,E_weak,0.448,0.448,0.326,0.346,0.003,95168.06,95295.39,94876.33,0,0,0
227,2026-01-19 00:00,LONG,F_min,0.389,0.389,0.336,0.276,0.003,93191.96,93673.14,91910.2,0,0,0
228,2026-01-21 12:00,LONG,A_sniper,0.827,0.827,0.836,0.722,0.005,89454.73,90574.0,87263.53,1,1,0
229,2026-01-23 12:00,SHORT,D_watch,0.52,0.52,0.607,0.513,0.003,89600.26,91224.99,88578.36,1,1,1
230,2026-01-28 12:00,SHORT,D_watch,0.578,0.578,0.534,0.334,0.003,89299.99,90600.0,88878.01,1,1,1
231,2026-01-29 12:00,LONG,E_weak,0.409,0.409,0.269,0.231,0.005,84650.16,88182.29,83383.33,0,0,0
232,2026-01-30 00:00,LONG,D_watch,0.588,0.588,0.426,0.381,0.005,83151.36,84735.75,81118.0,0,0,0
233,2026-01-31 12:00,LONG,B_strong,0.779,0.779,0.489,0.538,0.005,78741.09,83140.0,75719.9,0,0,0
234,2026-02-01 12:00,LONG,A_sniper,0.811,0.811,0.724,0.514,0.005,76968.21,78768.68,75700.0,0,0,0
235,2026-02-02 00:00,LONG,A_sniper,0.931,0.931,0.911,0.718,0.004,77759.99,78231.26,74604.0,1,1,1
236,2026-02-02 12:00,SHORT,F_min,0.324,0.324,0.428,0.311,0.004,78738.61,79360.0,77564.62,1,1,1
237,2026-02-03 12:00,LONG,A_sniper,0.867,0.867,0.795,0.726,0.005,75770.21,78458.89,72945.5,0,0,0
238,2026-02-04 12:00,LONG,A_sniper,0.871,0.871,0.79,0.644,0.005,73165.83,76260.85,71888.0,0,0,0
239,2026-02-06 00:00,LONG,A_sniper,0.962,0.962,0.947,0.93,0.004,66631.32,66826.5,60000.0,1,1,1
240,2026-02-06 12:00,SHORT,F_min,0.395,0.395,0.329,0.345,0.006,70580.26,71751.33,66114.49,1,1,1
241,2026-02-08 12:00,SHORT,C_signal,0.651,0.651,0.541,0.51,0.004,70330.38,72271.41,70000.0,1,1,1
242,2026-02-09 12:00,LONG,A_sniper,0.823,0.823,0.884,0.724,0.009,70138.0,71126.0,68308.0,0,0,0
243,2026-02-10 12:00,LONG,C_signal,0.62,0.62,0.529,0.596,0.005,68841.29,69993.65,67800.0,0,0,0
244,2026-02-11 12:00,LONG,E_weak,0.437,0.437,0.381,0.482,0.005,67082.52,68834.34,65756.0,0,0,0
245,2026-02-12 12:00,LONG,D_watch,0.55,0.55,0.484,0.392,0.003,66272.17,68410.52,65118.0,1,1,1
246,2026-02-15 00:00,SHORT,F_min,0.323,0.323,0.22,0.276,0.004,70295.22,70983.0,69251.5,1,1,1
247,2026-02-15 12:00,LONG,F_min,0.305,0.305,0.231,0.213,0.005,68832.58,70418.48,68000.0,0,0,0
248,2026-02-16 12:00,LONG,F_min,0.333,0.333,0.293,0.325,0.005,68892.43,70126.67,67294.11,0,0,0
249,2026-02-17 12:00,LONG,E_weak,0.412,0.412,0.363,0.392,0.005,67503.52,68360.5,66621.06,0,0,0
250,2026-02-19 12:00,LONG,B_strong,0.738,0.738,0.677,0.684,0.003,67003.73,67198.1,65631.83,1,1,1
251,2026-02-20 00:00,SHORT,F_min,0.363,0.363,0.533,0.315,0.004,67318.41,68318.39,66949.41,1,1,1
252,2026-02-21 12:00,SHORT,E_weak,0.438,0.438,0.371,0.33,0.003,67975.93,68698.7,67900.0,1,1,1
253,2026-02-23 00:00,LONG,B_strong,0.715,0.715,0.674,0.677,0.004,66207.23,67684.86,64290.71,0,0,0
254,2026-02-23 12:00,LONG,A_sniper,0.806,0.806,0.615,0.619,0.003,64656.02,66511.51,63888.79,0,0,0
255,2026-02-24 00:00,LONG,E_weak,0.402,0.402,0.369,0.304,0.007,63227.1,65026.75,62700.8,0,0,0
256,2026-02-24 12:00,LONG,A_sniper,0.847,0.847,0.843,0.751,0.005,64058.15,64743.11,62510.28,1,1,1
257,2026-02-25 12:00,SHORT,D_watch,0.558,0.558,0.442,0.395,0.005,67988.04,69988.83,65324.62,1,1,1
258,2026-02-27 12:00,LONG,D_watch,0.508,0.508,0.4,0.296,0.005,65872.1,66344.9,64914.46,0,0,0
259,2026-03-01 00:00,SHORT,C_signal,0.627,0.627,0.582,0.47,0.004,66468.03,68199.99,66042.72,1,1,0
260,2026-03-04 12:00,SHORT,E_weak,0.449,0.449,0.439,0.153,0.004,72666.77,74050.0,70588.0,1,1,1
261,2026-03-08 00:00,LONG,E_weak,0.47,0.47,0.302,0.277,0.003,67515.0,68200.0,66547.15,0,0,0
262,2026-03-09 12:00,SHORT,D_watch,0.5,0.5,0.385,0.412,0.003,68432.16,69516.65,67759.57,0,0,0
263,2026-03-10 12:00,SHORT,D_watch,0.544,0.544,0.624,0.538,0.004,69948.63,71777.0,69266.06,1,0,0
264,2026-03-11 12:00,LONG,E_weak,0.46,0.46,0.365,0.368,0.004,70191.86,71321.0,68977.91,1,1,1
265,2026-03-13 12:00,SHORT,A_sniper,0.834,0.834,0.777,0.753,0.003,70930.0,73913.74,70559.02,1,1,1
266,2026-03-17 00:00,SHORT,D_watch,0.544,0.544,0.43,0.498,0.004,74033.11,76000.0,73560.98,1,1,1
267,2026-03-19 12:00,LONG,D_watch,0.555,0.555,0.467,0.439,0.003,69930.0,70695.6,68793.35,1,1,0
268,2026-03-21 12:00,SHORT,D_watch,0.524,0.524,0.348,0.329,0.202,68918.12,71100.94,68571.42,1,1,1
269,2026-03-23 00:00,SHORT,F_min,0.313,0.313,0.178,0.218,0.005,70122.15,71499.0,67445.18,0,0,0
270,2026-03-23 12:00,SHORT,D_watch,0.58,0.58,0.384,0.347,0.004,70906.45,71817.09,69671.95,1,1,1
271,2026-03-24 12:00,LONG,D_watch,0.597,0.597,0.666,0.516,0.004,70556.74,71177.66,68923.07,1,0,0
272,2026-03-27 12:00,LONG,C_signal,0.69,0.69,0.625,0.512,0.003,66407.28,66773.25,65548.25,1,1,1
273,2026-03-28 12:00,SHORT,F_min,0.353,0.353,0.369,0.373,0.003,66377.03,67288.94,66240.87,0,0,0
274,2026-03-29 12:00,LONG,E_weak,0.41,0.41,0.181,0.241,0.004,66010.93,66875.24,65000.0,1,1,1
275,2026-03-31 00:00,SHORT,F_min,0.382,0.382,0.294,0.296,0.004,66685.69,68408.37,65998.05,0,0,0
276,2026-04-02 12:00,LONG,D_watch,0.581,0.581,0.437,0.395,0.004,66901.99,67430.99,65712.12,1,1,1
277,2026-04-05 00:00,LONG,F_min,0.375,0.375,0.239,0.24,0.004,66999.0,67307.28,66611.66,1,1,1
278,2026-04-07 12:00,LONG,A_sniper,0.838,0.838,0.607,0.704,0.134,71924.22,72761.0,67732.01,1,1,1
279,2026-04-08 12:00,SHORT,D_watch,0.5,0.5,0.553,0.475,0.003,71069.93,72857.0,70707.23,0,0,0
280,2026-04-09 00:00,LONG,E_weak,0.435,0.435,0.333,0.281,0.004,71150.17,71575.0,70466.0,1,1,1
281,2026-04-11 12:00,SHORT,D_watch,0.506,0.506,0.303,0.336,0.003,73043.16,73790.0,72513.09,1,1,0
282,2026-04-14 12:00,SHORT,C_signal,0.687,0.687,0.771,0.661,0.003,74131.55,76038.0,73795.47,1,0,0
283,2026-04-15 00:00,LONG,F_min,0.381,0.381,0.375,0.295,0.003,74201.78,74786.72,73514.0,1,1,1
284,2026-04-16 12:00,LONG,D_watch,0.564,0.564,0.472,0.379,0.21,75154.29,75534.76,73309.85,1,1,1
285,2026-04-17 00:00,SHORT,F_min,0.363,0.363,0.199,0.062,0.004,75589.7,76370.25,74529.4,0,0,0
286,2026-04-17 12:00,SHORT,D_watch,0.521,0.521,0.378,0.349,0.003,77072.0,78333.0,75531.97,1,1,1
287,2026-04-19 00:00,LONG,D_watch,0.534,0.534,0.498,0.358,0.003,75604.11,75847.42,74867.72,0,0,0
288,2026-04-20 00:00,LONG,C_signal,0.627,0.627,0.537,0.576,0.003,75192.71,75572.0,73724.31,1,1,1
289,2026-04-22 12:00,SHORT,D_watch,0.506,0.506,0.542,0.667,0.003,78178.23,79472.82,78114.04,1,1,1
290,2026-04-23 12:00,LONG,D_watch,0.59,0.59,0.527,0.48,0.004,78257.48,78662.5,76960.0,1,0,0
291,2026-04-25 12:00,LONG,C_signal,0.642,0.642,0.601,0.523,0.003,77625.0,77752.54,77140.23,1,0,0
292,2026-04-27 00:00,SHORT,D_watch,0.562,0.562,0.544,0.479,0.003,77844.26,79485.66,77465.05,1,1,1
293,2026-04-27 12:00,LONG,E_weak,0.427,0.427,0.301,0.431,0.004,77371.32,78265.34,76459.64,0,0,0
294,2026-04-28 12:00,LONG,D_watch,0.507,0.507,0.545,0.434,0.003,76342.77,76481.3,75666.6,0,0,0
295,2026-04-29 12:00,LONG,B_strong,0.733,0.733,0.543,0.638,0.004,75780.0,77596.39,74937.52,1,1,1
296,2026-05-03 12:00,SHORT,D_watch,0.574,0.574,0.536,0.497,0.004,78568.57,79447.0,78484.42,0,0,0
297,2026-05-04 00:00,SHORT,D_watch,0.579,0.579,0.886,0.872,0.005,78793.67,80635.51,78202.0,0,0,0
298,2026-05-08 00:00,LONG,D_watch,0.552,0.552,0.448,0.515,0.003,80231.22,80340.94,79181.48,1,1,0
299,2026-05-12 12:00,LONG,D_watch,0.55,0.55,0.461,0.503,0.003,80504.47,80999.0,79843.59,0,0,0
300,2026-05-13 12:00,LONG,E_weak,0.463,0.463,0.465,0.471,0.004,79313.61,80592.65,78754.65,1,0,0
301,2026-05-15 12:00,LONG,C_signal,0.675,0.675,0.59,0.665,0.004,79113.21,80635.44,78659.0,0,0,0
302,2026-05-18 00:00,LONG,D_watch,0.577,0.577,0.594,0.668,0.003,77285.83,77477.99,76583.33,0,0,0
303,2026-05-18 12:00,LONG,B_strong,0.765,0.765,0.703,0.649,0.004,77001.87,77800.0,76051.0,0,0,0
304,2026-05-21 00:00,SHORT,E_weak,0.462,0.462,0.605,0.623,0.003,77189.1,78200.0,77147.15,1,1,1
305,2026-05-21 12:00,LONG,E_weak,0.475,0.475,0.404,0.304,0.002,77615.52,78098.16,76719.47,0,0,0
